time,car,lap,x,y,heading,speed,throttle,brake,steering,lap_distance,collision
0.016666666666666666,Blue,0,1059.9978010601608,326.0687148249185,181.83289401681117,4.125,1.0,0.0,1.0,2143.976026608392,False
0.016666666666666666,Gold,0,1099.9978010601608,326.0687148249185,181.83289401681117,4.125,1.0,0.0,1.0,2153.683655720491,False
0.03333333333333333,Blue,0,1059.9932930366997,326.2054529715307,181.93556324114152,8.208746241178664,1.0,0.0,1.0,2144.1060837742116,False
0.03333333333333333,Gold,0,1099.9932930366997,326.2054529715307,181.93556324114152,8.208746241178664,1.0,0.0,1.0,2153.81606578339,False
0.05,Blue,0,1059.9862203440448,326.40952419974144,182.1389769815946,12.25162523885853,1.0,0.0,1.0,2144.300087997319,False
0.05,Gold,0,1099.9862203440448,326.40952419974144,182.1389769815946,12.25162523885853,1.0,0.0,1.0,2154.013601953461,False
0.06666666666666667,Blue,0,1059.9761711478461,326.680237253719,182.44124701468232,16.25397053575125,1.0,0.0,1.0,2144.5572606000264,False
0.06666666666666667,Gold,0,1099.9761711478461,326.680237253719,182.44124701468232,16.25397053575125,1.0,0.0,1.0,2154.275499407116,False
0.08333333333333333,Blue,0,1059.962568642371,327.0168964604413,182.84051971848208,20.21603370233426,1.0,0.0,1.0,2144.8767726598226,False
0.08333333333333333,Gold,0,1099.962568642371,327.0168964604413,182.84051971848208,20.21603370233426,1.0,0.0,1.0,2154.60095278209,False
0.09999999999999999,Blue,0,1059.9446642530195,327.4187970949495,183.3349735605408,24.13795504665466,1.0,0.0,1.0,2145.257738662966,False
0.09999999999999999,Gold,0,1099.9446642530195,327.4187970949495,183.3349735605408,24.13795504665466,1.0,0.0,1.0,2154.989110163047,False
0.11666666666666665,Blue,0,1059.921532640292,327.8852194494696,183.92281598472945,28.019735607109936,1.0,0.0,1.0,2145.6992094157044,False
0.11666666666666665,Gold,0,1099.921532640292,327.8852194494696,183.92281598472945,28.019735607109936,1.0,0.0,1.0,2155.4390661983075,False
0.13333333333333333,Blue,0,1059.8920684155826,328.415421585059,184.60227976106367,31.86121156573459,1.0,0.0,1.0,2146.200164167622,False
0.13333333333333333,Gold,0,1099.8920684155826,328.415421585059,184.60227976106367,31.86121156573459,1.0,0.0,1.0,2155.9498543072023,False
0.15,Blue,0,1059.8549845106709,329.00863078093056,185.37161888585607,35.662031880592366,1.0,0.0,1.0,2146.759501945466,False
0.15,Gold,0,1099.8549845106709,329.00863078093056,185.37161888585607,35.662031880592366,1.0,0.0,1.0,2156.5204379800593,False
0.16666666666666666,Blue,0,1059.8088121709652,329.66403372925606,186.22910413328555,39.42163967492369,1.0,0.0,1.0,2147.3760321350023,False
0.16666666666666666,Gold,0,1099.8088121709652,329.66403372925606,186.22910413328555,39.42163967492369,1.0,0.0,1.0,2157.149701210892,False
0.18333333333333332,Blue,0,1059.7519025668046,330.3807655529997,187.17301836601598,43.139257721541,1.0,0.0,1.0,2148.0484643837876,False
0.18333333333333332,Gold,0,1099.7519025668046,330.3807655529997,187.17301836601598,43.139257721541,1.0,0.0,1.0,2157.39114587309,False
0.19999999999999998,Blue,0,1059.682430036987,331.1578977518971,188.201651713784,46.8138782100417,1.0,0.0,1.0,2149.7949531497,False
0.19999999999999998,Gold,0,1099.682430036987,331.1578977518971,188.201651713784,46.8138782100417,1.0,0.0,1.0,2157.39114587309,False
0.21666666666666665,Blue,0,1059.5985162149107,331.99444877115076,189.25791834645406,50.44494914715667,1.0,0.0,0.9501833955238155,2150.592653833491,False
0.21666666666666665,Gold,0,1099.5983969937843,331.9944252075724,189.31329672636366,50.444256870475876,1.0,0.0,1.0,2157.994801482977,False
0.2333333333333333,Blue,0,1059.4982822783966,332.8893902324656,190.31979622243986,54.032225757913416,1.0,0.0,0.8901185439190087,2151.4437354648603,False
0.2333333333333333,Gold,0,1099.4976405287584,332.8892524032758,190.50624360211089,54.02891144094641,1.0,0.0,1.0,2158.8623786169396,False
0.24999999999999997,Blue,0,1059.3798783065938,333.84165254363097,191.37601112432625,57.57571393649224,1.0,0.0,0.8299627106800926,2152.3467483020854,False
0.24999999999999997,Gold,0,1099.3778407634977,333.8411790369161,191.77877558621952,57.566124400772146,1.0,0.0,1.0,2159.7833186515163,False
0.26666666666666666,Blue,0,1059.2415101881656,334.85013266481036,192.4164886905514,61.07569408235079,1.0,0.0,0.7703821869769101,2153.3002222286605,False
0.26666666666666666,Gold,0,1099.2365309888505,334.8488852278806,193.12916462449263,61.05394983936943,1.0,0.0,1.0,2160.755927706822,False
0.2833333333333333,Blue,0,1059.0811515580695,335.91361144360013,193.56270688921487,64.53004890326024,1.0,0.0,0.8032502597402598,2154.3025228449033,False
0.2833333333333333,Gold,0,1099.0711096303037,335.910916538333,194.55566734928968,64.49022428927428,1.0,0.0,1.0,2161.778357685072,False
0.3,Blue,0,1058.896900696865,337.03084746478504,194.67182312375306,67.93962720530314,1.0,0.0,0.7385678212976572,2155.3520214051896,False
0.3,Gold,0,1098.8788540659193,337.02566904788597,196.0565214646765,67.87258131623413,1.0,0.0,1.0,2162.8485937219866,False
0.31666666666666665,Blue,0,1058.6869983732547,338.20059109189776,195.73694451369457,71.30563020589712,1.0,0.0,0.6763305148482317,2156.447112435123,False
0.31666666666666665,Gold,0,1098.656936306879,338.19137473626404,197.6299425879075,71.19846962751241,1.0,0.0,1.0,2163.964442237285,False
0.3333333333333333,Blue,0,1058.4498410647698,339.42159845634365,196.75269013191954,74.62954684839198,1.0,0.0,0.616931122619814,2158.811477232326,False
0.3333333333333333,Gold,0,1098.4024405295077,339.4060874412478,199.2741215943819,74.46517442976737,1.0,0.0,1.0,2165.123519846419,False
0.35,Blue,0,1058.1839897134855,340.69264473635747,197.7151107730756,77.91308049936121,1.0,0.0,0.5606702523589746,2160.024379062347,False
0.35,Gold,0,1098.1123824220806,340.66766966820103,200.9872225032639,77.66984173908548,1.0,0.0,1.0,2165.8430904699517,False
0.36666666666666664,Blue,0,1057.8881743327956,342.01253619329754,198.62157985596644,81.15807237238916,1.0,0.0,0.5077616073047437,2161.2807641706695,False
0.36666666666666664,Gold,0,1097.7837302803541,341.9737805322133,202.76738093113994,80.80950531755875,1.0,0.0,1.0,2166.367667513672,False
0.3833333333333333,Blue,0,1057.5612948928206,343.3801205750859,199.47066390344386,84.36642670235564,1.0,0.0,0.45833899043526216,2162.5793206336093,False
0.3833333333333333,Gold,0,1097.413698234007,343.3220257564979,204.50450518499616,83.88611351390777,1.0,0.0,0.9413663660030096,2167.674342257747,False
0.39999999999999997,Blue,0,1057.2024189790302,344.79429564077856,200.26198044340032,87.54004190387523,1.0,0.0,0.41246451810853557,2163.9188124529696,False
0.39999999999999997,Gold,0,1097.0033762278235,344.71220822888284,204.763753792625,86.9683691868738,1.0,0.0,0.13582719356035966,2169.0189086557084,False
0.41666666666666663,Blue,0,1056.8107767473296,346.2540156944692,200.996050270643,90.6807508905442,1.0,0.0,0.3701375577901942,2166.709608553332,False
0.41666666666666663,Gold,0,1096.5537808767942,346.14411616286634,205.0102598027344,90.0499123811874,1.0,0.0,0.12502742213407458,2170.4012531214494,False
0.4333333333333333,Blue,0,1056.3857536969329,347.7582961329241,201.6741499297159,93.79027258298873,1.0,0.0,0.3313039624945304,2168.166343870593,False
0.4333333333333333,Gold,0,1096.0654143632669,347.61726374192915,205.41148877738428,93.11925852604489,1.0,0.0,0.19725689796258905,2171.820940094428,False
0.44999999999999996,Blue,0,1055.9268817578675,349.3062161050181,202.29816913401618,96.87017553039273,1.0,0.0,0.2958652429231492,2169.6632813510937,False
0.44999999999999996,Gold,0,1095.538787907394,349.13119002966044,205.78322930109357,96.17437092777465,1.0,0.0,0.17738104653239262,2173.2775596445367,False
0.4666666666666666,Blue,0,1055.4338291503002,350.8969194507312,202.87047671371872,99.92185360776163,1.0,0.0,0.2636873902248347,2171.1995370279155,False
0.4666666666666666,Gold,0,1094.974423594686,350.6854589069429,206.12651631892084,99.21356637703555,1.0,0.0,0.15917939969371986,2174.2472903017506,False
0.4833333333333333,Blue,0,1054.9057651187882,352.52928894857956,203.60574058108563,102.93946996160447,1.0,0.0,0.3296249159181919,2172.773919347128,False
0.4833333333333333,Gold,0,1094.372855148906,352.27965851834875,206.44258623212863,102.23543996810915,1.0,0.0,0.14258717039719926,2175.3707753811573,False
0.49999999999999994,Blue,0,1054.3420776447217,354.20230648759787,204.27169036085968,105.92559896180119,1.0,0.0,0.290852089933189,2176.0120720668006,False
0.49999999999999994,Gold,0,1093.7346278355283,353.91340029741525,206.7328288641071,105.23880793296303,1.0,0.0,0.12752763912966003,2176.983267844354,False
0.5166666666666666,Blue,0,1053.7423496083447,355.9150506945256,204.87334667099614,108.88250166823093,1.0,0.0,0.2562859152292951,2177.704757920435,False
0.5166666666666666,Gold,0,1093.060297670391,355.58631764682366,206.9987425668296,108.22266429189581,1.0,0.0,0.11391519339219514,2178.633761099668,False
0.5333333333333333,Blue,0,1053.1063358871702,357.66669255778123,205.41579431057295,111.81209958799177,1.0,0.0,0.2255961795585577,2179.4351609465266,False
0.5333333333333333,Gold,0,1092.3498194858637,357.2976990906685,207.44524276756812,111.17994652495894,1.0,0.0,0.1866757918443014,2180.3215425905446,False
0.55,Blue,0,1052.4332105692115,359.4560665445384,206.1403838613765,114.70765035243481,1.0,0.0,0.2944972468503906,2181.202089792131,False
0.55,Gold,0,1091.6032648834662,359.0469090357749,207.84538720623266,114.11172219851757,1.0,0.0,0.16343092631419864,2182.045979339146,False
0.5666666666666668,Blue,0,1051.722416669657,361.2821464376401,206.7856652426664,117.57238058780568,1.0,0.0,0.25654771604743587,2.185937054899239,False
0.5666666666666668,Gold,0,1090.8208061781322,360.83338089854925,208.2034106753488,117.01881913322678,1.0,0.0,0.14298043168891184,0.4868555743515983,False
0.5833333333333335,Blue,0,1050.973627443433,363.14403554619577,207.35961154728983,120.40904819954804,1.0,0.0,0.2234085586297745,4.070823259595012,False
0.5833333333333335,Gold,0,1090.0027015023481,362.65660998564823,208.52336416671648,119.90185333221486,1.0,0.0,0.12504616929103562,2.3353185630149396,False
0.6000000000000002,Blue,0,1050.1867170285288,365.04095873367345,207.86800546950283,123.21998250685799,1.0,0.0,0.19456547296503857,5.991944908651741,False
0.6000000000000002,Gold,0,1089.1492811202468,364.5161463687509,208.8090766342034,122.76125965143841,1.0,0.0,0.10936518402336759,4.221199829521614,False
0.6166666666666669,Blue,0,1049.3609420604882,366.97174897545517,208.56226379997986,125.99793220591935,1.0,0.0,0.2666188384285988,9.887172550274835,False
0.6166666666666669,Gold,0,1088.2602207905913,366.4111369061378,209.2858737625513,125.59101346669082,1.0,0.0,0.18300270782967587,6.14365703937107,False
0.6333333333333336,Blue,0,1048.4958927653427,368.9354374914628,209.1610540727571,128.74695466439383,1.0,0.0,0.23074710563429335,11.924593140511266,False
0.6333333333333336,Gold,0,1087.3354160787476,368.3408667336191,209.69568090778753,128.39328434007177,1.0,0.0,0.15784186758565255,8.101979034422751,False
0.6500000000000004,Blue,0,1047.5914225396605,370.9312236185252,209.68005420388377,131.47023676419738,1.0,0.0,0.20068287475702107,13.997734441521207,False
0.6500000000000004,Gold,0,1086.3749353112655,370.30473582612535,210.04961357879066,131.1697313481079,1.0,0.0,0.13679576096632218,9.664844413611466,False
0.6666666666666671,Blue,0,1046.6475911799596,372.95844740635084,210.1322196811978,134.17016850750196,1.0,0.0,0.17543356796831944,18.161334214860723,False
0.6666666666666671,Gold,0,1085.3789815851778,372.30223858138953,210.356818974278,133.92157367080677,1.0,0.0,0.1191465328180783,11.748444000332073,False
0.6833333333333338,Blue,0,1045.6646190737486,375.01656532102396,210.52827185833593,136.8484586841749,1.0,0.0,0.15418157181239422,20.34915269624398,False
0.6833333333333338,Gold,0,1084.3478620664227,374.332946286561,210.62484034889243,136.64967063583575,1.0,0.0,0.10430723172376233,13.86845959710995,False
0.7000000000000005,Blue,0,1044.6428502181664,377.1051290950503,210.8770967327386,139.50626092289218,1.0,0.0,0.13625279991212835,22.57317710139663,False
0.7000000000000005,Gold,0,1083.2819631775933,376.396492226195,210.85991105247814,139.3545988845588,1.0,0.0,0.09179692167226605,16.024489211899837,False
0.7166666666666672,Blue,0,1043.5818544683618,379.2231587591634,211.44063737705778,142.13494257570434,1.0,0.0,0.22085887733463494,26.984222888165515,False
0.7166666666666672,Gold,0,1082.1817305592392,378.4925591472205,211.0671925255429,142.0367208396003,1.0,0.0,0.0812207765774744,17.998003932802607,False
0.733333333333334,Blue,0,1042.481461698077,381.36985128566386,211.9319114011224,144.73752446418524,1.0,0.0,0.1931763376571176,29.32016689311562,False
0.733333333333334,Gold,0,1081.0476529105645,380.62086878873095,211.2509674398852,144.6962423704625,1.0,0.0,0.07225409144011508,20.27905912122859,False
0.7500000000000007,Blue,0,1041.3417061292253,383.5445513412668,212.36247301364315,147.31635048033823,1.0,0.0,0.16986205121381204,31.69207915519402,False
0.7500000000000007,Gold,0,1079.8802489893078,382.7811731964411,211.4147968037871,147.3332595771078,1.0,0.0,0.064629391668511,22.596983224144132,False
0.7666666666666674,Blue,0,1040.1619085376265,385.7460765245954,212.99307684392707,149.86356383023775,1.0,0.0,0.2495974801949572,36.322207205941616,False
0.7666666666666674,Gold,0,1078.679208755199,384.97267395627534,211.7979968444988,149.9420675043787,1.0,0.0,0.1516765639396347,24.95103700537605,False
0.7833333333333341,Blue,0,1038.9417069888063,387.97346474613107,213.54292476716105,152.38287434302808,1.0,0.0,0.21834128768995598,38.80150054562698,False
0.7833333333333341,Gold,0,1077.4444160225935,387.1947028455592,212.13122082841372,152.52426599825674,1.0,0.0,0.13233449032003008,27.32461640929703,False
0.8000000000000008,Blue,0,1037.680133437369,390.2252672539174,214.27011333777685,154.86722214571873,1.0,0.0,0.28969372075673405,43.55122523440344,False
0.8000000000000008,Gold,0,1076.175907920443,389.4466994216452,212.42249780910396,155.08115611552375,1.0,0.0,0.11605846921439422,29.800213522256062,False
0.8166666666666675,Blue,0,1036.3766108238783,392.5003113648662,214.90349084227512,157.32129187849776,1.0,0.0,0.25312698439322645,46.13183158319067,False
0.8166666666666675,Gold,0,1074.8729769871213,391.7275794446135,212.9140948782958,157.60759406278257,1.0,0.0,0.1965189624807664,32.31154856218805,False
0.8333333333333343,Blue,0,1035.0308706168955,394.7976580395096,215.45796372654303,159.7490106807156,1.0,0.0,0.22229381232560286,48.74761820597375,False
0.8333333333333343,Gold,0,1073.5351995508404,394.03644763221473,213.34076128743047,160.1058237424918,1.0,0.0,0.17111803038081064,34.97747062719545,False
0.850000000000001,Blue,0,1033.6428865797354,397.1165636761164,215.945931487981,162.15351658238416,1.0,0.0,0.19624517716026801,53.65477787576861,False
0.850000000000001,Gold,0,1072.1623776290783,396.3725669168357,213.7129584751842,162.5777845434442,1.0,0.0,0.14975499345046472,37.60374079089604,False
0.8666666666666677,Blue,0,1032.212821484342,399.45644642295645,216.3777233578639,164.5372140449738,1.0,0.0,0.1741944556770001,56.36700614508948,False
0.8666666666666677,Gold,0,1070.7544919115064,398.7353315376979,214.03935085643937,165.02507642908753,1.0,0.0,0.13174643575375455,40.265377029834205,False
0.8833333333333344,Blue,0,1030.7401178322546,401.816105269616,217.00617264636264,166.89111812845394,1.0,0.0,0.25431652360941825,61.34393719562074,False
0.8833333333333344,Gold,0,1069.3107792889577,401.1235732634559,214.56280173879685,167.44198051196315,1.0,0.0,0.2119609989335558,43.199196035648555,False
0.9000000000000011,Blue,0,1029.2245237532875,404.19458792588773,217.558722269492,169.2192027229379,1.0,0.0,0.22428869885493796,64.14698894522871,False
0.9000000000000011,Gold,0,1067.8307818598075,403.5363393708093,215.0189963642172,169.8310856254095,1.0,0.0,0.18530985664560973,45.96877298580333,False
0.9166666666666679,Blue,0,1027.6660271893154,406.5911497098679,218.0471552050398,171.5246679858312,1.0,0.0,0.19886677551708942,66.9851838642649,False
0.9166666666666679,Gold,0,1066.3142841055899,405.9728575805171,215.4186370471199,172.19463153427864,1.0,0.0,0.16284517468849913,48.77297643335327,False
0.9333333333333346,Blue,0,1026.0639540294544,409.00443164069196,218.72007529837245,173.7988639602655,1.0,0.0,0.2748103657106853,72.06206565633875,False
0.9333333333333346,Gold,0,1064.7612621368503,408.4325053584158,215.7706077612697,174.53446632730171,1.0,0.0,0.14386602559940798,51.94633773401967,False
0.9500000000000013,Blue,0,1024.4179673753692,411.43336181488917,219.31250566495132,176.04631743830092,1.0,0.0,0.24266399621659218,74.98565232940777,False
0.9500000000000013,Gold,0,1063.1718426210648,410.91478338620084,216.08229821249256,176.85205957461645,1.0,0.0,0.12779455376004734,54.851812291535886,False
0.966666666666668,Blue,0,1022.7279949306048,413.87710855038034,219.83686144322928,178.27074324361914,1.0,0.0,0.21541754364398003,80.08886882403344,False
0.966666666666668,Gold,0,1061.5462695077006,413.41929286494707,216.35986769130747,179.14854292926927,1.0,0.0,0.11415345225343998,57.79185196486451,False
0.9833333333333347,Blue,0,1020.9941707509329,416.3350391460175,220.30352520124478,180.47506408460893,1.0,0.0,0.19228111970723205,83.09283756971115,False
0.9833333333333347,Gold,0,1059.8839527482437,415.9449522897264,216.8478343185697,181.4169483248246,1.0,0.0,0.20129262950445082,61.1753989606557,False
1.0000000000000013,Blue,0,1019.2159548069126,418.80584648991373,220.95588476749427,182.64990322250338,1.0,0.0,0.2695810324330665,86.13139152243295,False
1.0000000000000013,Gold,0,1058.1845727560058,418.4908911686161,217.27706445004864,183.65976608668888,1.0,0.0,0.17759722462394123,64.20978457898153,False
1.016666666666668,Blue,0,1017.393118438062,421.28851368694006,221.5332234083133,184.79969648152215,1.0,0.0,0.23927058841043802,91.2870487305152,False
1.016666666666668,Gold,0,1056.4480242167433,421.0564146295158,217.65669840755203,185.87910384846504,1.0,0.0,0.15754636083565288,67.27813642154418,False
1.0333333333333345,Blue,0,1015.5256765140115,423.78226558372745,222.04695526331489,186.92805114470073,1.0,0.0,0.2135210501627185,94.4011584476941,False
1.0333333333333345,Gold,0,1054.6734574495465,423.64017342776845,218.22989605528812,188.06814791354833,1.0,0.0,0.2385807050638462,70.84076535147673,False
1.0500000000000012,Blue,0,1013.6130297801014,426.28566286263646,222.7346727774503,189.0258598002642,1.0,0.0,0.2866493111167081,99.55157134388824,False
1.0500000000000012,Gold,0,1052.8603587695018,426.24108723680956,218.73408459539496,190.23008720049035,1.0,0.0,0.21047361394423802,73.9960840644358,False
1.0666666666666678,Blue,0,1011.6549097760446,428.7975913233841,223.34424706895072,191.0980553326617,1.0,0.0,0.25479434491401065,102.73653785007582,False
1.0666666666666678,Gold,0,1051.0084807751355,428.8583008632196,219.17998292971083,192.36770357891,1.0,0.0,0.1866819004674447,77.18458213557658,False
1.0833333333333344,Blue,0,1009.6505451307283,431.3163420151777,224.10666419454265,193.13647414120595,1.0,0.0,0.3195704193850304,107.87242016545372,False
1.0833333333333344,Gold,0,1049.1177861717686,431.49114596215503,219.576531466562,194.48330990982586,1.0,0.0,0.16649983609919872,80.8964458010592,False
1.100000000000001,Blue,0,1007.5995454916965,433.840591557139,224.78173790964905,195.14703935710256,1.0,0.0,0.28373929310897594,111.1238542691409,False
1.100000000000001,Gold,0,1047.1884024107108,434.1391079564167,219.93120322829157,196.5787575343678,1.0,0.0,0.14934333406412748,84.16549719374883,False
1.1166666666666676,Blue,0,1005.5018178288817,436.3693395236037,225.3826227015266,197.134724112358,1.0,0.0,0.2532449285177485,114.4090718150893,False
1.1166666666666676,Gold,0,1045.2196698884438,436.8009231554798,220.485550912769,198.64592730156957,1.0,0.0,0.23408571826327318,87.95820339007503,False
1.1333333333333342,Blue,0,1003.3574997827614,438.9018533497416,225.92037159243674,199.1035262997345,1.0,0.0,0.2272479910371672,119.5531254102225,False
1.1333333333333342,Gold,0,1043.2112308263474,439.4755946686794,220.97689222998255,200.68807291623938,1.0,0.0,0.20806364976193592,91.30141360600646,False
1.1500000000000008,Blue,0,1001.1669064709374,441.4376204929648,226.4042868805642,201.05653589189762,1.0,0.0,0.20504673268610674,122.90153803379651,False
1.1500000000000008,Gold,0,1041.1629657370218,442.16234777239447,221.41484384972867,202.70795647754466,1.0,0.0,0.18597215104422204,94.67742464595989,False
1.1666666666666674,Blue,0,998.9297586915276,443.9753827165595,227.05740271980406,202.9833546021012,1.0,0.0,0.27747921979793233,128.01752919161885,False
1.1666666666666674,Gold,0,1039.0740565123817,444.8596891616585,222.03690000509852,204.69756312297187,1.0,0.0,0.2648807279367418,98.57310120468607,False
1.183333333333334,Blue,0,996.6460475114342,446.5142023315652,227.6414302643643,204.88872699550032,1.0,0.0,0.24878135633449716,131.42601058509157,False
1.183333333333334,Gold,0,1036.9440321293341,447.5664449906367,222.58860423016537,206.66086122995037,1.0,0.0,0.23556531463682262,102.01739846470521,False
1.2000000000000006,Blue,0,994.315972952717,449.0534065653368,228.1665502982175,206.77644963569887,1.0,0.0,0.22427330201551143,134.86780848709574,False
1.2000000000000006,Gold,0,1034.771854529603,450.2808032332844,223.3015118992513,208.59037921038478,1.0,0.0,0.30521797035597587,105.4935838697524,False
1.2166666666666672,Blue,0,991.9392073217343,451.5916059306296,228.8486447993816,208.63675413822557,1.0,0.0,0.29207235235314855,139.97775952636457,False
1.2166666666666672,Gold,0,1032.556897606339,453.00134153000937,223.9329699668895,210.49110685514347,1.0,0.0,0.2710666173784837,109.47046738173091,False
1.2333333333333338,Blue,0,989.5157064973776,454.1277649715455,229.45918909206733,210.47482541937904,1.0,0.0,0.26210571256038406,143.4768334382004,False
1.2333333333333338,Gold,0,1030.2988593102166,455.72696460377534,224.4953418798422,212.36743891944033,1.0,0.0,0.24204472883223005,113.0095005205622,False
1.2500000000000004,Blue,0,987.045004688954,456.66022065368657,230.20642232377287,212.2821639925509,1.0,0.0,0.3216017497614132,147.00836669784556,False
1.2500000000000004,Gold,0,1027.9976914484066,458.4568492872186,224.998983460167,214.22305685254628,1.0,0.0,0.21733135072081566,116.57979879592216,False
1.266666666666667,Blue,0,984.526960089754,459.1877257217981,230.87420119516682,214.0649193642054,1.0,0.0,0.2881257745491652,152.1073291326101,False
1.266666666666667,Gold,0,1025.653543466661,461.19039682667676,225.45258908436728,216.06092399802483,1.0,0.0,0.19624493539686227,120.62087539310596,False
1.2833333333333337,Blue,0,981.961681010263,461.7093785407032,231.47414464482935,215.82817911746096,1.0,0.0,0.2594984982009194,155.69347080782978,False
1.2833333333333337,Gold,0,1023.2667173314525,463.9271918870177,225.8634753409591,217.88334109627385,1.0,0.0,0.17821859333335865,124.25014642370282,False
1.3000000000000003,Blue,0,979.3494673722213,464.2245621469383,232.01607038111464,217.57598946078804,1.0,0.0,0.234979661072515,160.7583411998981,False
1.3000000000000003,Gold,0,1020.8368171908306,466.665979225547,226.45738346739014,219.68007375430233,1.0,0.0,0.25825902455340355,128.31766490063146,False
1.3166666666666669,Blue,0,976.6907642670369,466.7328918041857,232.50828878306177,219.3114487102724,1.0,0.0,0.21394766711100743,164.39722120846548,False
1.3166666666666669,Gold,0,1018.3637198255017,469.4058108127417,226.9902962339208,221.45517771439245,1.0,0.0,0.23231881967224055,132.00212434689786,False
1.3333333333333335,Blue,0,973.9861250281425,469.2341702154003,232.95784786873162,221.03683306343098,1.0,0.0,0.19588030796377254,168.06800646413865,False
1.3333333333333335,Gold,0,1015.8475145071368,472.1459926367197,227.4712199888637,223.21198058674534,1.0,0.0,0.21017743356647145,135.71755579466802,False
1.35,Blue,0,971.2355830856027,471.7273749962434,233.56469026091474,222.74106896754085,1.0,0.0,0.26505171769042235,173.12047473019584,False
1.35,Gold,0,1013.2876867286056,474.88504267922025,228.11935086863815,224.94089936652676,1.0,0.0,0.28395247850546923,139.82748525561348,False
1.3666666666666667,Blue,0,968.4393684925433,474.21179014877475,234.11392304110691,224.4283514220874,1.0,0.0,0.24046479123542852,176.84230838721902,False
1.3666666666666667,Gold,0,1010.6840271748346,477.62183741069657,228.70090269991604,226.6466821002402,1.0,0.0,0.2554053766277846,143.59480847904382,False
1.3833333333333333,Blue,0,965.5973079052195,476.686001652615,234.7977440618867,226.08960925242872,1.0,0.0,0.3001027260414624,180.59529691630536,False
1.3833333333333333,Gold,0,1008.035850187827,480.35457016709194,229.42727269212887,228.32085060417654,1.0,0.0,0.31977648786882185,147.39236305416344,False
1.4,Blue,0,962.709475881205,479.1489818910441,235.41437969109134,227.73019921332127,1.0,0.0,0.271253302391429,185.63538084969116,False
1.4,Gold,0,1005.3428270331418,483.08186503191007,230.07769640077976,229.96921439358323,1.0,0.0,0.28702192889983635,151.53567152727555,False
1.4166666666666665,Blue,0,959.7761365611597,481.6000219129042,235.97346904676243,229.35447743399436,1.0,0.0,0.2465109666358707,189.43758276193532,False
1.4166666666666665,Gold,0,1002.6049065405534,485.8027049889026,230.66334980148366,231.59672558801248,1.0,0.0,0.2590454578400241,155.38211937181822,False
1.4333333333333331,Blue,0,956.7971930338347,484.0377342031735,236.65869756402572,230.95359857953622,1.0,0.0,0.3028247277376792,194.44905984636398,False
1.4333333333333331,Gold,0,999.8222520860757,488.5163695364862,231.1936526993663,233.20743539478883,1.0,0.0,0.23510690758432418,159.53578946046824,False
1.4499999999999997,Blue,0,953.7727812526017,486.46112467001615,237.2778794555403,232.53300135266971,1.0,0.0,0.27425957315881533,198.29894751461612,False
1.4499999999999997,Gold,0,996.9951914186483,491.2223809984855,231.67656438129865,234.80454037183927,1.0,0.0,0.21458881949213549,163.42896745983595,False
1.4666666666666663,Blue,0,950.7032142515666,488.8695231296388,237.840415715251,234.0970930425294,1.0,0.0,0.24973059060096503,202.1791158236,False
1.4666666666666663,Gold,0,994.1241766287023,493.92045864075084,232.1188272924963,236.39047357287882,1.0,0.0,0.19697528160949673,167.3519447467454,False
1.483333333333333,Blue,0,947.5884812328038,491.26159823671344,238.52145310107005,235.637234633675,1.0,0.0,0.30301389659416955,207.18196622132788,False
1.483333333333333,Gold,0,991.2090880657197,496.60944340691094,232.72390825458876,237.95413307951637,1.0,0.0,0.2701045111409499,171.53049477697826,False
1.4999999999999996,Blue,0,944.4287856450028,493.63641331016714,239.1381658286933,237.15885441286179,1.0,0.0,0.2749996485358359,211.1083884872339,False
1.4999999999999996,Gold,0,988.2500291049839,499.28850125023473,233.27272762075805,239.49983528083658,1.0,0.0,0.24554056656554835,175.4983707507234,False
1.5166666666666662,Blue,0,941.2244927727758,495.9933559154849,239.6996355792499,238.66632883748017,1.0,0.0,0.2509133604291449,215.0642824227053,False
1.5166666666666662,Gold,0,985.2472742723411,501.9570649085249,233.77337844927962,241.0310496593854,1.0,0.0,0.22448906830996407,179.49548952075287,False
1.5333333333333328,Blue,0,937.9756775426148,498.33116915512653,240.37257829233147,240.15123592313347,1.0,0.0,0.3013817466872091,220.06106026438408,False
1.5333333333333328,Gold,0,982.2006165746184,504.6137604379318,234.42129561743275,242.5377400468428,1.0,0.0,0.2911650515181883,183.6957855476419,False
1.5499999999999994,Blue,0,934.6826089960834,500.64898787691453,240.98325778917365,241.61892037919958,1.0,0.0,0.2740826364459821,224.061922996147,False
1.5499999999999994,Gold,0,979.1100940064888,507.25758637204143,235.00868299473643,244.024841215726,1.0,0.0,0.26453952715040074,187.7360568328995,False
1.566666666666666,Blue,0,931.3457016829973,502.9462680342101,241.54039389584068,243.0736668872923,1.0,0.0,0.2505820754045658,228.09143665162216,False
1.566666666666666,Gold,0,975.9753750929738,509.886856428119,235.7223750800837,245.48377807978918,1.0,0.0,0.32211635313164777,191.80485247593558,False
1.5833333333333326,Blue,0,927.9654775460717,505.2227263017394,242.05142370179485,244.51879039199352,1.0,0.0,0.23032933614661033,233.08524674842693,False
1.5833333333333326,Gold,0,972.7964118687183,512.5003270624503,236.36771445636694,246.9204920124045,1.0,0.0,0.29188395756862917,196.02484429230168,False
1.5999999999999992,Blue,0,924.542535985481,507.4782887292688,242.52270413648301,245.95675808996597,1.0,0.0,0.212859297445533,237.1587941139435,False
1.5999999999999992,Gold,0,969.5733737798962,515.0971210145143,236.9545087020803,248.3399445625041,1.0,0.0,0.2659597822007065,200.13514421108235,False
1.6166666666666658,Blue,0,921.0771673278698,509.71213699852035,243.1121653259197,247.3780282957501,1.0,0.0,0.26679397030309815,241.26031328039028,False
1.6166666666666658,Gold,0,966.3060951666763,517.6756871115361,237.66017793108352,249.7334690249053,1.0,0.0,0.32050168879157326,204.27323010419963,False
1.6333333333333324,Blue,0,917.5697896688126,511.92376291656853,243.65179564898872,248.7865633041494,1.0,0.0,0.24474625120080162,246.25455058528803,False
1.6333333333333324,Gold,0,962.9946625491029,520.2349092255857,238.29999011416794,251.10701645945755,1.0,0.0,0.29118302910021043,208.5122380076512,False
1.649999999999999,Blue,0,914.0209148454654,514.112909591886,244.14850472066223,250.1854361073561,1.0,0.0,0.2257431017908722,250.39912359722538,False
1.649999999999999,Gold,0,959.6393541861552,522.7740298889437,238.8832896600763,252.46548404249666,1.0,0.0,0.2659981964191829,212.69046667619102,False
1.6666666666666656,Blue,0,910.4307975542656,516.2786373665533,244.7527082360594,251.5661905955016,1.0,0.0,0.2751591972627665,254.5709287058253,False
1.6666666666666656,Gold,0,956.2401462514404,525.2916318311717,239.57830252284134,253.80024200654168,1.0,0.0,0.3175744370901903,216.89572377774843,False
1.6833333333333322,Blue,0,906.7998235814166,518.4203419992546,245.30582359186025,252.93306349875596,1.0,0.0,0.25240338251676775,259.56867873973795,False
1.6833333333333322,Gold,0,952.7972377846149,527.7867233060454,240.2099868208839,255.11715082317178,1.0,0.0,0.28920446457102855,221.15413300979273,False
1.6999999999999988,Blue,0,903.1284749689357,520.5376918345031,245.81492959552324,254.28939311951314,1.0,0.0,0.2327872893281473,263.78250769408015,False
1.6999999999999988,Gold,0,949.3109957214668,530.258662218814,240.7872339376204,256.42097527457344,1.0,0.0,0.2647946134356509,225.39838269842974,False
1.7166666666666655,Blue,0,899.4170165861151,522.6297173353632,246.42291132261718,255.62742123092312,1.0,0.0,0.2785532120231977,268.77202640858053,False
1.7166666666666655,Gold,0,945.7819117735912,532.7070912325122,241.31761226371023,257.71545806680126,1.0,0.0,0.24376359564812233,229.6689853227425,False
1.733333333333332,Blue,0,895.6658381797349,524.6957947672188,246.97998954650754,256.951465081049,1.0,0.0,0.25573515313253736,273.02701345764604,False
1.733333333333332,Gold,0,942.210568539479,535.1318825456008,241.80758177433088,259.00343524426114,1.0,0.0,0.22562303994639166,233.94808357267416,False
1.7499999999999987,Blue,0,891.8754206652067,526.7355815219619,247.49319296996146,258.264944933233,1.0,0.0,0.23605494882547973,277.308298556109,False
1.7499999999999987,Gold,0,938.5976128384848,537.533091095891,242.2626726474609,260.28696670713254,1.0,0.0,0.2099622567488595,238.25702623986794,False
1.7666666666666653,Blue,0,888.0460598510225,528.748131917813,248.09803704971003,259.5606056931196,1.0,0.0,0.2787476305112193,282.30735906335804,False
1.7666666666666653,Gold,0,934.94334701312,539.9099552561462,242.84140398626514,261.55556016159125,1.0,0.0,0.26751463016247,242.546536620194,False
1.7833333333333319,Blue,0,884.1781653145822,530.7328471629692,248.65299517922855,260.8427301991929,1.0,0.0,0.25624907808208164,286.6288151451247,False
1.7833333333333319,Gold,0,931.2481984357299,542.2620144842991,243.37385399520196,262.81305187950534,1.0,0.0,0.24658617850564823,246.89307600832885,False
1.7999999999999985,Blue,0,880.2722288737097,532.689410221504,249.16492328541105,262.114712551154,1.0,0.0,0.23683085113929891,290.9757648053236,False
1.7999999999999985,Gold,0,927.5126860351294,544.5890516539586,243.86643838138343,264.0624122863018,1.0,0.0,0.22855158887756133,251.26536672522468,False
1.816666666666665,Blue,0,876.3285839102982,534.6169295152574,249.76224513359412,263.3696991129287,1.0,0.0,0.27685981605013765,295.98712859147906,False
1.816666666666665,Gold,0,923.7370495187293,546.89011766762,244.46975486486159,265.2945707162561,1.0,0.0,0.2804521392217296,255.5784743355233,False
1.8333333333333317,Blue,0,872.3476643387345,536.5148556635255,250.31116637478516,264.6118657172057,1.0,0.0,0.254902637302326,300.3732917254524,False
1.8333333333333317,Gold,0,919.9216637198778,549.1646019676891,245.0242393956717,266.51381099527055,1.0,0.0,0.25822797736834247,259.98754878905186,False
1.8499999999999983,Blue,0,868.329975769595,538.382916792326,250.81830467826626,265.84451423775033,1.0,0.0,0.2359373352338352,304.7841419669294,False
1.8499999999999983,Gold,0,916.0670028604154,551.4121689798459,245.53667212331084,267.723521820896,1.0,0.0,0.23908045569290337,264.4216740434061,False
1.866666666666665,Blue,0,864.27588819355,540.2202909098288,251.40534710435693,267.0611371931184,1.0,0.0,0.27361570145533065,309.81047303150547,False
1.866666666666665,Gold,0,912.1733105933561,553.6318115699892,246.14961995906455,268.915506646102,1.0,0.0,0.28649650130784465,268.7595221950056,False
1.8833333333333315,Blue,0,860.1858583763318,542.0264900100145,251.94572076553592,268.26575767862073,1.0,0.0,0.2523236765971788,314.2596121242795,False
1.8833333333333315,Gold,0,908.2409620350846,555.8228776959328,246.71315286083745,270.09422323920637,1.0,0.0,0.26387213012086974,273.22959339579916,False
1.8999999999999981,Blue,0,856.0604038986626,543.8012964099834,252.4457736705106,269.4615457850896,1.0,0.0,0.23391910923916726,318.7326370342776,False
1.8999999999999981,Gold,0,904.2704285230299,557.9850040193533,247.23411137018883,271.2632223350569,1.0,0.0,0.24437036088552588,277.72398052686646,False
1.9166666666666647,Blue,0,851.8999266450285,545.5439638514912,253.0208607849632,270.64230793228614,1.0,0.0,0.2695038326960493,323.77647682894366,False
1.9166666666666647,Gold,0,900.2619884665587,560.1172013239863,247.84717150472792,272.4149139014654,1.0,0.0,0.28808099998171244,282.08773586956306,False
1.9333333333333313,Blue,0,847.7049018951918,547.2540698153578,253.55112170056677,271.81188755059645,1.0,0.0,0.24893963598252355,328.28689878249617,False
1.9333333333333313,Gold,0,896.2160408438571,562.2188391055772,248.41138763687232,273.55376932215904,1.0,0.0,0.2655908847708446,286.61724338588664,False
1.949999999999998,Blue,0,843.4758552319486,548.931453257097,254.04262380707428,272.9733012692538,1.0,0.0,0.23115163906450675,332.82041641012955,False
1.949999999999998,Gold,0,892.1330719999482,564.289578284373,248.93348691949376,274.68335074581427,1.0,0.0,0.24618963179029763,291.170311071152,False
1.9666666666666646,Blue,0,839.2133449070066,550.5761618588084,254.50060233106095,274.1288353260408,1.0,0.0,0.21576443234634013,337.88422668050737,False
1.9666666666666646,Gold,0,888.0134055561405,566.3284902934923,249.54055586176946,275.7965366733235,1.0,0.0,0.2867469796483988,295.5611826957592,False
1.9833333333333312,Blue,0,834.917948395223,552.1884074584044,254.92958825328276,275.28015082946126,1.0,0.0,0.2024596120276705,342.45448017523285,False
1.9833333333333312,Gold,0,883.8574715280283,568.3350009363091,250.10001460775666,276.8977092370536,1.0,0.0,0.2647058430326936,300.1485720165199,False
1.9999999999999978,Blue,0,830.5902521722808,553.7685284700315,255.33351706845855,276.42838717112915,1.0,0.0,0.19096745649184754,347.0472517337912,False
1.9999999999999978,Gold,0,879.665775938777,570.3088234373457,250.61838115335192,277.9903484705409,1.0,0.0,0.24567464964289698,304.75875620148827,False
2.0166666666666644,Blue,0,826.2307240482627,555.316233232496,255.81967411996976,277.5664817392342,1.0,0.0,0.2302446668331335,352.13351318823544,False
2.0166666666666644,Gold,0,875.4386871007636,572.2491117790394,251.21555706359607,279.06772657570275,1.0,0.0,0.28349744371452346,309.1779726270889,False
2.033333333333331,Blue,0,821.8398642855392,556.8314482054619,256.27340435271975,278.69677632282696,1.0,0.0,0.21526022017186364,356.7623841820145,False
2.033333333333331,Gold,0,871.1766645727653,574.1553651861033,251.76672079937816,280.13406985225174,1.0,0.0,0.2620849399269076,313.82171151286207,False
2.0499999999999976,Blue,0,817.4181927764441,558.3142722922428,256.6991677868901,279.821025557498,1.0,0.0,0.20234087702055348,361.4131317622157,False
2.0499999999999976,Gold,0,866.8802318944005,576.0273623040589,252.27813223183531,281.1927187707324,1.0,0.0,0.24357923819256655,318.48748032052333,False
2.066666666666664,Blue,0,812.9661401636262,559.7642427901629,257.19911619108984,280.933217836011,1.0,0.0,0.23800546933566125,366.5237072944591,False
2.066666666666664,Gold,0,862.5497961366084,577.8643484576178,252.86297611017594,282.23729578252494,1.0,0.0,0.2790064362716045,322.9362533767449,False
2.083333333333331,Blue,0,808.4841726698166,561.1811428267282,257.6652245957512,282.03598703899985,1.0,0.0,0.22227387798955434,371.209769014623,False
2.083333333333331,Gold,0,858.1858407852841,579.6659023682832,253.40358654311328,283.2718307297606,1.0,0.0,0.25831813245564916,327.6348425866973,False
2.0999999999999974,Blue,0,803.9727786323435,562.564951482152,258.10217178312485,283.1313638617693,1.0,0.0,0.20872052639878547,375.91703465469453,False
2.0999999999999974,Gold,0,853.7889016270155,581.431871949728,253.90594447872306,284.29949188623743,1.0,0.0,0.2404220752914732,332.3547055509923,False
2.116666666666664,Blue,0,799.4323792732193,563.9151342552624,258.60711419875923,284.2139889240164,1.0,0.0,0.24160676736002173,381.05337610463357,False
2.116666666666664,Gold,0,849.3595483344102,583.1623199534878,254.37520789689512,285.3226860660539,1.0,0.0,0.2249390618920586,336.8342612725363,False
2.1333333333333306,Blue,0,794.8634288914477,565.2314143961163,259.0779888951088,285.2865990562322,1.0,0.0,0.22568168894846607,385.79510554263373,False
2.1333333333333306,Gold,0,844.8983704264997,584.8574780587732,254.81584065223564,286.3431675116357,1.0,0.0,0.2115486013756751,341.5864439205777,False
2.1499999999999972,Blue,0,790.266401914904,566.5137211739416,259.519516910907,286.3513291463776,1.0,0.0,0.21196661338767342,390.55735328125235,False
2.1499999999999972,Gold,0,840.4059665979511,586.5177081679292,255.2317213363521,287.3621447351482,1.0,0.0,0.19998001292770695,346.35935937573333,False
2.166666666666664,Blue,0,785.6417230152215,567.7615054552894,260.0240998461766,287.40326013566664,1.0,0.0,0.24263635869860778,395.7206660574628,False
2.166666666666664,Gold,0,835.8828168958818,588.142741781531,255.7271904625357,288.3723684779695,1.0,0.0,0.2386266649178843,350.87102819216227,False
2.1833333333333305,Blue,0,780.9898445985374,568.9744783573295,260.49507212272647,288.4451314078676,1.0,0.0,0.2268429886451706,400.51650667504555,False
2.1833333333333305,Gold,0,831.32943409887,589.7325326013618,256.1907014465461,289.37627250517363,1.0,0.0,0.22358472079006475,355.67579019401705,False
2.199999999999997,Blue,0,776.311235000988,570.1525590741845,260.93709757537056,289.4790890377855,1.0,0.0,0.2132447597907543,405.33217845958757,False
2.199999999999997,Gold,0,826.7463505230107,591.287209806776,256.6266374666064,290.3756783803448,1.0,0.0,0.2106111537932236,360.50068094106916,False
2.2166666666666637,Blue,0,771.6063270063637,571.2952152644664,261.43812536703825,290.50053470767807,1.0,0.0,0.24209720498749476,410.52350663691857,False
2.2166666666666637,Gold,0,822.1340099289371,592.8063437140432,257.13399745242276,291.3644331455289,1.0,0.0,0.24549879405694952,365.07580810825544,False
2.2333333333333303,Blue,0,766.8755745984179,572.4021718345497,261.90638309549786,291.51215462825684,1.0,0.0,0.22662219864775324,415.37190378389863,False
2.2333333333333303,Gold,0,817.4928914151545,594.2897534462277,257.6080503769039,292.3452544048792,1.0,0.0,0.22973563363841265,369.90135596381884,False
2.249999999999997,Blue,0,762.119442594886,573.4733591623411,262.34642397702606,292.51605449012067,1.0,0.0,0.21330179203926392,420.23945111551683,False
2.249999999999997,Gold,0,812.8234957057923,595.7374561726375,258.05338377659837,293.3202313322298,1.0,0.0,0.21614780890377716,374.7769635343458,False
2.2666666666666635,Blue,0,757.3383723367119,574.5082773684236,262.8420826850632,293.50788511513605,1.0,0.0,0.2406379111182808,425.4597204960139,False
2.2666666666666635,Gold,0,808.1262572943998,597.1489604253267,258.56386352465586,294.2839013873428,1.0,0.0,0.24814479753823804,379.58700998115853,False
2.28333333333333,Blue,0,752.5328195631314,575.5066777491878,263.3060134679943,294.4902490880094,1.0,0.0,0.2255834333540392,430.35914176120053,False
2.28333333333333,Gold,0,803.4016430063066,598.5240341925332,259.04084781856346,295.23907080779867,1.0,0.0,0.23221226127729722,384.260980337476,False
2.2999999999999967,Blue,0,747.7032455842331,576.4685118776263,263.74263312369663,295.4651839892644,1.0,0.0,0.21263003320912333,435.27704358497084,False
2.2999999999999967,Gold,0,798.650138934519,599.862652514294,259.48895486208875,296.18791980775364,1.0,0.0,0.21848038510186285,389.18596672391266,False
2.3166666666666633,Blue,0,742.8500988369483,577.3933184043365,264.2320175882031,296.4285439445626,1.0,0.0,0.23869030718918793,440.52708248226077,False
2.3166666666666633,Gold,0,793.8721821939945,601.1643184433349,259.99722786110743,297.1254571700886,1.0,0.0,0.248184125814376,394.12927144080675,False
2.33333333333333,Blue,0,737.9738355749604,578.2808795326854,264.690807578759,297.3828330021255,1.0,0.0,0.22410675207118658,445.4760290598355,False
2.33333333333333,Gold,0,789.0682364969529,602.4287957267649,260.4724836977863,298.05447390966384,1.0,0.0,0.2324041825808152,398.7521875166507,False
2.3499999999999965,Blue,0,733.0749125710693,579.1311712479892,265.12327429316025,298.3300074699256,1.0,0.0,0.2115655227346558,450.44280132980526,False
2.3499999999999965,Gold,0,784.2387803464734,603.6560561869652,260.91927380412443,298.97714596214894,1.0,0.0,0.21880370227087553,403.72519168878677,False
2.366666666666663,Blue,0,728.1537832892585,579.9437710099214,265.6060962731518,299.26609298915474,1.0,0.0,0.23655196208586915,455.7233497031795,False
2.366666666666663,Gold,0,779.3842571949771,604.8456273896562,261.4221876120289,299.88882744921744,1.0,0.0,0.24664703629465023,408.71587514018063,False
2.3833333333333298,Blue,0,723.2109028782477,580.7184916045624,266.05948188556295,300.19349014650084,1.0,0.0,0.22245795503083343,460.7203620522017,False
2.3833333333333298,Gold,0,774.5051303069251,605.9972934579961,261.89293072244834,300.79223746905075,1.0,0.0,0.2312016455586594,413.3723567976431,False
2.3999999999999964,Blue,0,718.2467223387631,581.455332606859,266.4875575736589,301.11406996111555,1.0,0.0,0.2103470574412789,465.7345619857597,False
2.3999999999999964,Gold,0,769.6018724784848,607.111043071832,262.33593617817644,301.6894958796746,1.0,0.0,0.2178892730622266,418.39202699900284,False
2.416666666666663,Blue,0,713.2616981868513,582.153907149635,266.9639628314683,302.02400545826373,1.0,0.0,0.2344360219359629,471.046274685786,False
2.416666666666663,Gold,0,764.6749331690088,608.1864422902203,262.8317387317478,302.5762250696702,1.0,0.0,0.24420357515896995,423.4287478254876,False
2.4333333333333296,Blue,0,708.2562830220969,582.8140554505914,267.4120746072356,302.9255953248467,1.0,0.0,0.2208308135255912,476.0899343886812,False
2.4333333333333296,Gold,0,759.7247747347977,609.223306720137,263.2964043925312,303.45504268563843,1.0,0.0,0.22918909375345464,428.11881175472956,False
2.449999999999996,Blue,0,703.2309210701835,583.435797518217,267.8358814932386,303.8206270268999,1.0,0.0,0.20915198727966455,481.15016119681957,False
2.449999999999996,Gold,0,754.7518637460424,610.2216505935972,263.73422370792014,304.3279860452063,1.0,0.0,0.21624884632315755,433.18382372809646,False
2.466666666666663,Blue,0,698.1860703752884,584.0187770899407,268.3063331506746,304.7054009586799,1.0,0.0,0.23250164198868006,486.49360843387046,False
2.466666666666663,Gold,0,749.7566536489516,611.1810827930211,264.2220873429759,305.19089536506834,1.0,0.0,0.2413012834108379,438.2652730769855,False
2.4833333333333294,Blue,0,693.1221799937691,584.5628570897887,268.749595858081,305.58211962122675,1.0,0.0,0.2193729331981693,491.58253743823514,False
2.4833333333333294,Gold,0,744.7396042077795,612.1014534207742,264.6799255590938,306.04627407525163,1.0,0.0,0.22676155520759878,442.98886420366506,False
2.499999999999996,Blue,0,688.039686816162,585.0680735264176,269.1695309196604,306.45249219698957,1.0,0.0,0.2081182174542171,496.6874306506875,False
2.499999999999996,Gold,0,739.7011743833232,612.9828041773078,265.11187880330766,306.8960659690018,1.0,0.0,0.21423278508941834,448.0979306952764,False
2.5166666666666626,Blue,0,682.9390495044893,585.5340946660655,269.63473381009345,307.31292858611266,1.0,0.0,0.230872884665569,502.06309733372086,False
2.5166666666666626,Gold,0,734.6418191935506,613.8247853951867,265.5916032538229,307.7362934512953,1.0,0.0,0.23824828853955893,453.22283970052183,False
2.533333333333329,Blue,0,677.8207131472898,585.9608006159334,270.07380151539235,308.1655433676809,1.0,0.0,0.21820189983057503,507.19595535244986,False
2.533333333333329,Gold,0,729.5619939330991,614.6272799418933,266.04242509285757,308.5693436282595,1.0,0.0,0.22419492790708873,457.9798321047904,False
2.549999999999996,Blue,0,672.6851072696422,586.3482383231545,270.4904808260007,309.0119747631404,1.0,0.0,0.2073580331249829,512.3441914679865,False
2.549999999999996,Gold,0,724.4621485251757,615.3903549718083,266.46833692855216,309.39706538619316,1.0,0.0,0.2120895356034609,463.1317067181869,False
2.5666666666666624,Blue,0,667.5326909114968,586.6960940739281,270.95133185814166,309.84872538661443,1.0,0.0,0.22965076350171287,517.752476246892,False
2.5666666666666624,Gold,0,719.3427374222061,616.1136976468475,266.94016068997746,310.2156359699969,1.0,0.0,0.2352637956896153,468.2988488046306,False
2.583333333333329,Blue,0,662.3639053751754,587.0042593133772,271.3870453865888,310.6778315989871,1.0,0.0,0.21741566388904232,522.9279568401103,False
2.583333333333329,Gold,0,714.2042099015277,616.7972192090787,267.38417630637844,311.0273307998726,1.0,0.0,0.22168876338082555,473.08904219182597,False
2.5999999999999956,Blue,0,657.1792267344387,587.2723008340795,271.86387822480793,311.49616355954777,1.0,0.0,0.23825051525187746,528.1181775373517,False
2.5999999999999956,Gold,0,709.047005782178,617.4410080837011,267.80423666237294,311.8339083509269,1.0,0.0,0.21000190188613743,478.28251949169487,False
2.6166666666666623,Blue,0,651.9791097111906,587.5000171082827,272.31359394325705,312.30603312334665,1.0,0.0,0.2249970951426512,533.5592912252579,False
2.6166666666666623,Gold,0,703.8715774090643,618.0447819213329,268.2687147356279,312.6316780047387,1.0,0.0,0.23250912816401836,483.49070928450726,False
2.633333333333329,Blue,0,646.7639869906706,587.6873901985307,272.74006273071404,313.10926079265505,1.0,0.0,0.2136446791873503,538.7759614785653,False
2.633333333333329,Gold,0,698.6783670614813,618.6084745770876,268.7064277470165,313.4228122645592,1.0,0.0,0.219392650481673,488.3138236227599,False
2.6499999999999955,Blue,0,641.5343334984716,587.8340677136684,273.2079813641578,313.9026023958647,1.0,0.0,0.23471305356455474,544.0067744022485,False
2.6499999999999955,Gold,0,693.4678039242733,619.1321904812304,269.12110039213593,314.20898713801535,1.0,0.0,0.20810949804186407,493.5477367354925,False
2.666666666666662,Blue,0,636.2905982909683,587.9399118336643,273.6504230414316,314.6881994211548,1.0,0.0,0.22221777988026759,549.4809161006625,False
2.666666666666662,Gold,0,688.2403374086055,619.6156706584933,269.5790234152252,314.98662402591935,1.0,0.0,0.2301071527749592,498.79582674417554,False
2.6833333333333287,Blue,0,631.0332052231422,588.0049537546535,274.07107225338825,315.46772316039784,1.0,0.0,0.21154073077767066,554.7374516651395,False
2.6833333333333287,Gold,0,682.9964024622249,620.0588652368201,270.011160602867,315.7578036439776,1.0,0.0,0.21742281243843564,503.65149642789424,False
2.6999999999999953,Blue,0,625.7626283718047,588.0288846883741,274.5334019187431,316.23787079917656,1.0,0.0,0.23279479148856907,560.0075618133128,False
2.6999999999999953,Gold,0,677.7364176926657,620.4618889647991,270.4211219369603,316.52412932462653,1.0,0.0,0.20652295959088462,508.92471298902603,False
2.716666666666662,Blue,0,620.4793122449482,588.0115986774159,274.9715564484398,317.0006643035882,1.0,0.0,0.22089733412156676,565.5149309667669,False
2.716666666666662,Gold,0,672.4608294831079,620.824498930934,270.87346178671856,317.2821157892685,1.0,0.0,0.22815475570651955,514.2115888570816,False
2.7333333333333285,Blue,0,615.1836735820984,587.9531487452633,275.3890919102937,317.7576731903377,1.0,0.0,0.21076267410935046,570.8100774261305,False
2.7333333333333285,Gold,0,667.1700657629702,621.1466550953425,271.3009255784967,318.0337642636862,1.0,0.0,0.2158728551012672,519.0993570508355,False
2.749999999999995,Blue,0,609.8761876929184,587.8532446814296,275.8485527524183,318.50556389008,1.0,0.0,0.23221089195149247,576.11825080071,False
2.749999999999995,Gold,0,661.864535194327,621.4284768105449,271.707023105167,318.7806160014824,1.0,0.0,0.20533323781278412,524.4107740890047,False
2.7666666666666617,Blue,0,604.5572970495969,587.7117909291983,276.28491654018785,319.24627581646155,1.0,0.0,0.22080593884783895,581.659001935606,False
2.7666666666666617,Gold,0,656.544681736343,621.6697300665843,272.15489603223597,319.51926109814366,1.0,0.0,0.22673114941540717,529.7353489491048,False
2.7833333333333283,Blue,0,599.2274141006969,587.5288438623883,276.7016527681722,319.98131001922894,1.0,0.0,0.21112848633013215,586.9915468622045,False
2.7833333333333283,Gold,0,651.2109272228524,621.8703783927706,272.57873226600964,320.2516339685657,1.0,0.0,0.21482101434774137,534.6546623703599,False
2.799999999999995,Blue,0,593.8870185672819,587.3041144843102,277.16063659542806,320.7073118718797,1.0,0.0,0.2328107889952733,592.5544785742363,False
2.799999999999995,Gold,0,645.863671539185,622.0305402258509,272.9819564596046,320.97922451996686,1.0,0.0,0.20461796042221891,540.0032005332743,False
2.8166666666666615,Blue,0,588.5365542821348,587.0375026788035,277.5974532084173,321.4261652655111,1.0,0.0,0.2218294637480014,597.9107994810744,False
2.8166666666666615,Gold,0,640.5033574703147,622.1499836367236,273.4265983800959,321.6986806363838,1.0,0.0,0.2259036723027812,545.3644088293028,False
2.833333333333328,Blue,0,583.1764329605378,586.7290551921845,278.0155182761754,322.1393263221134,1.0,0.0,0.21255624142738583,603.2795514538545,False
2.833333333333328,Gold,0,635.1304022383982,622.2286697882653,273.84797484924445,322.41188248053277,1.0,0.0,0.21433530774429244,550.3146130057745,False
2.8499999999999948,Blue,0,577.8072531300733,586.3779912399133,278.53750894030446,322.83868513798984,1.0,0.0,0.2657046594762278,608.8760085068755,False
2.8499999999999948,Gold,0,629.7451986141854,622.2667109889354,274.24944066521476,323.1202790693575,1.0,0.0,0.20444604769614116,555.6992103948305,False
2.8666666666666614,Blue,0,572.4295604886127,585.9838215410683,279.0297156956306,323.52714326780176,1.0,0.0,0.2508310121940909,614.2676711479388,False
2.8666666666666614,Gold,0,624.3481900513041,622.2638710077224,274.6921913651063,323.82055860600605,1.0,0.0,0.22573208033810133,561.0133388011761,False
2.883333333333328,Blue,0,567.0438522969682,585.5462905697603,279.49642969187875,324.20707869359893,1.0,0.0,0.2381082913052488,619.6710517379862,False
2.883333333333328,Gold,0,618.9397911604877,622.2201030995849,275.1123844526819,324.5145591357636,1.0,0.0,0.21447743800832342,566.0763363095155,False
2.8999999999999946,Blue,0,561.6507069173122,585.064846873808,280.00279203739234,324.8755121989322,1.0,0.0,0.25862446535117556,625.3005976987266,False
2.8999999999999946,Gold,0,613.5203897168565,622.135508580881,275.51332026055394,325.2036987233953,1.0,0.0,0.20488130451579067,571.4959420790361,False
2.916666666666661,Blue,0,556.2506474764223,584.5391889718833,280.4823903604044,325.53502039258245,1.0,0.0,0.2452238462168559,630.7259810275176,False
2.916666666666661,Gold,0,608.090432235672,622.009841007523,275.95561456158146,325.8846883658006,1.0,0.0,0.22627193874384943,576.4950030920327,False
2.933333333333328,Blue,0,550.8442842398647,583.9687246524367,281.00167666809085,326.1826095108505,1.0,0.0,0.2658048512630131,636.1623571655286,False
2.933333333333328,Gold,0,602.6503332001049,621.8430405923783,276.376002370599,326.559335531802,1.0,0.0,0.21530596774646682,581.936869161634,False
2.9499999999999944,Blue,0,545.4321651968792,583.3531243606832,281.49314472575753,326.821031325635,1.0,0.0,0.2518339639516114,641.8246546032008,False
2.9499999999999944,Gold,0,597.2004779425948,621.6351931399797,276.77774503091945,327.22903662206187,1.0,0.0,0.20598543425705174,587.3904369459104,False
2.966666666666661,Blue,0,540.0147830229967,582.6922673500221,281.9608570892283,327.45250309500443,1.0,0.0,0.23991353942551186,647.2821552368318,False
2.966666666666661,Gold,0,591.7413189562894,621.3860365471082,277.22110976813076,327.8905077063223,1.0,0.0,0.22757749247075765,592.4179020532047,False
2.9833333333333276,Blue,0,534.5927337712945,581.9857042338087,282.4714635738356,328.07355621914184,1.0,0.0,0.26218910194638667,652.9669583163688,False
2.9833333333333276,Gold,0,586.2732735487431,621.0954932363121,277.64317084758045,328.54553653941764,1.0,0.0,0.2168790938241969,597.8931404566356,False
2.9999999999999942,Blue,0,529.1665498449676,581.2332189509016,282.95659327124315,328.6866927211364,1.0,0.0,0.24936274456080554,658.4449227468899,False
2.9999999999999942,Gold,0,580.796727592255,620.7636292900348,278.0471662574533,329.19550642818746,1.0,0.0,0.20782076211790113,603.3796216062292,False
3.016666666666661,Blue,0,523.7367082231098,580.4347790813185,283.4200826753222,329.29389692139017,1.0,0.0,0.23848094706234946,663.9331522673338,False
3.016666666666661,Gold,0,575.3122525097638,620.3896814335498,278.5533229483577,329.83252439293466,1.0,0.0,0.26065404861383,608.43433291244,False
3.0333333333333274,Blue,0,518.3038056504756,579.5899980500723,283.92912627025845,329.89135677698226,1.0,0.0,0.26218340869485957,669.650664434314,False
3.0333333333333274,Gold,0,569.8882651676348,619.9839669191484,279.03048959512677,326.34839456809806,0.0,0.0,0.24598450153220952,613.8731121279827,False
3.049999999999994,Blue,0,512.868373531742,578.6987050766995,284.41438119496945,330.48142418944036,1.0,0.0,0.2501784838709824,675.1586679484635,False
3.049999999999994,Gold,0,564.4566589166562,619.5353619090799,279.4856819003461,327.0060160220642,1.0,0.0,0.2333095515254371,619.3231736029163,False
3.0666666666666607,Blue,0,507.43106897676034,577.760390277032,284.94509984470864,331.0603808262743,1.0,0.0,0.27388561984024307,680.6762530450746,False
3.0666666666666607,Gold,0,559.0179900706661,619.0433485855145,279.9796883478384,327.6527206309656,1.0,0.0,0.25347842722463554,624.3361285845548,False
3.0833333333333273,Blue,0,501.9924740155245,576.7747845020131,285.450296172415,331.6308821959589,1.0,0.0,0.26096504946425014,686.426311028636,False
3.0833333333333273,Gold,0,553.5727588556305,618.5076605040639,280.4466544345004,328.2910552252466,1.0,0.0,0.23985964718998076,629.8074894391115,False
3.099999999999994,Blue,0,496.553106168916,575.7418078777199,285.9339288701047,332.1950448116259,1.0,0.0,0.25006297658168464,691.962883809163,False
3.099999999999994,Gold,0,548.1890483914309,617.9408038002147,280.95253013915396,324.80824125337773,0.0,0.0,0.2601199259182785,635.2209586983191,False
3.1166666666666605,Blue,0,491.11362874708135,574.6610128585747,286.4662072362094,332.74872950292104,1.0,0.0,0.27547357581643794,697.735959148675,False
3.1166666666666605,Gold,0,542.7992067311749,617.3293112141268,281.43330079709597,325.46511134021523,1.0,0.0,0.2457960986796941,640.1919509644766,False
3.133333333333327,Blue,0,485.674628766426,573.53217442836,286.9747316881669,333.29444815051244,1.0,0.0,0.26342268227764976,703.2908580267595,False
3.133333333333327,Gold,0,537.4037039320868,616.6731220017575,281.88911323006437,326.11550876127893,1.0,0.0,0.23328791890797618,645.6271604662537,False
3.1499999999999937,Blue,0,480.23662873869,572.3552408853252,287.4633741565732,333.83418147181635,1.0,0.0,0.2533537492918292,708.8546346123778,False
3.1499999999999937,Gold,0,532.0702595539088,615.9865977647487,282.38678598923167,322.6468658878113,0.0,0.0,0.2549851450480709,651.0045879277467,False
3.1666666666666603,Blue,0,474.8005500403079,571.1292251125113,288.07526734167607,334.35705263190096,1.0,0.0,0.31754301587844935,714.6599536568747,False
3.1666666666666603,Gold,0,526.7315545994751,615.2547112893944,282.8607304007138,323.3183295946666,1.0,0.0,0.24144856701652984,655.9342112195075,False
3.183333333333327,Blue,0,469.36720059792117,569.8534730321877,288.6554782983312,334.86681878132174,1.0,0.0,0.30136431311175116,720.2410404852734,False
3.183333333333327,Gold,0,521.3880390137646,614.4775203437207,283.31100279140156,323.98435840448417,1.0,0.0,0.22964147260471535,661.3339492268829,False
3.1999999999999935,Blue,0,463.93754460775665,568.5270357076228,289.28291499570594,335.35974792914925,1.0,0.0,0.32617117804535667,725.8299618516061,False
3.1999999999999935,Gold,0,516.0402774223909,613.6547331628368,283.8056575322833,324.641214295896,1.0,0.0,0.25255246563772005,666.7444826258111,False
3.21666666666666,Blue,0,458.57707761067905,567.1726741593086,289.878313047281,331.73490300104936,0.0,0.0,0.30977112350822367,731.5981452558791,False
3.21666666666666,Gold,0,510.75539292832076,612.8032293459804,284.2744319,321.1825436053796,0.0,0.0,0.23959717867118258,671.6329911048526,False
3.2333333333333267,Blue,0,453.2212313157243,565.7664480252031,290.45021460470724,332.2427144596522,1.0,0.0,0.29575364563165607,737.1353598721272,False
3.2333333333333267,Gold,0,505.46652561806,611.9060050240984,284.72390844007265,321.8659100829997,1.0,0.0,0.22843578436371104,676.9974018739458,False
3.2499999999999933,Blue,0,447.8709342718906,564.3076745795248,291.07497843114857,332.73610312537306,1.0,0.0,0.32336383587286477,742.9269892245624,False
3.2499999999999933,Gold,0,500.17424563356366,610.9628122288333,285.2200895272375,322.5402677186612,1.0,0.0,0.2524540858115145,682.3024776437859,False
3.26666666666666,Blue,0,442.5908854236307,562.8213461119605,291.67016500154506,329.1156595372029,0.0,0.0,0.3083083736006422,748.4122200494129,False
3.26666666666666,Gold,0,494.9452384853516,609.9922072030249,285.69079102716444,319.09955114327363,0.0,0.0,0.23975463194978275,687.22092098589,False
3.2833333333333266,Blue,0,437.31756129550075,561.2810958012393,292.32397858205553,329.619699302059,1.0,0.0,0.33664799676281376,753.9054105818606,False
3.2833333333333266,Gold,0,489.7130866564239,608.9755554133507,286.14259288070167,319.80052695490633,1.0,0.0,0.2288388895753357,692.5508251745498,False
3.299999999999993,Blue,0,432.05183873293566,559.6865067604189,292.94589881045744,330.1120626909025,1.0,0.0,0.3204934962104282,759.6615915746314,False
3.299999999999993,Gold,0,484.47837441249766,607.9126229025867,286.64340872447764,320.49233388170404,1.0,0.0,0.253954429167198,697.4159187074625,False
3.3166666666666598,Blue,0,426.7944789496093,558.0374037959923,293.5409570429188,330.59603887981496,1.0,0.0,0.3069010276771422,765.1712308180274,False
3.3166666666666598,Gold,0,479.2416089074153,606.8033825149614,287.118883295132,321.1772997799408,1.0,0.0,0.24137651056916454,702.7688591242052,False
3.3333333333333264,Blue,0,421.60950852165917,556.3608687918777,294.28236950866705,326.95699511015357,0.0,0.0,0.3826902004125756,770.8837148001497,False
3.3333333333333264,Gold,0,474.0687736270121,605.6687246172813,287.5728232446628,317.7489955588007,0.0,0.0,0.23070223004498303,708.0644351876006,False
3.349999999999993,Blue,0,416.43479725943087,554.6275906766354,294.9884978704543,327.4367157481824,1.0,0.0,0.36229048756491977,776.3408782441217,False
3.349999999999993,Gold,0,468.8945028778593,604.4868990616072,288.1556656621376,318.45131801658124,1.0,0.0,0.2945636218731771,712.8894767040118,False
3.3666666666666596,Blue,0,411.3336627729814,552.8663879211019,295.7500764690596,323.7966483794925,0.0,0.0,0.39104949117370325,781.7368211448653,False
3.3666666666666596,Gold,0,463.719516144873,603.257448352659,288.7032785236047,319.14155517002445,1.0,0.0,0.27707501853342364,718.2084153430739,False
3.383333333333326,Blue,0,406.24474916084955,551.0464702526648,296.47547193038196,324.2728965822939,1.0,0.0,0.37024611239609584,787.4152275535138,False
3.383333333333326,Gold,0,458.6093476613028,602.0028084762329,289.2206988700567,315.7160042506148,0.0,0.0,0.2620927609574508,723.4698880043467,False
3.399999999999993,Blue,0,401.16907398954123,549.1675380287925,297.165077107901,324.73729857770996,1.0,0.0,0.3522537667204162,792.8269770925785,False
3.399999999999993,Gold,0,453.4992092383684,600.6995962285383,289.7920859545964,316.42180188907685,1.0,0.0,0.2878236447958926,728.2549021266595,False
3.4166666666666594,Blue,0,396.1686861415556,547.2611017573357,297.9188409805467,321.08902253840813,0.0,0.0,0.3853201508754083,798.4637108681436,False
3.4166666666666594,Gold,0,448.3897689819753,599.3475725830979,290.33064167148643,317.1177251705264,1.0,0.0,0.2715959403200756,733.5399532022852,False
3.433333333333326,Blue,0,391.18332925472544,545.2943314875769,298.6400674876634,321.5572840087147,1.0,0.0,0.3664902654636606,803.8226787814316,False
3.433333333333326,Gold,0,443.34608946970894,597.9707032683765,290.9206250074999,313.6942774042853,0.0,0.0,0.29786712438431806,738.7673972276868,False
3.4499999999999926,Blue,0,386.2747206828694,543.2997529034948,299.5311720356559,317.9025237760786,0.0,0.0,0.4531601496138542,809.1198715485814,False
3.4499999999999926,Gold,0,438.3040205737923,596.5439307249958,291.4798129291719,314.4030838114896,1.0,0.0,0.2807595389067927,743.512514057735,False
3.4666666666666592,Blue,0,381.3840429041419,541.2423151673541,300.3753399358904,318.3495013728825,1.0,0.0,0.426741738190227,814.7248688255486,False
3.4666666666666592,Gold,0,433.32790575614274,595.0929962801632,292.00873069162304,310.99991316699345,0.0,0.0,0.26586548789579467,748.6954323783649,False
3.483333333333326,Blue,0,376.51264833162446,539.1216008121351,301.17355815947,318.77969202460815,1.0,0.0,0.4038066458679985,820.0367344475093,False
3.483333333333326,Gold,0,428.3541748661208,593.5914854476353,292.59825370668113,311.72603594760193,1.0,0.0,0.29470883982298446,753.8895968561791,False
3.4999999999999925,Blue,0,371.72049733838327,536.9733141380309,302.04124096004455,315.09910884380724,0.0,0.0,0.43925500075776114,825.602405007235,False
3.4999999999999925,Gold,0,423.3835099400414,592.0392785496642,293.15411377270334,312.443085731261,1.0,0.0,0.278204975214674,758.5957014469666,False
3.516666666666659,Blue,0,366.95013205916433,534.7602790275387,302.8677487424329,315.52190648323585,1.0,0.0,0.4159196374693366,830.8602100758578,False
3.516666666666659,Gold,0,418.4794423228009,590.4640814117188,293.6812093338402,309.0502399033075,0.0,0.0,0.2641131606114513,763.7457785376048,False
3.5333333333333257,Blue,0,362.2604740589175,532.5200138624338,303.76769716541065,311.83657355952016,0.0,0.0,0.4531867518909394,836.3883967142666,False
3.5333333333333257,Gold,0,413.57953808100194,588.8370808001223,294.36472208462055,309.7778127112452,1.0,0.0,0.340628175889762,768.8361927705425,False
3.5499999999999923,Blue,0,357.5952653810174,530.2136639005183,304.6246076864039,312.25041194313377,1.0,0.0,0.42895538893241536,841.5918724933056,False
3.5499999999999923,Gold,0,408.74707574304824,587.1868059847411,295.00368154698475,306.38857219302355,0.0,0.0,0.3187966134800071,773.5059465336285,False
3.566666666666659,Blue,0,352.95572765536815,527.8412904845442,305.43915075622556,312.6539258623769,1.0,0.0,0.40801862484455853,846.8004394448103,False
3.566666666666659,Gold,0,403.9199243733666,585.4837127602487,295.60809055591704,307.12684799227736,1.0,0.0,0.29992811167681666,778.6234350732633,False
3.5833333333333255,Blue,0,348.3995064694773,525.4426778815174,306.4633357640476,308.9417066227469,0.0,0.0,0.5133654056047732,852.3013980084113,False
3.5833333333333255,Gold,0,399.1607830896442,583.7576663860666,296.2737456452393,303.7485516662263,0.0,0.0,0.330709916463114,783.1705856847552,False
3.599999999999992,Blue,0,343.8727051322521,522.9760339654495,307.43359522768964,309.31302138669076,1.0,0.0,0.4834441829241065,857.4545393705513,False
3.599999999999992,Gold,0,394.40824714544146,581.977716640865,296.90220945448044,304.49523540931716,1.0,0.0,0.31055717939753436,788.2446910944105,False
3.6166666666666587,Blue,0,339.43150189953025,520.4833237366967,308.48300636622844,305.5755317101236,0.0,0.0,0.5231936510282971,862.9212875633477,False
3.6166666666666587,Gold,0,389.6630235237636,580.1439149535763,297.4944574203406,305.2341937806369,1.0,0.0,0.2930085236889006,793.3298846577962,False
3.6333333333333253,Blue,0,335.02347704131427,517.9210438881463,309.4778134663668,305.917407518064,1.0,0.0,0.49301743676461385,868.0180262365504,False
3.6333333333333253,Gold,0,384.9867296554437,578.2883209509936,298.1554269834703,301.8599549511455,0.0,0.0,0.32739254402156703,797.8393847872609,False
3.649999999999992,Blue,0,330.7032621531742,515.3332908396028,310.55805459658427,302.15658369764327,0.0,0.0,0.5356494861892145,873.0498748218577,False
3.649999999999992,Gold,0,380.3189551581836,576.3781086058684,298.78110643281576,302.6108191368344,1.0,0.0,0.30825658744942075,802.8814930660277,False
3.6666666666666585,Blue,0,326.4200514418628,512.6748140661957,311.5823932176252,302.4701868086422,1.0,0.0,0.504903145957158,878.4919830489406,False
3.6666666666666585,Gold,0,375.6603611915246,574.413452446098,299.37232228957606,303.3554642005584,1.0,0.0,0.29162399940252826,807.934450266685,False
3.683333333333325,Blue,0,322.1754327938527,509.9458790079659,312.5522248128935,302.7704517760226,1.0,0.0,0.47827391226879,883.5336826230559,False
3.683333333333325,Gold,0,371.0718929052537,572.4279128357181,300.1479242968174,299.9784517771306,0.0,0.0,0.3830267920125934,812.4069796982241,False
3.6999999999999917,Blue,0,318.02214409712985,507.1932125149137,313.7745944404868,298.9600765203823,0.0,0.0,0.6031004744361468,888.9457269582721,False
3.6999999999999917,Gold,0,366.4947215738386,570.3861072304137,300.87592262545934,300.7159508525127,1.0,0.0,0.3576010472269857,817.4167145405169,False
3.7166666666666583,Blue,0,313.91255909085606,504.3685481017014,314.92871570172264,299.2034503407514,1.0,0.0,0.5660073845860509,893.9280953469992,False
3.7166666666666583,Gold,0,361.9888833338524,568.3232875961155,301.6723638716786,297.33498132383306,0.0,0.0,0.39167706722556517,822.3684610377386,False
3.733333333333325,Blue,0,309.897319472165,501.5210242159086,316.1766655221705,295.34716743588376,0.0,0.0,0.612257939049023,899.3117829082954,False
3.733333333333325,Gold,0,357.4965111427973,566.2026028690723,302.41963090024865,298.06603599223786,1.0,0.0,0.3655403741543779,826.8038238405677,False
3.7499999999999916,Blue,0,305.93077742573,498.60064166634464,317.35596804940496,295.53937834231806,1.0,0.0,0.5750816227620845,904.2331218965571,False
3.7499999999999916,Gold,0,353.01859550853965,564.0240003298118,303.1195708046818,298.78576744176706,1.0,0.0,0.3427833957306454,831.7802011254911,False
3.766666666666658,Blue,0,302.06233863224224,495.6583224618328,318.8099786082667,291.6151909635717,0.0,0.0,0.7092554531049586,909.0853498160429,False
3.766666666666658,Gold,0,348.61357538764173,561.8253414242357,303.8994685583134,295.39446794905035,0.0,0.0,0.38237457635579375,836.16394020206,False
3.7833333333333248,Blue,0,298.2495840169219,492.64173046269985,320.1739042950298,291.7069251237724,1.0,0.0,0.66124425641895,914.4476620661214,False
3.7833333333333248,Gold,0,344.22490601505604,559.5678027725079,304.6339732306886,296.1162586777362,1.0,0.0,0.35820448813899475,841.0966301494059,False
3.7999999999999914,Blue,0,294.4951515323503,489.5513062414514,321.45138255439883,291.76591050797623,1.0,0.0,0.6194222613149982,919.3010407882268,False
3.7999999999999914,Gold,0,339.909543892258,557.2913251499983,305.32458587976873,292.74036657078733,0.0,0.0,0.3371806518506162,845.9711957805073,False
3.816666666666658,Blue,0,290.80231751726694,486.38728412118917,322.83760773483857,291.77562020442133,1.0,0.0,0.6722131467298667,924.7047371282534,False
3.816666666666658,Gold,0,335.6682615633583,554.9954220736038,306.2420645643925,289.3695357612545,0.0,0.0,0.44558374475544227,850.2508194808241,False
3.8333333333333246,Blue,0,287.1736657017247,483.1503704220469,324.1383576297593,291.75504701526387,1.0,0.0,0.6307737196593237,929.5565399073001,False
3.8333333333333246,Gold,0,331.44663507405977,552.6385920311524,307.0985909786012,290.09722685840524,1.0,0.0,0.4138041384083486,855.0821652128036,False
3.849999999999991,Blue,0,283.6513730509784,479.8977675039433,325.5562607712715,287.66212218031916,0.0,0.0,0.6875628917171923,934.9387854841607,False
3.849999999999991,Gold,0,327.24591804750884,550.2207767980503,307.8969909945808,290.81037556949633,1.0,0.0,0.38615854051443677,859.9225225187959,False
3.866666666666658,Blue,0,280.1986952143169,476.5731962033331,326.89636573302295,287.58569310000956,1.0,0.0,0.6457180318005342,939.7208416155846,False
3.866666666666658,Gold,0,323.1214181034794,547.7845689179882,308.78537347288636,287.41571119796447,0.0,0.0,0.43015686300016753,864.1665784964695,False
3.8833333333333244,Blue,0,276.82031918412076,473.1769793770748,328.56325962653125,287.422629583179,1.0,0.0,0.8030834013211674,945.1501418581272,False
3.8833333333333244,Gold,0,319.0203457609813,545.2864324348061,309.6184072717259,288.12172581954053,1.0,0.0,0.4012370337463409,868.9631297278528,False
3.899999999999991,Blue,0,273.5199242338743,469.71003426285534,330.1164658948268,287.2008616098528,1.0,0.0,0.748121567127761,949.9241084913069,False
3.899999999999991,Gold,0,314.99677956185917,542.7706149358323,310.54524585255945,284.72148062395695,0.0,0.0,0.4469073050543457,873.7001052511771,False
3.9166666666666576,Blue,0,270.3343141062857,466.23387530075604,331.78216583908437,282.9036140688229,0.0,0.0,0.8020302076034334,955.3366142720677,False
3.9166666666666576,Gold,0,310.99937460706707,540.1919796039275,311.4131882052653,285.4172096618564,1.0,0.0,0.41631448547041217,877.9094283171529,False
3.9333333333333242,Blue,0,267.2339011696914,462.6887811910558,333.3471090878368,282.57549335800206,1.0,0.0,0.7485378028171255,960.0330135324423,False
3.9333333333333242,Gold,0,307.0292219503925,537.5508482767077,312.224794208417,286.10430352883157,1.0,0.0,0.38971039028037424,882.6698826744439,False
3.949999999999991,Blue,0,264.22262171002313,459.0762357072246,335.032984997744,282.1805093997258,1.0,0.0,0.8059752726860161,965.4960477529313,False
3.949999999999991,Gold,0,303.13895035067264,534.8934958318628,313.3033880015969,282.67409942999245,0.0,0.0,0.5184602327480512,886.8297788447204,False
3.9666666666666575,Blue,0,261.3034160201495,455.3981073940811,336.6084967970229,281.74705516093564,1.0,0.0,0.7527560480829649,970.176629893651,False
3.9666666666666575,Gold,0,299.28005901743677,532.1719984985823,314.3068285201981,283.3219444455234,1.0,0.0,0.4797926140279998,891.5449620393555,False
3.983333333333324,Blue,0,258.4799766638553,451.6562970439207,338.31266357880276,281.2519087630467,1.0,0.0,0.8136838339893728,975.6937913857001,False
3.983333333333324,Gold,0,295.45412325589206,529.3864786253866,315.23905884055705,283.95221340141654,1.0,0.0,0.4461878910684689,896.2662583357812,False
3.9999999999999907,Blue,0,255.7549941393299,447.8530116590985,339.90724981706035,280.72376835340214,1.0,0.0,0.7607845855657125,980.355378501941,False
3.9999999999999907,Gold,0,291.71084300935706,526.5863571164055,316.2791333105549,280.482047355921,0.0,0.0,0.4982878529533892,900.3924528738249,False
4.016666666666658,Blue,0,253.13195236295908,443.9905260934482,341.63612574209526,280.1373135796037,1.0,0.0,0.8241872918724304,985.9302400194184,False
4.016666666666658,Gold,0,288.00388427773896,523.721642201244,317.25123993811184,281.0930175209725,1.0,0.0,0.46324971630394884,905.0673954526619,False
4.033333333333324,Blue,0,250.61332034149672,440.07134941023986,343.25512158564743,279.5217903517763,1.0,0.0,0.7711124693651641,990.5700301946501,False
4.033333333333324,Gold,0,284.3821875068089,520.8429630676435,318.5171054646132,277.58337809971584,0.0,0.0,0.6038032622632343,909.6132246775519,False
4.049999999999991,Blue,0,248.202380865927,436.0981044997803,345.01211071406817,278.8503099945779,1.0,0.0,0.8360495403008592,996.2056351222352,False
4.049999999999991,Gold,0,280.80239081926914,517.8980898899249,319.6885937822122,278.1258716572067,1.0,0.0,0.5557957407897405,913.7717220428294,False
4.0666666666666575,Blue,0,245.90138583547926,432.07357831592174,346.6581635184682,278.1528372764697,1.0,0.0,0.7824577546901388,1000.8211122754383,False
4.0666666666666575,Gold,0,277.2665073511946,514.8872876882773,320.77127047887114,278.6443009826255,1.0,0.0,0.5140856442782251,918.401377279205,False
4.083333333333324,Blue,0,243.71340204328712,428.00072248279645,348.44406474038095,277.4014054837225,1.0,0.0,0.8480315223482329,1006.5194651840326,False
4.083333333333324,Gold,0,273.81957404662336,511.8646763764219,321.96881249602217,275.0692677406686,0.0,0.0,0.5690772399536819,922.445450227574,False
4.099999999999991,Blue,0,241.64044976699498,423.8825814064579,350.1174701993854,276.6267908787608,1.0,0.0,0.793702836507812,1011.1083491049287,False
4.099999999999991,Gold,0,270.42080068767956,508.7760149712429,323.0829319166869,275.5528309357597,1.0,0.0,0.5265590953402679,927.0247981063985,False
4.116666666666657,Blue,0,239.68534781815845,419.72241514938054,351.93078247772837,275.80040772401003,1.0,0.0,0.8590467145311322,1016.8699057575678,False
4.116666666666657,Gold,0,267.1129959872484,505.67732164406357,324.31751837750153,271.949444161155,0.0,0.0,0.5839236100595429,931.5385468251151,False
4.133333333333324,Blue,0,237.84985652116418,415.5235025328058,353.62974036698,274.9538573410089,1.0,0.0,0.8038603940118385,1021.4301357319735,False
4.133333333333324,Gold,0,263.8576338969217,502.5128323919873,325.4651371230365,272.39851034158215,1.0,0.0,0.5398331421441434,935.5504147266264,False
4.149999999999991,Blue,0,236.1365031610658,411.28938511759117,355.46692193065945,274.0583661933797,1.0,0.0,0.8681430974555937,1027.2533125066102,False
4.149999999999991,Gold,0,260.65611575200097,499.2834962115362,326.53047162698584,272.84059477111805,1.0,0.0,0.5014676027030944,940.0788983575811,False
4.166666666666657,Blue,0,234.5483503229463,407.0239263010224,357.4234349298712,273.0914243821212,1.0,0.0,0.9232762707929076,1033.1380280018966,False
4.166666666666657,Gold,0,257.54858980797866,496.04764780179636,327.948135977635,269.181642622441,0.0,0.0,0.6677607573296811,944.0469108976295,False
4.183333333333324,Blue,0,233.08722355745888,402.7309072407312,359.2479653275277,272.09126166904,1.0,0.0,0.8597328821077141,1037.6610210014765,False
4.183333333333324,Gold,0,254.50091310944362,492.74705381688904,329.25777246325634,269.5479810408512,1.0,0.0,0.6134780169831409,948.5219479039582,False
4.19999999999999,Blue,0,231.75548855537056,398.4144403950211,1.191307584389392,271.034047538769,1.0,0.0,0.91433288157193,1043.5948235219296,False
4.19999999999999,Gold,0,251.5164834107502,489.38222122112575,330.6873579817183,269.85942356389097,1.0,0.0,0.6700357842200333,952.9933332283032,False
4.216666666666657,Blue,0,230.55433602158544,394.07844765727714,3.0041139871857006,269.9573328366399,1.0,0.0,0.85155491829752,1048.0824259377926,False
4.216666666666657,Gold,0,248.5977865860586,485.95409182257026,332.00088932063807,270.13904638119106,1.0,0.0,0.6159310687478268,956.998325628412,False
4.233333333333324,Blue,0,229.4854817172098,389.72719083327354,4.932794445270287,268.83673056469075,1.0,0.0,0.9045155686122435,1054.0551847493282,False
4.233333333333324,Gold,0,245.74654895792418,482.46390997753167,333.2147380896783,270.405863776465,1.0,0.0,0.5694286677174105,961.4786035465196,False
4.24999999999999,Blue,0,228.55093920808542,385.36527112536925,6.956817449699104,267.65456779668625,1.0,0.0,0.947628690949891,1060.0650507197088,False
4.24999999999999,Gold,0,242.994930280776,478.97482386754865,334.5722593637984,266.61293670470246,0.0,0.0,0.6370831973983435,965.4455044326274,False
4.266666666666657,Blue,0,227.7514743690563,380.9969417075263,8.836744313271883,266.4530077779012,1.0,0.0,0.878601159618265,1064.5023098898066,False
4.266666666666657,Gold,0,240.31488905948916,475.42550311534836,335.8331803005593,266.85028667638215,1.0,0.0,0.5883823498464942,969.8686978611512,False
4.2833333333333234,Blue,0,227.08818012862918,376.6267783428638,10.810357065022876,265.2128079478795,1.0,0.0,0.9207242027854239,1070.5224353355632,False
4.2833333333333234,Gold,0,237.70911972350086,471.8172033259753,337.239544363809,267.04962147233783,1.0,0.0,0.6564840449265752,974.2842909276379,False
4.29999999999999,Blue,0,226.5610277634906,372.25891053478824,12.643762190879428,263.9738087341594,1.0,0.0,0.8537272605013388,1076.5536559028428,False
4.29999999999999,Gold,0,235.17945018442506,468.15143767050785,338.5361435569496,267.2329263841508,1.0,0.0,0.6054274004643467,978.2966893750366,False
4.316666666666657,Blue,0,226.16911306373467,367.89701633193175,14.354882592544334,262.7679307063016,1.0,0.0,0.7953103673629514,1080.9330378416528,False
4.316666666666657,Gold,0,232.72699738002,464.4298785574488,339.73834228659683,267.41783254558345,1.0,0.0,0.561503008637942,982.7190647117105,False
4.333333333333323,Blue,0,225.91203722156507,363.5451196183127,16.169518458397174,261.56898665684196,1.0,0.0,0.8419065139296418,1086.9416371431878,False
4.333333333333323,Gold,0,230.35396159713068,460.6540781544532,341.10324475370703,267.5755650960769,1.0,0.0,0.6376729819303328,986.7686490923143,False
4.34999999999999,Blue,0,225.78857305005445,359.20673624831477,17.86057472021093,260.4083892661609,1.0,0.0,0.7831710556940923,1092.9314231117273,False
4.34999999999999,Gold,0,228.0617406181507,456.82575065156095,342.3661402560185,267.72621565539043,1.0,0.0,0.5901558219615595,991.197691708865,False
4.3666666666666565,Blue,0,225.79794242157658,354.8857165344588,19.64596872918845,259.26179230568476,1.0,0.0,0.8254351674748897,1097.250531705057,False
4.3666666666666565,Gold,0,225.8527822032218,452.94656819133456,343.78999665664065,267.8417327807744,1.0,0.0,0.6655240532967888,995.2897798384033,False
4.383333333333323,Blue,0,225.93961298408018,350.58617489601454,21.5035628505535,258.1125023248322,1.0,0.0,0.8573543547177351,1103.1823254093133,False
4.383333333333323,Gold,0,223.72865584791694,449.01834935293425,345.1055591050292,267.9442808801673,1.0,0.0,0.6150131642749308,999.7247066639503,False
4.39999999999999,Blue,0,226.21218431399924,346.31159326516683,23.22382956933435,256.99578925583154,1.0,0.0,0.7926208222693845,1109.0650007900435,False
4.39999999999999,Gold,0,221.69195080642442,445.0429427896599,346.5804841810224,268.00613644041374,1.0,0.0,0.689619971212533,1003.8635813176205,False
4.416666666666656,Blue,0,226.61360445768025,342.06487121669727,24.823996550023907,255.93911510231624,1.0,0.0,0.7360669708269132,1113.3217009704806,False
4.416666666666656,Gold,0,219.7443158566647,441.0223129689715,347.9418304898889,268.05127455232,1.0,0.0,0.6365739514878541,1008.3031139899996,False
4.433333333333323,Blue,0,227.14222529835337,337.84922557412216,26.504165661033365,254.91957444857727,1.0,0.0,0.7716618549620584,1119.1170153421517,False
4.433333333333323,Gold,0,217.8866367211214,436.95846335225065,349.2054999997419,268.0989439006414,1.0,0.0,0.5909397677249082,1012.7311748356285,False
4.4499999999999895,Blue,0,227.79580469189926,333.6672657606377,28.06436035948128,253.96345024227563,1.0,0.0,0.7154835818508971,1123.3404167365327,False
4.4499999999999895,Gold,0,216.1209483517132,432.8534763951622,350.64185266636457,268.1172579462684,1.0,0.0,0.6717410902967238,1016.9370148296938,False
4.466666666666656,Blue,0,228.57246460167875,329.52190079686994,29.69588231637711,253.04960911617758,1.0,0.0,0.7471402860877223,1129.0387969305928,False
4.466666666666656,Gold,0,214.44842050158553,428.70945948696465,351.97171957442345,268.12834979085557,1.0,0.0,0.6219578670815338,1021.3696790378397,False
4.483333333333323,Blue,0,229.46979618529403,325.41541820032825,31.20851192400687,252.20279901688588,1.0,0.0,0.6917641289607559,1134.6577320669735,False
4.483333333333323,Gold,0,212.87566665000807,424.5292000783541,354.1098784500957,267.97993253850893,1.0,0.0,1.0,1025.6259131271638,False
4.499999999999989,Blue,0,230.48572501134169,321.3503899268997,32.784738869899506,251.40333823583993,1.0,0.0,0.7199526255155426,1138.8279160510965,False
4.499999999999989,Gold,0,211.40872237512013,420.31593899735964,356.2485143812219,267.67999550227205,1.0,0.0,1.0,1030.0543199803406,False
4.516666666666656,Blue,0,231.61771064976097,317.32876283099193,34.24394905261374,250.67419799983014,1.0,0.0,0.6657230281005155,1144.3386962762459,False
4.516666666666656,Gold,0,210.05305965363414,416.07331463427226,358.3881143956789,267.23708283559967,1.0,0.0,1.0,1034.3521963589344,False
4.533333333333323,Blue,0,232.8628898331956,313.3519433749797,35.6006255514605,250.0320600732534,1.0,0.0,0.6182838713032801,1148.486326341434,False
4.533333333333323,Gold,0,208.81360218653649,411.80531159059194,0.5291380579930092,266.66004060787037,1.0,0.0,1.0,1038.7657492909796,False
4.549999999999989,Blue,0,234.21879880643732,309.4216855241723,37.02401002452403,249.45439924600223,1.0,0.0,0.6480753692149896,1153.8903830506185,False
4.549999999999989,Gold,0,207.69474146959683,407.5162134707873,2.672016498896283,265.95782211997516,1.0,0.0,1.0,1043.0980344783147,False
4.566666666666656,Blue,0,235.68266778115782,305.53919436464844,38.34411818146239,248.95770709931472,1.0,0.0,0.600545352431471,1158.0205514144866,False
4.566666666666656,Gold,0,206.70035337385414,403.21055950734336,4.817152070653506,265.13933969962,1.0,0.0,1.0,1047.4876507176966,False
4.583333333333322,Blue,0,237.25207644837488,301.70599698796957,39.72234405027326,248.52204026188335,1.0,0.0,0.6265292990741393,1163.321799661275,False
4.583333333333322,Gold,0,205.83381504163492,398.89310472384676,6.96491847876187,264.2133534844055,1.0,0.0,1.0,1051.8481991708993,False
4.599999999999989,Blue,0,238.9243252333639,297.92307258307363,40.9979686331081,248.16317008653218,1.0,0.0,0.5795187452976016,1167.4393400456001,False
4.599999999999989,Gold,0,205.0980219386088,394.5687833568135,9.115661271133424,263.1883895483007,1.0,0.0,1.0,1056.2061689899135,False
4.616666666666656,Blue,0,240.6965373841934,294.19094062077,42.18368691775331,247.89183449590644,1.0,0.0,0.5383919977669205,1172.6442881813762,False
4.616666666666656,Gold,0,204.49540493244282,390.2426752738874,11.269698590442458,262.0726812252763,1.0,0.0,1.0,1060.5895438719294,False
4.633333333333322,Blue,0,242.56573772325763,290.50974010342105,43.29052058934873,247.71461354420737,1.0,0.0,0.5023743878497111,1176.7549280099402,False
4.633333333333322,Gold,0,204.02794729431022,385.9199751433747,13.427322115075498,260.8741286950826,1.0,0.0,1.0,1064.909375656855,False
4.649999999999989,Blue,0,244.52936711449675,286.88004531593356,44.4639304709836,247.60833728133372,1.0,0.0,0.5324546158489678,1181.872436197227,False
4.649999999999989,Gold,0,203.69720154134626,381.6059641274193,15.588798129984161,259.6002728735018,1.0,0.0,1.0,1069.3105561355478,False
4.666666666666655,Blue,0,246.58473870919414,283.30202207162523,45.554999949156695,247.58127922918422,1.0,0.0,0.49501453149319374,1185.9814074768224,False
4.666666666666655,Gold,0,203.50399434202072,377.30575790362445,17.69647511550354,258.27266467926296,1.0,0.0,0.973266368108332,1073.5870904772612,False
4.683333333333322,Blue,0,248.72951309227125,279.77622338466216,46.702932090650975,247.61407215071623,1.0,0.0,0.5207923795241065,1191.0207804381216,False
4.683333333333322,Gold,0,203.44791437357685,373.0237987473163,19.63751742197129,256.93958247990395,1.0,0.0,0.8945563809588641,1078.0028234287893,False
4.699999999999989,Blue,0,250.9612129610794,276.30277970758806,47.76718082286805,247.71568988677254,1.0,0.0,0.4828500879610971,1195.132583510832,False
4.699999999999989,Gold,0,203.52760147001396,368.76387802364917,21.432916758279855,255.63995888546467,1.0,0.0,0.8258040256911663,1082.2355951148002,False
4.716666666666655,Blue,0,253.27765921991224,272.88217437187774,48.880914984057966,247.86946338325416,1.0,0.0,0.5053765399448977,1200.1034748591885,False
4.716666666666655,Gold,0,203.74165607345253,364.52977370257537,23.237718650911503,254.37069719203353,1.0,0.0,0.8285368329143381,1086.6665971628513,False
4.733333333333322,Blue,0,255.67653641221867,269.51446423617625,49.91109826568567,248.08446148589942,1.0,0.0,0.4675687216287976,1204.2220760256193,False
4.733333333333322,Gold,0,204.08794681675317,360.3246092494501,24.908452027850974,253.16392176652542,1.0,0.0,0.7655557015981138,1090.8585341321416,False
4.7499999999999885,Blue,0,258.15545555195445,266.19936020155035,50.86818157606059,248.366337296882,1.0,0.0,0.4345271686677581,1209.1345639957822,False
4.7499999999999885,Gold,0,204.56443011272717,356.1515279412123,26.595605946013787,252.0117421300469,1.0,0.0,0.7717082261696824,1095.3062229728762,False
4.766666666666655,Blue,0,260.7120018024939,262.9362970360313,51.7612218347434,248.7179845365666,1.0,0.0,0.40561771407009317,1213.26426916528,False
4.766666666666655,Gold,0,205.168492653469,352.0130353283485,28.157683694918738,250.9407212380653,1.0,0.0,0.7132898037848339,1099.461918863869,False
4.783333333333322,Blue,0,263.3437703852228,259.72449343394686,52.5980895999669,249.14011661120873,1.0,0.0,0.38029947875013725,1217.4078646194841,False
4.783333333333322,Gold,0,205.89769365973697,347.91169542298366,29.740960864885384,249.93959921702904,1.0,0.0,0.7218353640036348,1103.9277259657533,False
4.799999999999988,Blue,0,266.0486949406642,256.56364891038515,53.49575858162842,249.61409781888236,1.0,0.0,0.4081811796273911,1222.2739948371989,False
4.799999999999988,Gold,0,206.74914414478937,343.84946126565853,31.206403758344823,249.03046279273755,1.0,0.0,0.6671345435199107,1108.4136664549662,False
4.816666666666655,Blue,0,268.8246764502089,253.45319755699975,54.33259259717706,250.14302202380267,1.0,0.0,0.38078255937470473,1226.434292416538,False
4.816666666666655,Gold,0,207.71964867296,339.8277553500184,32.568279294918376,248.2289085500342,1.0,0.0,0.6191624054473444,1112.5383171167316,False
4.8333333333333215,Blue,0,271.6698936297127,250.39299253214483,55.22154996542025,250.71181889509515,1.0,0.0,0.4048132855315725,1231.2643005004554,False
4.8333333333333215,Gold,0,208.80632700194542,335.8481655054271,33.96402489528593,247.5173093718848,1.0,0.0,0.6338186542820008,1117.0424836370992,False
4.849999999999988,Blue,0,274.5824683831239,247.38259061966772,56.04719399025541,251.32489118245866,1.0,0.0,0.3762949519106549,1235.4442542749528,False
4.849999999999988,Gold,0,210.00603722531474,331.9117683482178,35.25912921718834,246.9094933728422,1.0,0.0,0.5875064602085018,1121.1462527372114,False
4.866666666666655,Blue,0,277.5607565825411,244.42192408621034,56.918606937330594,251.9696190338049,1.0,0.0,0.39751157529102166,1240.2466391988428,False
4.866666666666655,Gold,0,211.31595245446513,328.01982800059346,36.587924962587124,246.38806642630757,1.0,0.0,0.6022563563854781,1125.6692492032964,False
4.883333333333321,Blue,0,280.6030453764659,241.51061071719562,57.72573153418352,252.65106351978585,1.0,0.0,0.3685336111421318,1244.4486564792653,False
4.883333333333321,Gold,0,212.7330208601782,324.17311763174916,37.81902558584817,245.96534044795635,1.0,0.0,0.5575540021067873,1129.7585291089665,False
4.899999999999988,Blue,0,283.70759092927483,238.6480199155881,58.476708126469056,253.37218685737778,1.0,0.0,0.343239676432864,1248.6670094335072,False
4.899999999999988,Gold,0,214.25450136285903,320.3726183633593,39.08368947143389,245.62432980600784,1.0,0.0,0.57240225134003,1134.3003640806712,False
4.9166666666666545,Blue,0,286.87264686128447,235.8333289473181,59.17858534133396,254.13427844073988,1.0,0.0,0.3211386434532315,1253.458000406165,False
4.9166666666666545,Gold,0,215.8774579695397,316.61884067771376,40.25362441499614,245.37605061926598,1.0,0.0,0.5292642067393025,1138.3811285355657,False
4.933333333333321,Blue,0,290.09648549717105,233.06557054183887,59.83748413997659,254.93732506011983,1.0,0.0,0.30181245965941805,1257.7021377613924,False
4.933333333333321,Gold,0,217.59884305808282,312.9119043858084,41.34035082226204,245.22715156175892,1.0,0.0,0.49144426337703173,1142.9419153767926,False
4.949999999999988,Blue,0,293.3776241737171,230.34424063582063,60.550399080029244,255.7683070664066,1.0,0.0,0.32694142716442265,1262.4824032671195,False
4.949999999999988,Gold,0,219.41556133055388,309.25160962539525,42.353881519134596,245.1807554697088,1.0,0.0,0.4582441919609366,1147.0208310206974,False
4.966666666666654,Blue,0,296.71456427515494,227.6686362730732,61.215897099815926,256.6291109900314,1.0,0.0,0.30557041811735,1266.7543590698704,False
4.966666666666654,Gold,0,221.32490495480357,305.6380980597495,43.41476389312309,245.2162557373925,1.0,0.0,0.47962080612180813,1151.601261284009,False
4.983333333333321,Blue,0,300.1058125187886,225.0379035716033,61.83997327252401,257.5203858095742,1.0,0.0,0.2869156495534373,1271.0439968672504,False
4.983333333333321,Gold,0,223.324091999551,302.0711773754382,44.40083024510018,245.33817319975483,1.0,0.0,0.4458197716363177,1155.6842178642817,False
4.999999999999988,Blue,0,303.5500863983599,222.45162570383874,62.514808246408236,258.431191539313,1.0,0.0,0.31066090004790503,1275.831940090564,False
4.999999999999988,Gold,0,225.41031785867622,298.55038645029475,45.32115847147169,245.54817341181567,1.0,0.0,0.41617202225342353,1159.7641471916131,False
5.016666666666654,Blue,0,307.0460806079865,219.9091858163951,63.14438174880252,259.3636712071007,1.0,0.0,0.2902158694227097,1280.1518665522474,False
5.016666666666654,Gold,0,227.58114803509156,295.07563906632475,46.290968154893164,245.8270589948767,1.0,0.0,0.43868141646149894,1164.3770791016493,False
5.033333333333321,Blue,0,310.5926641039325,217.41035280777407,63.81897738192097,260.3088842803615,1.0,0.0,0.3114000655579581,1284.9417328409916,False
5.033333333333321,Gold,0,229.83409225313687,291.6465562853294,47.19270235205139,246.17822593957112,1.0,0.0,0.40805377125427356,1168.4698821223901,False
5.049999999999987,Blue,0,314.18866635759633,214.9546626079371,64.44603887493778,261.26983683033455,1.0,0.0,0.28986435500517516,1289.2929566788087,False
5.049999999999987,Gold,0,232.16664761962085,288.262526767635,48.034700282591565,246.60270300956802,1.0,0.0,0.3812165679989654,1173.10410728689,False
5.066666666666654,Blue,0,317.8329002882511,212.54147040134683,65.03166498063098,262.24830836865397,1.0,0.0,0.2710975813831755,1293.6624475211404,False
5.066666666666654,Gold,0,234.57633128893042,284.9227586193025,48.824215085250614,247.09968841484283,1.0,0.0,0.357675654249066,1177.2145416993046,False
5.083333333333321,Blue,0,321.5243382379997,210.17051828426358,65.66199549808611,263.2361317943361,1.0,0.0,0.29221755866632826,1298.4729945606907,False
5.083333333333321,Gold,0,237.06102140624512,281.6268916371369,49.668710202124664,247.6512202989481,1.0,0.0,0.3828605841233568,1181.8702281098965,False
5.099999999999987,Blue,0,325.2619192326291,207.84133171387938,66.24838421389751,264.23595208802044,1.0,0.0,0.27224713743038365,1302.875197668306,False
5.099999999999987,Gold,0,239.6185695400042,278.37434090611856,50.45648941886894,248.25893613651314,1.0,0.0,0.3574351186542639,1186.0020439734317,False
5.116666666666654,Blue,0,329.04471673140256,205.5537863340245,66.87551718020936,265.2408618856441,1.0,0.0,0.29159886054337036,1307.2954061642006,False
5.116666666666654,Gold,0,242.24713500162713,275.16491471051506,51.294158600220435,248.90797979941573,1.0,0.0,0.38040859623444057,1190.6788225431612,False
5.13333333333332,Blue,0,332.87176158079143,203.30751699162641,67.45727763389438,266.2540021411739,1.0,0.0,0.2709088170897367,1312.1321504098944,False
5.13333333333332,Gold,0,244.94482032473476,271.9981657009319,52.07258916092405,249.6014811893994,1.0,0.0,0.35384194260615764,1194.8347704927842,False
5.149999999999987,Blue,0,336.7420632224261,201.1019703646224,67.99949706740709,267.2774113090448,1.0,0.0,0.2528792042240404,1316.586001788585,False
5.149999999999987,Gold,0,247.70999578112645,268.87401274757855,52.89725137390696,250.32678068892076,1.0,0.0,0.3752371292458818,1199.5321695972766,False
5.166666666666654,Blue,0,340.65462572990856,198.93644932056375,68.50722716594534,268.3122366981883,1.0,0.0,0.23715797709704844,1321.4375097084253,False
5.166666666666654,Gold,0,250.5409561451652,265.7920976034143,53.6613517402433,251.08790321103635,1.0,0.0,0.34804953634913005,1203.7143088165985,False
5.18333333333332,Blue,0,344.6084598503295,196.810150171259,68.9848576621014,269.358921082819,1.0,0.0,0.22344577504612673,1325.9256505844485,False
5.18333333333332,Gold,0,253.43595854190414,262.75184330400805,54.37255022182642,251.8870109709036,1.0,0.0,0.3243140079167688,1207.9063966116664,False
5.199999999999987,Blue,0,348.60259195412965,194.72219385773198,69.4362166480357,270.4173629545568,1.0,0.0,0.21148826375408447,1330.4323266365611,False
5.199999999999987,Gold,0,256.3932513721895,259.7525039359486,55.037478843650064,252.72479716849213,1.0,0.0,0.3035700326739885,1212.6427674341833,False
5.2166666666666535,Blue,0,352.6361915072496,192.67214087943972,69.93717505380887,271.4802262549578,1.0,0.0,0.2351032909216091,1335.318321675901,False
5.2166666666666535,Gold,0,259.41109626305513,256.79320681037143,55.661896294291154,253.60082441897404,1.0,0.0,0.28542575730943653,1216.8653870506328,False
5.23333333333332,Blue,0,356.70841956787126,190.65941475297046,70.40719658773007,272.5486896251607,1.0,0.0,0.22093863441976325,1339.8601976891923,False
5.23333333333332,Gold,0,262.48803888955325,253.873535554767,56.34259193306711,254.50226365050395,1.0,0.0,0.3115519321656528,1221.622862945253,False
5.249999999999987,Blue,0,360.8184395318187,188.68333709095643,70.85029158821455,273.6233347309518,1.0,0.0,0.20861831345672854,1344.4205199579085,False
5.249999999999987,Gold,0,265.62259698247567,250.992891720357,56.97803447951411,255.43067164901547,1.0,0.0,0.2912259699084885,1225.8775606823135,False
5.266666666666653,Blue,0,364.96553549793003,186.74363853161952,71.3403916934969,274.69802990125356,1.0,0.0,0.2311251741418019,1349.3442108840575,False
5.266666666666653,Gold,0,268.8135278304735,248.15108666607827,57.66465828905049,256.3755532721908,1.0,0.0,0.31511352348057997,1230.6562761321893,False
5.28333333333332,Blue,0,369.1489752603376,184.8398947096024,71.79960024322848,275.7743128502341,1.0,0.0,0.21691045316620539,1353.9401648132632,False
5.28333333333332,Gold,0,272.0595339453361,245.34771017545938,58.302956341983396,257.3396813652487,1.0,0.0,0.2933441675640065,1234.9439580195665,False
5.2999999999999865,Blue,0,373.368125181701,182.97204461645893,72.30167334337608,276.84711323369044,1.0,0.0,0.23754600755254174,1358.5542817294086,False
5.2999999999999865,Gold,0,275.3595239865934,242.5827286627089,58.988692872348864,258.31416015715763,1.0,0.0,0.3155950551759794,1239.2458036890248,False
5.316666666666653,Blue,0,377.6223239521528,181.139834628158,72.77014959470208,277.91855323291384,1.0,0.0,0.22201253067745697,1363.5176914199333,False
5.316666666666653,Gold,0,278.7123352355482,239.85585879006507,59.62421080305499,259.30249760544433,1.0,0.0,0.29290529426401335,1244.0651466333297,False
5.33333333333332,Blue,0,381.91089601067074,179.342861211173,73.20943586761649,278.990088613961,1.0,0.0,0.20851961934901908,1368.1674183581179,False
5.33333333333332,Gold,0,282.11676336956367,237.16662071624958,60.21597587445611,260.30688891077364,1.0,0.0,0.2731398611482412,1248.4016360984085,False
5.349999999999986,Blue,0,386.23325455091094,177.5810833108173,73.69144602392922,280.0569959741219,1.0,0.0,0.2291743920449658,1373.1545716550527,False
5.349999999999986,Gold,0,285.57158539559714,234.51438322203938,60.76958261613952,261.32847576591627,1.0,0.0,0.2559085307138247,1253.2421477236096,False
5.366666666666653,Blue,0,390.58878792359576,175.8542715518733,74.1415040518238,281.1212893415116,1.0,0.0,0.2143320446731103,1377.8395533361263,False
5.366666666666653,Gold,0,289.07557722942636,231.89840178431373,61.28988652889506,262.36757336729147,1.0,0.0,0.24087969988609004,1257.6140223065227,False
5.3833333333333195,Blue,0,394.97687178631185,174.16204984569072,74.56380769631316,282.18437136166415,1.0,0.0,0.20144270145523713,1382.5426016177644,False
5.3833333333333195,Gold,0,292.6277342843491,229.3183869617588,61.86603901377998,263.415007960416,1.0,0.0,0.26714841566736247,1262.4764629113067,False
5.399999999999986,Blue,0,399.3969611049146,172.50440322649396,75.02869432050296,283.24183101162646,1.0,0.0,0.2221172153211164,1387.5718166858092,False
5.399999999999986,Gold,0,296.227018043434,226.77387798741464,62.40417346754956,264.47255093137534,1.0,0.0,0.24991047639461073,1266.8840635416962,False
5.416666666666653,Blue,0,403.84848844078454,170.88113115345172,75.46303532888707,284.29560011090246,1.0,0.0,0.20786045231619,1392.3098744594845,False
5.416666666666653,Gold,0,299.87237501646325,224.264283217302,62.90920181565191,265.5411383111153,1.0,0.0,0.2349067767981481,1271.3085139994048,False
5.433333333333319,Blue,0,408.3308750071321,169.29188828485607,75.87085171483437,285.347044862914,1.0,0.0,0.19548356353866936,1397.0656583355083,False
5.433333333333319,Gold,0,303.56294545959537,221.78944774047855,63.46840117959484,266.6128935348618,1.0,0.0,0.26051986942303884,1276.2125400775703,False
5.449999999999986,Blue,0,412.84361230076837,167.7366889552028,76.32113145914288,286.392028888353,1.0,0.0,0.2161882651766014,1402.1376649859826,False
5.449999999999986,Gold,0,307.29782739327067,219.34903280518535,63.99026969325874,267.6899049527768,1.0,0.0,0.24351899754108963,1280.673601028119,False
5.466666666666653,Blue,0,417.3861716735331,166.2153635909418,76.74208254401591,287.43241895884387,1.0,0.0,0.20243344927656537,1406.9281055229953,False
5.466666666666653,Gold,0,311.07628137466793,216.9430923055092,64.56186050196223,268.7656061311941,1.0,0.0,0.26715241826886427,1285.599734614219,False
5.483333333333319,Blue,0,421.9580813913801,164.72807087455894,77.20278970596307,288.46461331064086,1.0,0.0,0.22190883130894967,1411.735837476394,False
5.483333333333319,Gold,0,314.8975086250258,214.57145829855853,65.09325525931105,269.84279131095644,1.0,0.0,0.24876744179773524,1290.097060190003,False
5.499999999999986,Blue,0,426.5588449793898,163.274757491994,77.63219121644222,289.49080014831566,1.0,0.0,0.20716089475274657,1416.8509220687047,False
5.499999999999986,Gold,0,318.760673275927,212.2337883531669,65.58971680792581,270.923367055734,1.0,0.0,0.23279111642298744,1294.611856996672,False
5.516666666666652,Blue,0,431.1879522682464,161.85520242893227,78.03439999144742,290.51260751939105,1.0,0.0,0.19435127758877968,1421.6927612307175,False
5.516666666666652,Gold,0,322.66509133750736,209.9301378529484,66.13620973379022,272.00115752751356,1.0,0.0,0.2566688758254383,1299.5790363240828,False
5.533333333333319,Blue,0,435.84488770049137,160.46905436538898,78.41299784028571,291.53118986994895,1.0,0.0,0.1832330425675348,1426.551569264654,False
5.533333333333319,Gold,0,326.61002471482493,207.66034722679535,66.6447043014215,273.0787721829872,1.0,0.0,0.2392115728181068,1304.130232775746,False
5.549999999999986,Blue,0,440.52913653405136,159.11586318842834,78.77111594945191,292.54730999618505,1.0,0.0,0.17359637076074108,1431.7100457195122,False
5.549999999999986,Gold,0,330.59486406371195,205.4246205671505,67.19971320349951,274.1508818134747,1.0,0.0,0.26151949015120834,1309.1194926016594,False
5.566666666666652,Blue,0,445.2401894294072,157.79510651062836,79.11150395680407,293.561413174923,1.0,0.0,0.16526342229613533,1436.6027235087788,False
5.566666666666652,Gold,0,334.6189361681192,203.22291810242038,67.7146636485032,275.2205300496359,1.0,0.0,0.24303863785037905,1313.7064976035676,False
5.583333333333319,Blue,0,449.97759594429635,156.50667140749815,79.49869455307602,294.56935992776425,1.0,0.0,0.1882847508970258,1441.5121376628001,False
5.583333333333319,Gold,0,338.6815259285956,201.05500640905578,68.19480121093216,276.2899129895187,1.0,0.0,0.22697648456029285,1318.311136302352,False
5.599999999999985,Blue,0,454.7408996869629,155.25031375489664,79.86394536812855,295.57230849006334,1.0,0.0,0.17789604867568798,1446.7142396489267,False
5.599999999999985,Gold,0,342.7818934060293,198.92050090978984,68.6446723275023,277.3605196040235,1.0,0.0,0.21301469370121495,1323.34082470896,False
5.616666666666652,Blue,0,459.5296439416749,154.0256893206816,80.21024818334494,296.57106323930293,1.0,0.0,0.16893264001097208,1451.657086552876,False
5.616666666666652,Gold,0,346.9192869986643,196.81890173711312,69.06823043990809,278.43326195463715,1.0,0.0,0.20088276863416965,1327.9813783728857,False
5.633333333333319,Blue,0,464.343418403919,152.83283914569571,80.60166913911092,297.5619901935413,1.0,0.0,0.19124155776777485,1456.886169160676,False
5.633333333333319,Gold,0,351.0930955743073,194.75014868493213,69.54530488765637,279.50223967129386,1.0,0.0,0.22663482263672208,1332.639498231636,False
5.649999999999985,Blue,0,469.18180400792187,151.6716529406694,80.9704726838509,298.5464505914575,1.0,0.0,0.18047192882133523,1461.861783429005,False
5.649999999999985,Gold,0,355.3026748974512,192.71400942059964,69.99170913996784,280.56927175610065,1.0,0.0,0.21241162172861294,1337.7097453502947,False
5.666666666666652,Blue,0,474.0443788967994,150.54190299316576,81.31977514788004,299.5254416202017,1.0,0.0,0.17119427110490903,1466.853872669626,False
5.666666666666652,Gold,0,359.5473616974135,190.71011808242937,70.41149410868547,281.6355934357114,1.0,0.0,0.20007193369366227,1342.40366524284,False
5.6833333333333185,Blue,0,478.9307574148508,149.4437318456782,81.71313145760614,300.49563991355024,1.0,0.0,0.19308298331640827,1472.1259930047115,False
5.6833333333333185,Gold,0,363.8266153025405,188.73853007021253,70.88310479472516,282.69597546635583,1.0,0.0,0.22514014636406188,1347.4963755626195,False
5.699999999999985,Blue,0,483.84054472869286,148.37711815321885,82.08365297197302,301.45851198793935,1.0,0.0,0.18215311955001923,1477.1501594840845,False
5.699999999999985,Gold,0,368.13985843958403,186.7991157115067,71.32417568462975,283.75239186732256,1.0,0.0,0.2109040512011937,1352.2254782966236,False
5.716666666666652,Blue,0,488.77334271540326,147.34191233739432,82.43451243300514,302.4151606843144,1.0,0.0,0.17274984392182446,1482.1904116262415,False
5.716666666666652,Gold,0,372.4864914153834,184.89160047600555,71.73876986522731,284.8062452965365,1.0,0.0,0.19856625703150677,1356.9722355119593,False
5.733333333333318,Blue,0,493.72878058386624,146.33832563658916,82.82873244814157,303.3624608339449,1.0,0.0,0.1943932386927152,1487.5048138080695,False
5.733333333333318,Gold,0,376.8660224603235,183.01611847593531,72.20391247642127,285.8527762017616,1.0,0.0,0.22313799571848136,1362.1048714374447,False
5.749999999999985,Blue,0,498.70647938882,145.36639755481445,83.20016959509641,304.30193315246987,1.0,0.0,0.18343423250441404,1492.576382035214,False
5.749999999999985,Gold,0,381.27792259875804,181.1726108460084,72.63894328576947,286.89402149090336,1.0,0.0,0.2090300889705059,1366.8863574864367,False
5.7666666666666515,Blue,0,503.70605757961937,144.4260326118099,83.55201435098955,305.2347390501509,1.0,0.0,0.17401804252229702,1497.6636275081617,False
5.7666666666666515,Gold,0,385.7217507629802,179.36138597387605,73.12062454859199,287.9258922813887,1.0,0.0,0.23181819257094638,1371.685101438963,False
5.783333333333318,Blue,0,508.7271528425913,143.5174900970348,83.94674981952046,306.1578836279966,1.0,0.0,0.19552119894452247,1503.0194341257657,False
5.783333333333318,Gold,0,390.1970203210413,177.5825249600181,73.56962921541364,288.9508311913216,1.0,0.0,0.21643745005678738,1376.856940441267,False
5.799999999999985,Blue,0,513.7693965987899,142.64085268028927,84.31891102009143,307.0729146741907,1.0,0.0,0.18461099629533706,1508.1371943352756,False
5.799999999999985,Gold,0,394.7032146235425,175.8359278841398,73.99030804993926,289.97068537095225,1.0,0.0,0.2031058559087775,1381.6897263026092,False
5.816666666666651,Blue,0,518.8324306963577,141.7965262147349,84.73151643118644,307.9771505044696,1.0,0.0,0.20497244288735672,1513.2701468436821,False
5.816666666666651,Gold,0,399.23989821444803,174.12186901964316,74.45780071456971,290.98141669498864,1.0,0.0,0.2260655989123883,1386.8837057912294,False
5.833333333333318,Blue,0,523.9158897039651,140.98470955608988,85.11931369659453,308.8724111496557,1.0,0.0,0.19292691339709833,1518.6663195584438,False
5.833333333333318,Gold,0,403.8065969521297,172.44040440023693,74.89420763282038,291.9853048655195,1.0,0.0,0.21136551120463665,1391.7497554901956,False
5.8499999999999845,Blue,0,529.0194065051394,140.20543662500904,85.4857556858581,309.76013324431835,1.0,0.0,0.1825641451492146,1523.8288828343,False
5.8499999999999845,Gold,0,408.40281181706547,170.7914165724234,75.30366868777158,292.98407292438304,1.0,0.0,0.19862520520555194,1396.6327836089824,False
5.866666666666651,Blue,0,534.1426185741494,139.4590741614757,85.8932130367746,310.63755695613605,1.0,0.0,0.2032872951498348,1529.0061748983032,False
5.866666666666651,Gold,0,413.0281171274724,169.17516521681765,75.75981049215106,293.9737804164056,1.0,0.0,0.22161465993432827,1401.8649916346844,False
5.883333333333318,Blue,0,539.2851607507737,138.7457904092179,86.27689650774272,311.50641967468226,1.0,0.0,0.19169584168747278,1534.4417239602299,False
5.883333333333318,Gold,0,417.6820539385223,167.59169766923347,76.18614896456856,294.9565905956178,1.0,0.0,0.20745546892682043,1406.7806239560562,False
5.899999999999984,Blue,0,544.4466697310199,138.0655959295558,86.64013775302939,312.36808758253466,1.0,0.0,0.1817360827269603,1539.6477724389135,False
5.899999999999984,Gold,0,422.36414243949855,166.04089263229426,76.58665869842363,295.9341419587338,1.0,0.0,0.19518729297076476,1411.7128353717824,False
5.916666666666651,Blue,0,549.6267802772398,137.418839941214,87.04474631825612,313.2197613278122,1.0,0.0,0.2027137930087548,1544.8680988739284,False
5.916666666666651,Gold,0,427.07396780663026,164.52300645860015,77.0335449589155,296.90261085178764,1.0,0.0,0.21812277599863705,1416.982742829197,False
5.933333333333318,Blue,0,554.8251284407177,136.80567846165073,87.42638815617767,314.0631246477545,1.0,0.0,0.19146979134525743,1550.3421069245799,False
5.933333333333318,Gold,0,431.8110865618688,163.03808714923716,77.45170521352009,297.8640730997714,1.0,0.0,0.20441235288780213,1421.9468882394679,False
5.949999999999984,Blue,0,560.041355115473,136.22611436967495,87.78831066123566,314.89949973427014,1.0,0.0,0.18182388092541935,1555.5903657091737,False
5.949999999999984,Gold,0,436.57503775856935,161.5860173205519,77.84497913613308,298.8201065037633,1.0,0.0,0.19253785303506632,1426.9272107831816,False
5.966666666666651,Blue,0,565.2750923383268,135.68049274218072,88.19183360442472,315.7260676627549,1.0,0.0,0.20299741766030976,1561.088618904493,False
5.966666666666651,Gold,0,441.36535150186995,160.1665506081555,78.21672483104815,299.77186229645025,1.0,0.0,0.18227234879512721,1432.2343771507633,False
5.983333333333317,Blue,0,570.52597697607,135.16896878910578,88.57305394885516,316.54447782333295,1.0,0.0,0.19203447162355403,1566.3640449127388,False
5.983333333333317,Gold,0,446.181555406642,158.77934247634545,78.56989271583544,300.7201343972255,1.0,0.0,0.17342350832210585,1437.2461599804242,False
5.999999999999984,Blue,0,575.7936534342726,134.69154748535303,88.935160056305,317.35602551469964,1.0,0.0,0.18264797170449043,1571.6532651809825,False
5.999999999999984,Gold,0,451.0232394080563,157.42447593980188,78.97335588462865,301.6608066770174,1.0,0.0,0.1984180458876903,1442.5753637271682,False
6.016666666666651,Blue,0,581.0777500774807,134.24857816021517,89.33904182627943,318.15788056873777,1.0,0.0,0.20398820641500492,1577.1885846845512,False
6.016666666666651,Gold,0,455.8899793766965,156.1018771636861,79.35405128172762,302.5953264705073,1.0,0.0,0.18749995130117014,1447.6179503719175,False
6.033333333333317,Blue,0,586.3779034459465,133.8402224251014,89.72119544944081,318.95167108571866,1.0,0.0,0.19326557615810813,1582.5041789832585,False
6.033333333333317,Gold,0,460.7813443846055,154.8113503015244,79.7151384677388,303.5247607711904,1.0,0.0,0.1781060193386299,1452.6764964291297,False
6.049999999999984,Blue,0,591.6937601673945,133.46649358671255,90.08476849153722,319.73867663982855,1.0,0.0,0.18410642772582264,1587.8331276375086,False
6.049999999999984,Gold,0,465.6969524886439,153.55310240273383,80.12445645941571,304.4454087455986,1.0,0.0,0.2021937787704644,1458.0423542306144,False
6.06666666666665,Blue,0,597.0249434425051,133.12775062710472,90.4902715767292,320.5160571013673,1.0,0.0,0.20560236960485234,1593.4046453813387,False
6.06666666666665,Gold,0,470.63640632577085,152.32716705745665,80.51048247409445,305.35886764210727,1.0,0.0,0.19096722587450898,1463.1310371421978,False
6.083333333333317,Blue,0,602.3710879000554,132.82416626170968,90.87456629159645,321.2854283973469,1.0,0.0,0.19509625523550156,1598.7591837312775,False
6.083333333333317,Gold,0,475.59930050630913,151.1334416559892,80.87648023487615,306.26634867837834,1.0,0.0,0.1813226114148474,1468.2352908698563,False
6.099999999999984,Blue,0,607.7317990843916,132.5562315374411,91.29892713991558,322.0441713585385,1.0,0.0,0.2157075842722218,1604.1265729439694,False
6.099999999999984,Gold,0,480.5852675335948,149.972209733841,81.28916749186338,307.16441263125756,1.0,0.0,0.20474940350007742,1473.6370823190941,False
6.11666666666665,Blue,0,613.1066966460742,132.3242232453495,91.70006109540539,322.79415410792143,1.0,0.0,0.20415416853403023,1609.7333251156085,False
6.11666666666665,Gold,0,485.59392537595704,148.843571807869,81.6784717098904,308.05473055818595,1.0,0.0,0.19342523051899363,1478.7707318498365,False
6.133333333333317,Blue,0,618.4954154374527,132.12824756775657,92.08132606025359,323.53687277272246,1.0,0.0,0.19428035231440788,1615.1254434101054,False
6.133333333333317,Gold,0,490.62491780311007,147.74797388568456,82.11104192751527,308.93428199699133,1.0,0.0,0.2152279007174691,1483.9194708228724,False
6.1499999999999835,Blue,0,623.8975537737348,131.96874236738586,92.50361832862268,324.269557386727,1.0,0.0,0.21544863790313684,1620.5299336482892,False
6.1499999999999835,Gold,0,495.6778713201172,146.68564554924825,82.51777162207061,309.8050526733716,1.0,0.0,0.20265586074190622,1489.3563005056399,False
6.16666666666665,Blue,0,629.3127281699161,131.84594264298406,92.90378792314205,324.99399478780146,1.0,0.0,0.2044075055856176,1626.1710259167114,False
6.16666666666665,Gold,0,500.75240313769996,145.65664369574333,82.902260842752,310.6686091896552,1.0,0.0,0.19184192981563797,1494.533572886034,False
6.183333333333317,Blue,0,634.7405733611097,131.75992267690555,93.28509018074324,325.71160598734804,1.0,0.0,0.19500196932045633,1631.5994440661366,False
6.183333333333317,Gold,0,505.8481496633628,144.66137466770155,83.32986642396355,311.52190152723114,1.0,0.0,0.21365084985502136,1499.7254687588675,False
6.199999999999983,Blue,0,640.1806795324148,131.711096930892,93.70814515295189,326.4195165592363,1.0,0.0,0.2166102634937026,1637.2627598332385,False
6.199999999999983,Gold,0,510.9647354841762,143.70003666839708,83.73266790716775,312.3668297984893,1.0,0.0,0.20153379398778526,1505.1965106429818,False
6.21666666666665,Blue,0,645.6326586616623,131.6996841955639,94.10993646098825,327.1194644691735,1.0,0.0,0.20596291734203476,1642.7143832176398,False
6.21666666666665,Gold,0,516.1017800871354,142.77266232541504,84.11414488246697,313.20488746079036,1.0,0.0,0.19112419908811873,1510.416126133411,False
6.2333333333333165,Blue,0,651.0961435906263,131.72574890265267,94.49366141150858,327.81282613207935,1.0,0.0,0.19692900781223344,1648.17786868478,False
6.2333333333333165,Gold,0,521.2589150568721,141.8796347280149,84.53843190000997,314.03302658936906,1.0,0.0,0.2128597814475235,1515.907854070022,False
6.249999999999983,Blue,0,656.5707141975383,131.78970118150784,94.91974246020415,328.49664778583474,1.0,0.0,0.21891669548196901,1653.8742127996286,False
6.249999999999983,Gold,0,526.4357648250527,141.0211348030791,84.938782819229,314.85308370149164,1.0,0.0,0.201119905732714,1521.1544370317567,False
6.26666666666665,Blue,0,662.0559755054896,131.89176011571976,95.3252750135297,329.17264089413146,1.0,0.0,0.20859462772605575,1659.3601505758304,False
6.26666666666665,Gold,0,531.6319523025876,140.1971830538382,85.31858496195896,315.66649938243967,1.0,0.0,0.19105002414779548,1526.4151581404058,False
6.283333333333316,Blue,0,667.5515558574406,132.03199465862318,95.71343012944858,329.8421575153507,1.0,0.0,0.19987955341721886,1664.8574940271315,False
6.283333333333316,Gold,0,536.8471051818157,139.40814970268778,85.74081604274829,316.4702441914796,1.0,0.0,0.21267255010240227,1531.9400166164025,False
6.299999999999983,Blue,0,673.0570218663208,132.21082311369852,96.14449044818765,330.502175679086,1.0,0.0,0.2222197442026399,1670.58607249406,False
6.299999999999983,Gold,0,542.080848196411,138.65420738179486,86.13987264381849,317.26610578158403,1.0,0.0,0.20126174631048777,1537.2269472675753,False
6.3166666666666496,Blue,0,678.5719685269745,132.4284758360473,96.55564097324974,331.1543956504902,1.0,0.0,0.21218793199695085,1676.1051250777011,False
6.3166666666666496,Gold,0,547.3328077636731,137.93537227303779,86.51906939852631,318.05548502589573,1.0,0.0,0.1914926138105102,1542.5275653864587,False
6.333333333333316,Blue,0,684.0959247635698,132.68550748040997,97.00832120399103,331.7959734115023,1.0,0.0,0.23387375537557276,1681.6350540649469,False
6.333333333333316,Gold,0,552.6026076876739,137.2520085055193,86.94028997230087,318.83537789887345,1.0,0.0,0.21298735374653432,1548.0849153281854,False
6.349999999999983,Blue,0,689.6284534545042,132.98225646621037,97.43911019966585,332.4288814704719,1.0,0.0,0.22280119578316615,1687.3949577332282,False
6.349999999999983,Gold,0,557.8898727053479,136.6042863399965,87.3390301251195,319.607533288852,1.0,0.0,0.20187616718807888,1553.4110027278841,False
6.366666666666649,Blue,0,695.1691482296524,133.3188902301452,97.85141998925937,333.0547029791807,1.0,0.0,0.21346847467141394,1692.9457630528093,False
6.366666666666649,Gold,0,563.1942176669055,135.99269290720272,87.77735607994721,320.3692232310343,1.0,0.0,0.22219707045948311,1558.7502656511451,False
6.383333333333316,Blue,0,700.7174171477465,133.69640773017122,98.36747971253332,333.6658610363546,1.0,0.0,0.2674623179784561,1698.7262858606275,False
6.383333333333316,Gold,0,568.5152596466481,135.41749457984952,88.19123913395826,321.1224487909615,1.0,0.0,0.21006713881168437,1564.339398486799,False
6.399999999999983,Blue,0,706.2727182446489,134.11549672672842,98.85472282686816,334.2651957823485,1.0,0.0,0.252784674315091,1704.2970426812349,False
6.399999999999983,Gold,0,573.8526218162297,134.8787817585343,88.58415858070653,321.86880426544366,1.0,0.0,0.19967238208512583,1569.7033212806639,False
6.416666666666649,Blue,0,711.8345557969083,134.5765935901982,99.31734253922369,334.85508834540224,1.0,0.0,0.24025002117656769,1709.8779273560465,False
6.416666666666649,Gold,0,579.2059111747533,134.3769724444594,89.01713204756399,322.6054406819426,1.0,0.0,0.22029545452292432,1575.0799358392412,False
6.433333333333316,Blue,0,717.4023515089278,135.08042819519792,99.82027195889668,335.4327268468684,1.0,0.0,0.2614413002900182,1715.6879797437912,False
6.433333333333316,Gold,0,584.5747421037504,133.91227764092216,89.42695213462838,323.3342426909452,1.0,0.0,0.2087665950358577,1580.7002330737748,False
6.449999999999982,Blue,0,722.9755800789244,135.62746548490915,100.29746001180588,336.00067762303655,1.0,0.0,0.24829964000527838,1721.2878211257614,False
6.449999999999982,Gold,0,589.9587389469629,133.4847442296366,89.81695993776637,324.0566996248572,1.0,0.0,0.19891138009481857,1586.1007649634175,False
6.466666666666649,Blue,0,728.5536270617748,136.21846100075925,100.81513327537209,336.55606046171437,1.0,0.0,0.2696217973033619,1726.897088784545,False
6.466666666666649,Gold,0,595.3575029032706,133.09475247940753,90.2472546129687,324.7698953970765,1.0,0.0,0.2197186747382247,1591.740673156121,False
6.483333333333316,Blue,0,734.1359380593989,136.85389452378894,101.30610877416927,337.10161466682734,1.0,0.0,0.2559546750567776,1732.7357359241432,False
6.483333333333316,Gold,0,600.7706467795957,132.74248498240007,90.65541544761389,325.47563419536647,1.0,0.0,0.2086608607462921,1597.164455337168,False
6.499999999999982,Blue,0,739.7220122199914,137.53402536100575,101.77435514398813,337.63958437976737,1.0,0.0,0.2443289141240257,1738.3630147937674,False
6.499999999999982,Gold,0,606.1977964859368,132.4279682965746,91.0446908553472,326.17533452197534,1.0,0.0,0.19923726358963734,1602.6004279656297,False
6.516666666666649,Blue,0,745.3112428706785,138.2594442205717,102.28634432073923,338.1665779437972,1.0,0.0,0.26739498599021516,1744.2211257523365,False
6.516666666666649,Gold,0,611.6385474350722,132.1515651918411,91.47437200366288,326.86604357223524,1.0,0.0,0.22017099295025666,1608.2707089941175,False
6.5333333333333155,Blue,0,750.9030851244132,139.03049795541443,102.77398067237557,338.68511208732394,1.0,0.0,0.25490181667901624,1749.8656923714736,False
6.5333333333333155,Gold,0,617.0925103435294,131.91344730344238,91.88277178669001,327.5495100411085,1.0,0.0,0.20950463845323242,1613.7292489524018,False
6.549999999999982,Blue,0,756.4970479859988,139.84734055424724,103.24102833229661,339.1972116351244,1.0,0.0,0.2443523939505159,1755.5189791848914,False
6.549999999999982,Gold,0,622.5593117568351,131.71363598608696,92.27307767439486,328.22710448443104,1.0,0.0,0.20044856552480894,1619.199527586316,False
6.566666666666649,Blue,0,762.0925178255185,140.71048427488805,103.75445387442154,339.69910112751126,1.0,0.0,0.26884813942426433,1761.4047445414578,False
6.566666666666649,Gold,0,628.0385401250728,131.5524898712775,92.70386664059224,328.89585235120757,1.0,0.0,0.22148711670515908,1624.8996894404156,False
6.583333333333315,Blue,0,767.688944649224,141.62021709252258,104.24524670194675,340.1931586220668,1.0,0.0,0.2572141120119795,1767.074582975988,False
6.583333333333315,Gold,0,633.5298025868506,131.43018126463704,93.11412594344266,329.55746410875895,1.0,0.0,0.2111653091831336,1630.3918674727583,False
6.599999999999982,Blue,0,773.2856496058693,142.57716958291988,104.78226796222839,340.67566978904654,1.0,0.0,0.2816758805080717,1772.7524629501468,False
6.599999999999982,Gold,0,639.0326632864569,131.34719326669017,93.56315131261604,330.20918581025427,1.0,0.0,0.23137191902025123,1635.8952688649183,False
6.6166666666666485,Blue,0,778.8820271122866,143.58172374560414,105.29500687999202,341.1493117923018,1.0,0.0,0.269158376289905,1778.6653203581764,False
6.6166666666666485,Gold,0,644.5467089197226,131.3037961557149,93.9897721252521,330.8529842663077,1.0,0.0,0.22006493287893392,1641.6247136349164,False
6.633333333333315,Blue,0,784.4775344871922,144.6340656734297,105.78736938075521,341.6162389823665,1.0,0.0,0.2586686555359332,1784.3589241698446,False
6.633333333333315,Gold,0,650.0715480965092,131.30009182203105,94.39735514020452,331.49042511843084,1.0,0.0,0.21046927895362444,1647.1492671526967,False
6.649999999999982,Blue,0,790.0055030777462,145.71542311316625,106.3289880771268,337.9644572174001,0.0,0.0,0.2847705365205666,1790.2222117117524,False
6.649999999999982,Gold,0,655.6067382831159,131.33650536218585,94.84458474394195,332.1185975703959,1.0,0.0,0.23118673833546133,1652.897680713099,False
6.666666666666648,Blue,0,795.5319548727125,146.84562955326507,106.85151683540926,338.4501879768682,1.0,0.0,0.27304837235917034,1795.8629866208225,False
6.666666666666648,Gold,0,661.1518631548628,131.4132625881109,95.27066815244469,332.739365651242,1.0,0.0,0.22048575119682745,1658.4427346280836,False
6.683333333333315,Blue,0,800.9903132667235,148.00523447340822,107.49494290931153,334.81053708305893,0.0,0.0,0.3364980203795298,1801.443138207874,False
6.683333333333315,Gold,0,666.6381182488927,131.52362973470704,95.67887475206552,329.24190667310904,0.0,0.0,0.21145335385411457,1663.9299031866615,False
6.6999999999999815,Blue,0,806.4459217827731,149.21592968276636,108.10801164132265,335.2998804253849,1.0,0.0,0.3186720632837865,1807.2658849433633,False
6.6999999999999815,Gold,0,672.1341486130794,131.67486176631616,96.13027601229624,329.88663993743,1.0,0.0,0.23247465769171072,1669.6387006941218,False
6.716666666666648,Blue,0,811.8980002965027,150.47822269397057,108.69087989024149,335.77783958687,1.0,0.0,0.3032218142158669,1812.8621822697005,False
6.716666666666648,Gold,0,677.6395260927075,131.86714953706803,96.56079955332592,330.5240699372959,1.0,0.0,0.22195938543549687,1675.1469859069268,False
6.733333333333315,Blue,0,817.2807277376712,151.77018898876426,109.32215599836205,332.1363482156844,0.0,0.0,0.32866740155620633,1818.636911490366,False
6.733333333333315,Gold,0,683.1538501297239,132.10053363448972,96.97373440108383,331.15563682312455,1.0,0.0,0.21311653138624642,1680.6661664396772,False
6.749999999999981,Blue,0,822.6588096347737,153.11529167746767,109.92636674433186,332.62447006549695,1.0,0.0,0.31267069060094244,1824.180608581105,False
6.749999999999981,Gold,0,688.6084793069616,132.36649919799595,97.42729166312522,327.6665709402196,0.0,0.0,0.23432734982375436,1686.336116255659,False
6.766666666666648,Blue,0,828.0315228334134,154.5137636512094,110.5034486709375,333.10415115132156,1.0,0.0,0.2988745636476011,1829.7322582223617,False
6.766666666666648,Gold,0,694.07183404438,132.67419388267706,97.86369447142566,328.320751127718,1.0,0.0,0.22416578061161374,1691.80782059178,False
6.783333333333315,Blue,0,833.33382322995,155.941416694958,111.13393338187903,329.46820446041835,0.0,0.0,0.3267931729785598,1835.468179841244,False
6.783333333333315,Gold,0,699.5432946681834,133.02456897116483,98.39879643401555,328.9600562646921,1.0,0.0,0.27516149421583336,1697.290464758405,False
6.799999999999981,Blue,0,838.6296825001257,157.42358912900332,111.73951821655292,329.96160067725606,1.0,0.0,0.3119971029608557,1840.9675308436542,False
6.799999999999981,Gold,0,705.0222950708178,133.4182574937136,98.90322512645676,329.5875753627177,1.0,0.0,0.2596629879846333,1702.9912477926061,False
6.816666666666648,Blue,0,843.9180938081024,158.96093714623723,112.39930669186249,330.4400688753511,1.0,0.0,0.34020076603234983,1846.726275057746,False
6.816666666666648,Gold,0,710.5083188140039,133.85563578747303,99.38137712072444,330.205879138388,1.0,0.0,0.24639245287061584,1708.4945585233984,False
6.833333333333314,Blue,0,849.1349123588068,160.5269268012915,113.02793863212051,326.80738946137177,0.0,0.0,0.3243930442471168,1852.173054109048,False
6.833333333333314,Gold,0,715.9330452418218,134.3255349949716,99.89686917910116,326.7024081557142,0.0,0.0,0.26590616284347846,1714.1472711392616,False
6.849999999999981,Blue,0,854.3432882912235,162.1488261754339,113.63420919287115,327.3039180327615,1.0,0.0,0.3109801150219358,1857.627932747488,False
6.849999999999981,Gold,0,721.3643420800277,134.84025418698516,100.3883794103211,327.33792369475924,1.0,0.0,0.252071379500709,1719.602564436213,False
6.866666666666648,Blue,0,859.5418650792944,163.8277423596395,114.3861017661535,327.77775493496335,1.0,0.0,0.385991385903349,1863.3502950245115,False
6.866666666666648,Gold,0,726.8017177019398,135.3999430437285,100.85594970417405,327.9663076787849,1.0,0.0,0.24004524016097584,1725.0686439965016,False
6.883333333333314,Blue,0,864.6672158297629,165.53521739441715,115.09762565982331,324.13714491705366,0.0,0.0,0.3655535462611059,1868.7525167311344,False
6.883333333333314,Gold,0,732.1771874552586,135.99151277943957,101.36366369621076,324.47537249504336,0.0,0.0,0.2609251206215113,1730.6845866988042,False
6.899999999999981,Blue,0,869.7808366246668,167.3016788437568,115.86935528851131,324.6077837481334,1.0,0.0,0.39411550305765886,1874.4310879860661,False
6.899999999999981,Gold,0,737.5583058464897,136.62885068405188,101.84901944372626,325.12379962464496,1.0,0.0,0.24800458498696898,1736.1031691992823,False
6.916666666666647,Blue,0,874.8815371977176,169.1277031760243,116.59966942632623,325.0622099116334,1.0,0.0,0.37325333728899324,1879.8487611222174,False
6.916666666666647,Gold,0,742.9445974814546,137.31197449914524,102.3119584559317,325.76627297052323,1.0,0.0,0.2368023887848132,1741.5326049599964,False
6.933333333333314,Blue,0,879.9072049879961,170.98202665910367,117.29483188712763,321.41105821877346,0.0,0.0,0.35555323482407,1885.2051564631993,False
6.933333333333314,Gold,0,748.268445607399,138.02598188365215,102.81733223325338,322.29085542054634,0.0,0.0,0.25878196440583245,1747.1134784362785,False
6.949999999999981,Blue,0,884.9182542773609,172.8971064800227,118.0585998217543,321.87159632897647,1.0,0.0,0.3883118827930474,1890.849288569836,False
6.949999999999981,Gold,0,753.597041603703,138.78639396837752,103.30139883464548,322.9547686434158,1.0,0.0,0.2464615859854682,1752.4960271749353,False
6.966666666666647,Blue,0,889.9135803366069,174.87322294838313,118.78465553531441,322.31963552496563,1.0,0.0,0.3694164100617243,1896.2209041822052,False
6.966666666666647,Gold,0,758.9297541558235,139.59364148021572,103.82750073956481,323.6079389509511,1.0,0.0,0.26815513791883205,1757.8894224251785,False
6.983333333333314,Blue,0,894.8315537554205,176.87765460814825,119.67941323657475,318.6458092876403,0.0,0.0,0.45558563353456805,1901.823609267282,False
6.983333333333314,Gold,0,764.2660238949911,140.4479170536254,104.32684813727792,324.25302056284437,1.0,0.0,0.25479096846594373,1763.5054546469125,False
6.9999999999999805,Blue,0,899.730901999286,178.94557413637438,120.52792482064626,319.0731198386859,1.0,0.0,0.4294562218762614,1907.1412588051714,False
6.9999999999999805,Gold,0,769.5388856893121,141.3316603218394,104.80345656377818,320.78445286211473,0.0,0.0,0.24344601857011128,1768.8518604095113,False
7.016666666666647,Blue,0,904.5515452303415,181.041621663762,121.33109400972513,315.39698640519936,0.0,0.0,0.4067899130287991,1912.3968060860227,False
7.016666666666647,Gold,0,774.814850960269,142.26294534279393,105.32861285554499,321.4516523369451,1.0,0.0,0.2667247670306345,1774.4246041236881,False
7.033333333333314,Blue,0,909.3511220557107,183.20261113189716,122.2087931657574,315.8178707141864,1.0,0.0,0.44189334550705794,1917.9674685536618,False
7.033333333333314,Gold,0,780.0933660459139,143.24188362930775,105.82809787223596,322.1113938398602,1.0,0.0,0.2539630509497073,1779.7931134181556,False
7.04999999999998,Blue,0,914.1282239920496,185.4288481306057,123.03932950194188,316.2223943754285,1.0,0.0,0.41843338023078047,1923.2367700254097,False
7.04999999999998,Gold,0,785.3739407575088,144.2684160173842,106.30586130500075,322.7656377352119,1.0,0.0,0.2431809181111717,1785.1724322298132,False
7.066666666666647,Blue,0,918.8240451877009,187.68260980406313,123.94296167868549,312.51982685292825,0.0,0.0,0.45555830045273993,1928.7688782911498,False
7.066666666666647,Gold,0,790.5901360426017,145.32294106211197,106.83144447752558,319.30327082549445,0.0,0.0,0.2678077565589554,1790.714002180967,False
7.0833333333333135,Blue,0,923.4947222746991,190.00290288553987,124.80421591817192,312.91587362397144,1.0,0.0,0.43160427503398147,1933.9832688928136,False
7.0833333333333135,Gold,0,795.8078598677012,146.42564540070128,107.33605017137972,319.97836736891173,1.0,0.0,0.25566897725948223,1796.046965597601,False
7.09999999999998,Blue,0,928.0819997410664,192.3507444335509,125.86662487397524,309.192024730308,0.0,0.0,0.5327497244342609,1939.1341045948466,False
7.09999999999998,Gold,0,800.9607753071454,147.55628766527119,107.96097018741608,316.52993862094206,0.0,0.0,0.3169772339561092,1801.3222216634463,False
7.116666666666647,Blue,0,932.6400428383602,194.76750581889505,126.87018785542872,309.5470447181161,1.0,0.0,0.5002386317431728,1944.6369920789343,False
7.116666666666647,Gold,0,806.1141271255782,148.73686242939368,108.55303056113424,317.211050024463,1.0,0.0,0.2986309126884841,1806.8345805636493,False
7.133333333333313,Blue,0,937.167104906967,197.2534180243673,127.81652471872049,309.88156072732585,1.0,0.0,0.47198202076178397,1949.7991014453005,False
7.133333333333313,Gold,0,811.2672100794705,149.967663974806,109.1128293867668,317.88188206625836,1.0,0.0,0.2826705661511255,1812.1324846248344,False
7.14999999999998,Blue,0,941.607456436535,199.7659291899724,128.8449828475552,306.1142966741974,0.0,0.0,0.5132149193442572,1955.2664683412152,False
7.14999999999998,Gold,0,816.3544434136286,151.2261039739717,109.72019059171897,314.4344307158624,0.0,0.0,0.30702148630802917,1817.3724703907837,False
7.1666666666666465,Blue,0,946.0133976437263,202.34868416339484,129.8221299253764,306.4287653375094,1.0,0.0,0.4846812601849262,1960.3711823435788,False
7.1666666666666465,Gold,0,821.4404548939788,152.53590479053284,110.29797482520446,315.1176406460704,1.0,0.0,0.29044338922225066,1822.8570297176536,False
7.183333333333313,Blue,0,950.3306864289667,204.95711501981205,130.8868646304911,302.645697733073,0.0,0.0,0.5283911045755794,1965.8053824919668,False
7.183333333333313,Gold,0,826.5246057957576,153.89712096782478,110.84653720454683,315.79328609735313,1.0,0.0,0.27605874999568414,1828.1198377729788,False
7.19999999999998,Blue,0,954.6099827390723,207.6366359483027,131.89828955781272,302.93886105491447,1.0,0.0,0.4989245312301467,1970.8520660057254,False
7.19999999999998,Gold,0,831.5420790638257,155.2850343484245,111.44810905428587,312.3536930663237,0.0,0.0,0.30306647710242807,1833.5661049501996,False
7.216666666666646,Blue,0,958.8497962944941,210.38687062518275,132.85756563967269,303.22156114885377,1.0,0.0,0.47342015327501485,1975.9003720579717,False
7.216666666666646,Gold,0,836.5568006867294,156.7251733321662,112.02213276088187,313.0449803011652,1.0,0.0,0.2875861647998903,1838.7833294851175,False
7.233333333333313,Blue,0,962.9977162540115,213.16073204250407,134.06989194464583,299.39667625248904,0.0,0.0,0.5985734601685841,1981.311456825407,False
7.233333333333313,Gold,0,841.5681641982475,158.21746773694917,112.56883693484332,313.7300505314022,1.0,0.0,0.2742043151040825,1844.0112843925272,False
7.24999999999998,Blue,0,967.101190148713,216.00666236091394,135.21587197006497,299.6266720007906,1.0,0.0,0.5624018031407445,1986.2999516971363,False
7.24999999999998,Gold,0,846.5121400974296,159.73519417307057,113.17338197668009,310.30147988003614,0.0,0.0,0.3035501665388587,1849.433387445618,False
7.266666666666646,Blue,0,971.109877182947,218.8752194291571,136.45673613389,295.7591740114425,0.0,0.0,0.6091882132559441,1991.682241567563,False
7.266666666666646,Gold,0,851.451864754098,161.3057443857691,113.7516105683029,311.00325971844927,1.0,0.0,0.2887385911633267,1854.6162507547863,False
7.283333333333313,Blue,0,975.0692282123579,221.8165820163198,137.63051537114498,295.9409873534355,1.0,0.0,0.5727580978029962,1996.6093371514567,False
7.283333333333313,Gold,0,856.3234842213774,162.90168266527536,114.47751151003244,307.5823512711501,0.0,0.0,0.36288757062034094,1859.7412710388871,False
7.299999999999979,Blue,0,978.9301195293323,224.7795598686002,139.07921655930144,292.00785991567403,0.0,0.0,0.7071108386506353,2001.9647594578798,False
7.299999999999979,Gold,0,861.1891158653785,164.5523968824031,115.16322044823625,308.28107856019534,1.0,0.0,0.34092103053576395,1865.1413079078695,False
7.316666666666646,Blue,0,982.734756075147,227.8166613492569,140.43918965426957,292.09121989269255,1.0,0.0,0.6597316934910076,2006.8275403256032,False
7.316666666666646,Gold,0,866.0478448096563,166.25817631391197,115.80980907346115,308.96755415823077,1.0,0.0,0.32183054150974755,1870.2896401145945,False
7.333333333333313,Blue,0,986.4793353616898,230.92802401555505,141.89493987542704,292.1109823816686,1.0,0.0,0.706285596830929,2011.6852147255915,False
7.333333333333313,Gold,0,870.8369950116746,167.9889705557151,116.51616840499513,305.53852476213393,0.0,0.0,0.35196713818552183,1875.656116609837,False
7.349999999999979,Blue,0,990.1608284887894,234.1132123781595,143.2556584665384,292.0885817360049,1.0,0.0,0.6601994957941031,2017.0858538291689,False
7.349999999999979,Gold,0,875.6177361560725,169.77606217930145,117.18650120175988,306.2303977383594,1.0,0.0,0.3321913121427915,1880.7591931720046,False
7.366666666666646,Blue,0,993.776864474686,237.37136368859262,144.5348792372285,292.0420489702045,1.0,0.0,0.6206363394545527,2021.94075540483,False
7.366666666666646,Gold,0,880.3892580825928,171.61946534698802,117.82155299343107,306.91367555396494,1.0,0.0,0.3150546063581654,1885.8723816736704,False
7.383333333333312,Blue,0,997.2858207450967,240.64488790340187,145.93413577729365,287.92958447048534,0.0,0.0,0.6788245334434606,2027.31916764294,False
7.383333333333312,Gold,0,885.0900502865594,173.48677900168363,118.52434899192075,303.4855968041764,0.0,0.0,0.3490433948858893,1891.2201690407414,False
7.399999999999979,Blue,0,1000.7242157949795,243.9902218421662,147.25853376073837,287.83632649696466,1.0,0.0,0.6384142157661383,2032.103640656281,False
7.399999999999979,Gold,0,889.7802073655641,175.41127080280256,119.19361850652962,304.1783549595898,1.0,0.0,0.33058336205217387,1896.2882815722578,False
7.416666666666646,Blue,0,1004.087489637563,247.4069464702323,148.9113651732382,287.6599124787158,1.0,0.0,0.7966175083326537,2037.5285127044538,False
7.416666666666646,Gold,0,894.3984947559762,177.3596945078546,120.03976233262442,300.74866596122115,0.0,0.0,0.4184100181112811,1901.6063217782614,False
7.433333333333312,Blue,0,1007.3720709964388,250.894073773359,150.45292872705852,287.4277535531835,1.0,0.0,0.7427865769085464,2042.3043359948485,False
7.433333333333312,Gold,0,899.0035990553512,179.36747910868093,120.83656402375303,301.42571987335594,1.0,0.0,0.3918745936287671,1906.6289585995914,False
7.449999999999979,Blue,0,1010.5415922173388,254.38984423208169,152.10860922506265,283.12292936342993,0.0,0.0,0.7974859104861576,2047.7121397581923,False
7.449999999999979,Gold,0,903.5357708428055,181.39890555220936,121.58567728727247,297.99696009065303,0.0,0.0,0.3688157173570197,1911.5931267555652,False
7.4666666666666455,Blue,0,1013.6253670976679,257.954122560943,153.66538304193037,282.7887746451427,1.0,0.0,0.7448813937108536,2052.4101354355216,False
7.4666666666666455,Gold,0,908.0526572698943,183.49097408539268,122.41193107272072,298.67113933876584,1.0,0.0,0.40459942807709837,1916.8962204783115,False
7.483333333333312,Blue,0,1016.6195219284813,261.58538660627335,155.34425726812847,282.3893591905524,1.0,0.0,0.8028910840197359,2057.8681385583286,False
7.483333333333312,Gold,0,912.4954798057399,185.6062980082829,123.18820514696148,295.2418713217518,0.0,0.0,0.3805291886755384,1921.814929500456,False
7.499999999999979,Blue,0,1019.5211672909202,265.281741835045,156.91430535190378,281.95268403026745,1.0,0.0,0.7503862440457372,2062.550053093115,False
7.499999999999979,Gold,0,916.9207587133881,187.7834789633348,124.04572804462128,295.9114008575141,1.0,0.0,0.4180982153453705,1926.742583448862,False
7.516666666666645,Blue,0,1022.3266527894604,269.0412619930921,158.61380699136316,281.4552655833874,1.0,0.0,0.811712543123706,2068.0618874892225,False
7.516666666666645,Gold,0,921.2707674114529,189.98343194109012,124.85083743872846,292.4799610217222,0.0,0.0,0.39295553761978397,1931.9654219479733,False
7.533333333333312,Blue,0,1025.0333209954772,272.8617235653499,160.20499509661462,280.92548095396955,1.0,0.0,0.7594001453680708,2072.724629443096,False
7.533333333333312,Gold,0,925.6014423874367,192.24570665706602,125.61573542272626,293.15776895276167,1.0,0.0,0.3713302792335078,1936.8477388360811,False
7.5499999999999785,Blue,0,1027.6377157841184,276.7408332651914,161.93097546228313,280.3378522472826,1.0,0.0,0.8230613217801217,2078.2938412821454,False
7.5499999999999785,Gold,0,929.855417567957,194.53032450448381,126.59871647106182,289.7185198823198,0.0,0.0,0.47770696534589874,1942.0474588297645,False
7.566666666666645,Blue,0,1030.1373888116782,280.6760703116271,163.54815129582443,279.7213632936522,1.0,0.0,0.7704821625997855,2082.934662455441,False
7.566666666666645,Gold,0,934.0866778814886,196.8791582299301,127.52195697734597,290.3689056327873,1.0,0.0,0.4462768316234609,1946.8837661526113,False
7.583333333333312,Blue,1,1032.529075609156,284.66479667283687,165.30357395523217,279.0490519579335,1.0,0.0,0.8355591988390394,2088.564222540816,False
7.583333333333312,Gold,0,938.2392724046283,199.2501636351688,128.52579097423546,286.9086064568456,0.0,0.0,0.48572502099423787,1951.6600086863052,False
7.599999999999978,Blue,1,1034.8105368915112,288.7042155628059,166.94900174910833,278.35066729843965,1.0,0.0,0.7823982384687742,2093.1806367294607,False
7.599999999999978,Gold,0,942.365785632509,201.6868574087692,129.46915158205965,287.5345486689135,1.0,0.0,0.4540203285489621,1956.8520427556277,False
7.616666666666645,Blue,1,1036.9787186890471,292.7913613103693,168.73431170629246,277.59823776164194,1.0,0.0,0.8480068149279703,2098.872443250826,False
7.616666666666645,Gold,0,946.4648219052,204.1891323688226,130.35443021946378,288.14670226460925,1.0,0.0,0.4264796203802792,1961.648788248809,False
7.6333333333333115,Blue,1,1039.0316087898464,296.92317993053194,170.40797477618327,276.8223588389746,1.0,0.0,0.7940633051604564,2103.4621837290674,False
7.6333333333333115,Gold,0,950.4828440900244,206.71188451547218,131.33626514784828,284.6605178387023,0.0,0.0,0.4734440250124532,1966.8227012868774,False
7.649999999999978,Blue,1,1040.96639888371,301.09639734390805,172.2213766152206,275.99449746657353,1.0,0.0,0.8593450573592563,2109.21656365516,False
7.649999999999978,Gold,0,954.4704765650138,209.30086018515806,132.26335153572973,285.26203390170014,1.0,0.0,0.44464153474637236,1971.5719105735805,False
7.666666666666645,Blue,1,1042.7797040527091,305.3074437482593,174.15701834124326,275.09190253416335,1.0,0.0,0.9161175564834529,2115.0346667974627,False
7.666666666666645,Gold,0,958.3748283845889,211.9097641970718,133.45033351048102,281.74675825613025,0.0,0.0,0.5698189093663029,1976.2592955217362,False
7.683333333333311,Blue,1,1044.469369913945,309.55274572410775,175.9635977408942,274.15180925824507,1.0,0.0,0.8538613615576658,2119.59003271924,False
7.683333333333311,Gold,0,962.2439257491742,214.58671341708964,134.56034771266383,282.2932828735088,1.0,0.0,0.5299951917353294,1981.430870667412,False
7.699999999999978,Blue,1,1046.0326548022756,313.8284188475573,177.8931772285307,273.1498948973221,1.0,0.0,0.9106954555774607,2125.4631525822238,False
7.699999999999978,Gold,0,966.075868458138,217.331618250133,135.59700672238324,282.81767073873715,1.0,0.0,0.4953860152372531,1986.1356680886765,False
7.716666666666645,Blue,1,1047.4679987521795,318.13068420309935,179.69492928301125,272.122983223544,1.0,0.0,0.8490747434442021,2129.9846108928136,False
7.716666666666645,Gold,0,969.8210498334801,220.0946608067635,136.73922379712548,279.2469081910476,0.0,0.0,0.5462688197787511,1991.2945530544014,False
7.733333333333311,Blue,1,1048.773266331243,322.455435740973,181.61788317564614,271.0459694263311,1.0,0.0,0.9047836623454941,2135.9054482522947,False
7.733333333333311,Gold,0,973.5251136685783,222.92617997161975,137.81346826734622,279.74152861445646,1.0,0.0,0.5109560111458329,1995.9485493636519,False
7.749999999999978,Blue,1,1049.9459739923482,326.79822157471733,183.64229855957095,269.90019526163195,1.0,0.0,0.9509740843126053,2141.873609346821,False
7.749999999999978,Gold,0,977.1394253862114,225.77491355580193,139.18114289307908,276.12083589096136,0.0,0.0,0.6510160766676627,2000.5377228470636,False
7.766666666666644,Blue,1,1050.9849165727794,331.1548462050273,185.5247838623489,268.727533902804,1.0,0.0,0.8827748579153543,2146.3471353690206,False
7.766666666666644,Gold,0,980.70645897172,228.69350671408387,140.45640669419365,276.5337097812507,1.0,0.0,0.6036841047127552,2005.6986474163346,False
7.783333333333311,Blue,1,1051.8885145404977,335.52078111693146,187.50779425385932,267.50767651058743,1.0,0.0,0.9282744248941412,2152.3397093585554,False
7.783333333333311,Gold,0,984.2239294981406,231.681580173149,141.64395875488884,276.91922079123117,1.0,0.0,0.5625165238479699,2010.3000600800033,False
7.799999999999978,Blue,1,1052.656354707348,339.891862568034,189.35228804355592,266.2805919822278,1.0,0.0,0.8618510062955167,2158.3582825962867,False
7.799999999999978,Gold,0,987.6474504732987,234.68414588106177,142.94845299108033,273.2201092739217,0.0,0.0,0.6182722819408326,2015.4539378257027,False
7.816666666666644,Blue,1,1053.2876437733892,344.26360359918624,191.293978587237,265.0251382456133,1.0,0.0,0.9055978111341005,2162.7748286805,False
7.816666666666644,Gold,0,991.0166008928875,237.7560181453812,144.17195787925465,273.5603507988634,1.0,0.0,0.5766373878544346,2019.9995989699062,False
7.833333333333311,Blue,1,1053.7826496608902,348.6319698518258,193.0996636221245,263.7793706207859,1.0,0.0,0.8405832543274627,2168.7870504776456,False
7.833333333333311,Gold,0,994.3283877404094,240.89683187518438,145.5191896887589,273.85674143876827,1.0,0.0,0.6352772791165311,2025.2166046943796,False
7.849999999999977,Blue,1,1054.1424656335198,352.9933787735477,194.78667956093693,262.5735690047396,1.0,0.0,0.7838791679460471,2173.1628794219478,False
7.849999999999977,Gold,0,997.5805131145405,244.10580827968462,146.77536346655435,274.1274456331267,1.0,0.0,0.5926057491075749,2029.7707453591213,False
7.866666666666644,Blue,1,1054.3676518271577,357.3438957840132,196.5789956004775,261.380461183613,1.0,0.0,0.8313102010253743,2179.15287198764,False
7.866666666666644,Gold,0,1000.7324453888606,247.324367003205,148.37538562395946,270.29182441786486,0.0,0.0,0.7551277688513096,2034.988866309329,False
7.883333333333311,Blue,1,1054.4584581835672,361.6792936650092,198.45371074375487,260.1809256868608,1.0,0.0,0.8679845498329755,2.495369949573356,False
7.883333333333311,Gold,0,1003.8171530220509,250.61096104441975,149.86494938095606,270.44710696629636,1.0,0.0,0.6989303524421331,2039.481911762313,False
7.899999999999977,Blue,1,1054.4160426844733,365.9959257320566,200.193296606255,259.01042704217923,1.0,0.0,0.8039850773880346,6.811150107473149,False
7.899999999999977,Gold,0,1006.8320282232786,253.9644940618075,151.249914590521,270.57043859164634,1.0,0.0,0.6500030443525961,2043.9682445856956,False
7.916666666666644,Blue,1,1054.2412526141343,370.2898654866814,202.00970286656286,257.84974823747734,1.0,0.0,0.8380319941698176,12.723323338565741,False
7.916666666666644,Gold,0,1009.773671778607,257.3839833352151,152.7683191539615,270.6403985202403,1.0,0.0,0.7127624895661473,2049.264845907695,False
7.9333333333333105,Blue,1,1053.9357329478953,374.55780773444576,203.6939497008393,256.73181312054,1.0,0.0,0.7757226312505594,18.586275126302418,False
7.9333333333333105,Gold,0,1012.6395450010104,260.8680775572823,154.18195218884335,270.6800893129594,1.0,0.0,0.6636511739928377,2053.7512859342223,False
7.949999999999977,Blue,1,1053.5017231722147,378.79701503841306,205.262536337025,255.68198017268784,1.0,0.0,0.7212586975924786,22.84071667428045,False
7.949999999999977,Gold,0,1015.3980141861039,264.35282664000465,155.73570890960622,266.66357511426116,0.0,0.0,0.7294780251283761,2059.056649340986,False
7.966666666666644,Blue,1,1052.9410250437784,383.0044171728957,206.91370700547915,254.6759007148756,1.0,0.0,0.7580558039187864,28.61780765462745,False
7.966666666666644,Gold,0,1018.0751865477389,267.89989762177936,157.19172401559015,266.6388416062844,1.0,0.0,0.6794705651975406,2063.47624034873,False
7.98333333333331,Blue,1,1052.2559933868142,387.17753687884084,208.44833983071047,253.73826519523357,1.0,0.0,0.7035085751042125,32.83949197067086,False
7.98333333333331,Gold,0,1020.6677664552863,271.50767889042544,158.79196664196965,266.5618174718247,1.0,0.0,0.746748724817893,2068.8586534896685,False
7.999999999999977,Blue,1,1051.4485963614047,391.3135845139503,210.05609010761697,252.8470050989833,1.0,0.0,0.7360103074437419,38.52154010930971,False
7.999999999999977,Gold,0,1023.1733841010179,275.17429016549016,160.28218772063298,266.4578182461892,1.0,0.0,0.6953271466390003,2073.2738098934196,False
8.016666666666644,Blue,1,1050.520572847302,395.40955209055767,211.7169352458159,251.98698560212986,1.0,0.0,0.7593207312030117,44.12433713063774,False
8.016666666666644,Gold,0,1025.588781402076,278.8978288462634,161.92068808138305,266.30055190521364,1.0,0.0,0.764394037952199,2078.7377657550933,False
8.033333333333312,Blue,1,1049.4742349557037,399.463113504345,213.25022111986982,251.18570665438835,1.0,0.0,0.7001171629029876,48.29392751429325,False
8.033333333333312,Gold,0,1027.9116585384118,282.6761738240231,163.44731942171887,266.1163960775575,1.0,0.0,0.7120369279783372,2083.146190182267,False
8.04999999999998,Blue,1,1048.3123014143628,403.4725380011792,214.6717959083824,250.46370527704082,1.0,0.0,0.6483460393095299,53.79017150743197,False
8.04999999999998,Gold,1,1030.1388189023833,286.50712310480276,165.12486489597177,265.87797284375597,1.0,0.0,0.7822089148108091,2088.695217122926,False
8.066666666666647,Blue,1,1047.0377666995807,407.43660673228817,215.99539638445037,249.83555935636227,1.0,0.0,0.6030240588511901,57.93750158603129,False
8.066666666666647,Gold,1,1032.2680559145645,290.388310527315,166.68840529133595,265.6127968034579,1.0,0.0,0.7287899962509297,2093.0946234867274,False
8.083333333333314,Blue,1,1045.6531971431216,411.3537294835456,217.3886011654742,249.2773166943426,1.0,0.0,0.6341520103388589,63.32906685322779,False
8.083333333333314,Gold,1,1034.2962726025698,294.3172285233806,168.4040145755454,265.29269570028157,1.0,0.0,0.7993540432600774,2098.730826543694,False
8.099999999999982,Blue,1,1044.1614324332434,415.2228415581231,218.68205120924327,248.80394832680184,1.0,0.0,0.5882656836509881,67.45952640133754,False
8.099999999999982,Gold,1,1036.2213906737472,298.29126502101303,170.00332675668005,264.946342531763,1.0,0.0,0.74481066219154,2103.1189399225245,False
8.11666666666665,Blue,1,1042.5649439913263,419.0425380250882,220.03572887008804,248.39461186127636,1.0,0.0,0.6152316765009154,72.75049737213992,False
8.11666666666665,Gold,1,1038.0404623638422,302.3076073179381,171.75432391628675,264.5450776997894,1.0,0.0,0.8150288371476719,2108.8425175546263,False
8.133333333333317,Blue,1,1040.8664601577896,422.81194271266975,221.28957468607152,248.06396859191585,1.0,0.0,0.5695186339214011,76.86907161984263,False
8.133333333333317,Gold,1,1039.7515816948996,306.3634036225395,173.38669087444964,264.11869851703995,1.0,0.0,0.7593546893463845,2114.647306182854,False
8.149999999999984,Blue,1,1039.0688693644952,426.53062182961423,222.45592491739313,247.82184190617247,1.0,0.0,0.5295209958030114,82.0659454596532,False
8.149999999999984,Gold,1,1041.3520076362886,310.4555467501446,175.16878934911733,263.6383789481966,1.0,0.0,0.8284795456027041,2119.025857368202,False
8.166666666666652,Blue,1,1037.1751455142003,430.1985066061044,223.54549472863792,247.67407518192476,1.0,0.0,0.4944880995412291,86.17841615578591,False
8.166666666666652,Gold,1,1042.8384034808314,314.58060783993346,177.08003697982454,263.0813671931028,1.0,0.0,0.8878824158735448,2124.910788200049,False
8.18333333333332,Blue,1,1035.187841121177,433.81508315169395,224.7026319872755,247.59728750189927,1.0,0.0,0.5250395935925845,91.28992764828972,False
8.18333333333332,Gold,1,1044.2086694340496,318.7352080960865,178.85384099864484,262.4842765872192,1.0,0.0,0.8233472888807256,2129.270894432793,False
8.199999999999987,Blue,1,1033.1096275900472,437.38023377885906,225.77916020852294,247.5992199326252,1.0,0.0,0.48840934218162246,95.40151782326936,False
8.199999999999987,Gold,1,1045.460106037827,322.9156302097885,180.75651146785586,261.8229963910899,1.0,0.0,0.8823772170534063,2135.226759441993,False
8.216666666666654,Blue,1,1030.9428259507833,440.8934463886457,226.91330955070583,247.66043662185874,1.0,0.0,0.5145528786115214,100.43678106851769,False
8.216666666666654,Gold,1,1046.5911963870735,327.1183125977277,182.52343743049045,261.13379075751544,1.0,0.0,0.8186177773367547,2141.2455120566005,False
8.233333333333322,Blue,1,1028.6898893450832,444.3546216398047,227.96522387747885,247.7895213416856,1.0,0.0,0.4772862345378037,104.55194457537499,False
8.233333333333322,Gold,1,1047.5998409886079,331.3393394934861,184.41642810014196,260.39192605169694,1.0,0.0,0.8761244143390954,2145.5803703135357,False
8.24999999999999,Blue,1,1026.3529714631795,447.76330204410914,229.0672170104983,247.96982523609836,1.0,0.0,0.5001026951938599,109.52039122038482,False
8.24999999999999,Gold,1,1048.4835948885284,335.5744344983249,186.41341711697441,259.5792410041408,1.0,0.0,0.9232385838956318,2151.6442994882505,False
8.266666666666657,Blue,1,1023.9343587905612,451.1194487502869,230.08688832678183,248.21013014125054,1.0,0.0,0.4628654318900338,113.64302728341966,False
8.266666666666657,Gold,1,1049.2412834806403,339.8196298096736,188.26068007762004,258.73691434120667,1.0,0.0,0.8529878166885574,2155.952256055415,False
8.283333333333324,Blue,1,1021.4364091443267,454.42336213226986,231.03454836457922,248.5158865239157,1.0,0.0,0.4303278095692846,118.5545041303694,False
8.283333333333324,Gold,1,1049.871359852847,344.070608752865,190.21062534997952,257.84519688559556,1.0,0.0,0.8992778840954614,2162.0432270940837,False
8.299999999999992,Blue,1,1018.8615050182486,457.675612975469,231.91913269079805,248.8898561615158,1.0,0.0,0.40186477999880665,122.68883965938525,False
8.299999999999992,Gold,1,1050.3734271516194,348.32346405012356,192.01524589820565,256.9432994006665,1.0,0.0,0.8311582004164677,2168.1538991796583,False
8.31666666666666,Blue,1,1016.2117081898671,460.87633033473884,232.86024118604524,249.31436670251435,1.0,0.0,0.4277771932932879,127.55352803413822,False
8.31666666666666,Gold,1,1050.7479892414917,352.57470816796075,193.6935799166017,256.06277337991315,1.0,0.0,0.7719634162007054,2172.421478647808,False
8.333333333333327,Blue,1,1013.4891361255837,464.0259489012252,233.7350926225836,249.79388450171726,1.0,0.0,0.3979070987157307,131.70322812839973,False
8.333333333333327,Gold,1,1050.9949969662223,356.82047733685494,195.48591218840843,255.17689383208798,1.0,0.0,0.8233260347245057,2178.521848393556,False
8.349999999999994,Blue,1,1010.6959223907014,467.12514447975155,234.55196268615788,250.330586085067,1.0,0.0,0.3717961758409096,135.86791373965596,False
8.349999999999994,Gold,1,1051.1140820725127,361.05658579978933,197.36787445135738,254.2669192408331,1.0,0.0,0.863369182376033,1.97994914861289,False
8.366666666666662,Blue,1,1007.8339127142216,470.1741550950155,235.42287385540365,250.9088169692794,1.0,0.0,0.396704321665986,140.6991688357352,False
8.366666666666662,Gold,1,1051.105859433358,365.2794014335931,199.10746039377318,253.36941835985547,1.0,0.0,0.7969831877807039,6.200867229032536,False
8.38333333333333,Blue,1,1004.9049984943273,473.17349718728246,236.2326703037274,251.53236248680875,1.0,0.0,0.36917881285119236,144.88378687371815,False
8.38333333333333,Gold,1,1050.970620684322,369.484982005081,200.9315873186516,252.46526665080765,1.0,0.0,0.8346121638363044,12.234934323944401,False
8.399999999999997,Blue,1,1001.9108307042272,476.1232983340284,237.08966602776698,252.18826939058462,1.0,0.0,0.39105384609879934,149.6881982184975,False
8.399999999999997,Gold,1,1050.7095247909417,373.6699876338797,202.61711890227187,251.58854394232887,1.0,0.0,0.7701750595354113,18.22059950056091,False
8.416666666666664,Blue,1,998.8531217634587,479.023987296182,237.88409102614142,252.88117667753872,1.0,0.0,0.36285140570216257,153.89519002561002,False
8.416666666666664,Gold,1,1050.3243839933605,377.83163334950683,204.18174974258474,250.76575242024813,1.0,0.0,0.7140121153595942,22.39071886101183,False
8.433333333333332,Blue,1,995.7336097101672,481.8762299209338,238.62385760934862,253.61371490496217,1.0,0.0,0.33823039785129083,158.11834779453432,False
8.433333333333332,Gold,1,1049.81654896882,381.96677035546196,205.83822927559098,249.97223064294917,1.0,0.0,0.7550156240309462,28.291657390212936,False
8.45,Blue,1,992.5540312277257,484.68087465736136,239.31582023859437,254.38692011358495,1.0,0.0,0.3167147991546386,162.9125557092263,False
8.45,Gold,1,1049.18798164743,386.0728352784384,207.37311223435358,249.23386147387927,1.0,0.0,0.6987801044662305,32.435523760562525,False
8.466666666666667,Blue,1,989.316101521259,487.4389064884276,239.96593446765323,255.20059191682577,1.0,0.0,0.29789944569039406,167.16183201753816,False
8.466666666666667,Gold,1,1048.4402376461553,390.146921431526,208.98991188237096,248.528221067952,1.0,0.0,0.735279525317452,38.24004564118863,False
8.483333333333334,Blue,1,986.0212899659413,490.1508423092468,240.67065883195005,256.041724515111,1.0,0.0,0.32331071280451695,171.94588106921833,False
8.483333333333334,Gold,1,1047.5746375195513,394.1858752790067,210.66685728855074,247.84003377284293,1.0,0.0,0.7618464571086356,43.96057322979862,False
8.500000000000002,Blue,1,982.6710801833242,492.8173920185253,241.3288958028868,256.9120755872451,1.0,0.0,0.30235844167604853,176.22327683126608,False
8.500000000000002,Gold,1,1046.5931374583379,398.1872256750336,212.2107684975312,247.1981603956759,1.0,0.0,0.7007040506315363,48.0592170634301,False
8.51666666666667,Blue,1,979.2667543180507,495.43885717746923,242.03491106101913,257.8011850932734,1.0,0.0,0.3247224845517813,180.51807418089922,False
8.51666666666667,Gold,1,1045.4981520098802,402.1491002698935,213.63847178908767,246.62440344748936,1.0,0.0,0.6473569274570323,53.66831199364018,False
8.533333333333337,Blue,1,975.8096304153927,498.01577012939407,242.69166994331405,258.71194356747276,1.0,0.0,0.30246522853899194,185.31037582667574,False
8.533333333333337,Gold,1,1044.2924145304644,406.0701437225035,214.96450901333154,246.13448489694701,1.0,0.0,0.6007565887890571,57.74920387658698,False
8.550000000000004,Blue,1,972.3010384744292,500.5488416014834,243.30545940797245,259.64592538159184,1.0,0.0,0.28305761607179747,189.63551698205555,False
8.550000000000004,Gold,1,1042.9782084959775,409.94859887811435,216.36902303161276,245.70386000753123,1.0,0.0,0.6358565905528479,63.24732815334263,False
8.566666666666672,Blue,1,968.7421272269983,503.0383792275461,243.96595392895557,260.5938001780166,1.0,0.0,0.3050185915313648,194.42997603005907,False
8.566666666666672,Gold,1,1041.5581346373579,413.78324358518137,217.66986341242074,245.34872173324737,1.0,0.0,0.588552282807143,67.31524211243952,False
8.58333333333334,Blue,1,965.1340776235603,505.4849079712246,244.58066106422703,261.5581950623024,1.0,0.0,0.28427379459217406,198.78653528009932,False
8.58333333333334,Gold,1,1040.0344095313992,417.5724881244589,219.03885968386595,245.04775974716395,1.0,0.0,0.6190690081362789,72.70542513442817,False
8.600000000000007,Blue,1,961.47808162634,507.88912032117463,245.15544003978087,262.5405826138806,1.0,0.0,0.26619044906618683,203.16121640504522,False
8.600000000000007,Gold,1,1038.4095496510095,421.31528499530845,220.3039870369787,244.81689682378635,1.0,0.0,0.5718486506599589,76.76479125293305,False
8.616666666666674,Blue,1,957.7751684196218,510.2513115874664,245.7759924289829,263.5326349090744,1.0,0.0,0.28780982367539565,207.97689821160137,False
8.616666666666674,Gold,1,1036.686266780474,425.0110422523605,221.47826722361958,244.6670635736686,1.0,0.0,0.5306069604869137,82.05282120409217,False
8.633333333333342,Blue,1,954.0263969066627,512.5719842206419,246.3537761819295,264.53679059116416,1.0,0.0,0.26837079415420817,212.38446207094967,False
8.633333333333342,Gold,1,1034.8673871335125,428.6595454809249,222.57298268608636,244.60506193517762,1.0,0.0,0.49454744458068944,86.1089505318048,False
8.65000000000001,Blue,1,950.232689496076,514.8512832104396,246.97312746965233,265.54606245870366,1.0,0.0,0.2881101425876018,216.80992418891353,False
8.65000000000001,Gold,1,1032.9552924641516,432.26010444789097,223.7438681132947,244.60676858401328,1.0,0.0,0.5289102848981244,91.30315868258185,False
8.666666666666677,Blue,1,946.3950090003693,517.0895875619356,247.54803080224693,266.56344956761836,1.0,0.0,0.26783801127375284,221.6522750730206,False
8.666666666666677,Gold,1,1030.9525146941075,435.81244152142034,224.83089450824968,244.68098195109926,1.0,0.0,0.4910308485990278,95.36085535970537,False
8.683333333333344,Blue,1,942.514338105572,519.2874588102762,248.0841999508533,267.59088292547233,1.0,0.0,0.2501735360696635,226.11155420173037,False
8.683333333333344,Gold,1,1028.8612189263279,439.31585876942256,225.9829310120807,244.80772342178423,1.0,0.0,0.5204532534130522,100.47018503367268,False
8.700000000000012,Blue,1,938.5916638449639,521.4455976392086,248.5865864362387,268.62943177399194,1.0,0.0,0.2347724973519334,230.9687887777498,False
8.700000000000012,Gold,1,1026.6837338076778,442.7700903864891,227.04921166742326,244.99666737044305,1.0,0.0,0.48180017513439566,104.53353016143166,False
8.71666666666668,Blue,1,934.6279659412452,523.564807456481,249.05949481225616,269.679485236909,1.0,0.0,0.2213422397121434,235.4625074097794,False
8.71666666666668,Gold,1,1024.4220767549475,446.17449070279065,228.17193511852273,245.230754384669,1.0,0.0,0.5074431707824836,109.56744552820973,False
8.733333333333347,Blue,1,930.6242081437828,525.645963909558,249.506680826552,270.7409079886724,1.0,0.0,0.2096341913483819,239.97468023980258,False
8.733333333333347,Gold,1,1022.0784281150578,449.52885417488386,229.20868377255624,245.51984787510057,1.0,0.0,0.4687441023577108,113.64001400958514,False
8.750000000000014,Blue,1,926.5812112143161,527.689501059125,250.00380038693098,271.8064121981159,1.0,0.0,0.23341561549563394,244.86666664349997,False
8.750000000000014,Gold,1,1019.6550636168815,452.8333337487743,230.17034221825207,245.8703127321558,1.0,0.0,0.434976390947746,118.60856603606928,False
8.766666666666682,Blue,1,922.4998042263823,529.6959877898062,250.47044351915937,272.8771503911585,1.0,0.0,0.21945873814297556,249.4141633107999,False
8.766666666666682,Gold,1,1017.1543028820923,456.08836989105293,231.0663254532688,246.2856722278672,1.0,0.0,0.4054768495609018,122.69432451055093,False
8.78333333333335,Blue,1,918.3807002346122,531.665606171918,250.98203410362512,273.9472419248026,1.0,0.0,0.2409872437836782,253.97992627893285,False
8.78333333333335,Gold,1,1014.5781278556686,459.29393563066924,232.02552886284525,246.74761623970053,1.0,0.0,0.4343495443310772,127.60802889137246,False
8.800000000000017,Blue,1,914.2246359530328,533.5987172805977,251.45991724120296,275.0186174353217,1.0,0.0,0.22547450704566785,258.90959138093854,False
8.800000000000017,Gold,1,1011.9285967630711,462.4503294792614,232.91550499253805,247.26142783915384,1.0,0.0,0.40327297186308186,131.7104191973757,False
8.816666666666684,Blue,1,910.0323584550694,535.4958200956372,251.90849333948225,276.0925260827246,1.0,0.0,0.21199132418480104,263.51094630553115,False
8.816666666666684,Gold,1,1009.2078002190774,465.55810847250353,233.74498174824393,247.82995536602016,1.0,0.0,0.37614050807490074,135.82950784466905,False
8.833333333333352,Blue,1,905.804512357455,537.3570359252672,252.40118926501734,277.16367937101836,1.0,0.0,0.23322224539641212,268.4629804121186,False
8.833333333333352,Gold,1,1006.4175255680536,468.6173674844061,234.63462621555578,248.43694167371845,1.0,0.0,0.403759175541861,140.70150321333702,False
8.85000000000002,Blue,1,901.5417659262001,539.1826664830861,252.86148903351605,278.23400700659585,1.0,0.0,0.21824290647559508,273.0997153163219,False
8.85000000000002,Gold,1,1003.5596233447287,471.62849964028163,235.46030089114095,249.08689070611305,1.0,0.0,0.3750590145688335,144.8414671958156,False
8.866666666666687,Blue,1,897.244798595717,540.9731530892242,253.29363806420992,279.30480463750774,1.0,0.0,0.20523050429410006,277.75474110725236,False
8.866666666666687,Gold,1,1000.6356925805031,474.59148983360245,236.33825528022035,249.76640126110055,1.0,0.0,0.3991856566219347,149.67941665139094,False
8.883333333333354,Blue,1,892.9141991357794,542.7285660094096,253.76932347019942,280.3712508977292,1.0,0.0,0.2262760853748098,282.7477584651368,False
8.883333333333354,Gold,1,997.6474111166989,477.50664526810533,237.1506147301686,250.48083026694854,1.0,0.0,0.3697283166241583,153.8425498153394,False
8.900000000000022,Blue,1,888.5505791376752,544.4491565342772,254.21385981453227,281.43525093994344,1.0,0.0,0.2118043294318035,287.4380748372229,False
8.900000000000022,Gold,1,994.596495883072,480.37452849611867,237.905739354366,251.23339089434498,1.0,0.0,0.34403866106730163,158.02324015539196,False
8.91666666666669,Blue,1,884.1545613919292,546.1353165516242,254.6313425360395,282.4981193743581,1.0,0.0,0.19923898668477946,292.1463720452708,False
8.91666666666669,Gold,1,991.4846728688078,483.19590038512,238.6108601875858,252.02558304534156,1.0,0.0,0.3216111191949409,162.84358989475356,False
8.933333333333357,Blue,1,879.7266885586318,547.7870717555977,255.09194754210904,283.55541097665576,1.0,0.0,0.2201775997182942,297.1814670202351,False
8.933333333333357,Gold,1,988.313654594409,485.9716718118889,239.2722496089039,252.85756875533477,1.0,0.0,0.30201564220637067,167.05098215964725,False
8.950000000000024,Blue,1,875.267524782837,549.4046291477015,255.52256069418166,284.608995968152,1.0,0.0,0.20617588192975944,301.9248148877118,False
8.950000000000024,Gold,1,985.0848926596411,488.70225993371355,239.993769411825,253.71569608686207,1.0,0.0,0.32987630017163383,171.85503463818972,False
8.966666666666692,Blue,1,870.777568846374,550.9878628277567,255.993374685806,285.6550358550415,1.0,0.0,0.2257899937218717,306.68572730256597,False
8.966666666666692,Gold,1,981.7998630155157,491.38829134383684,240.66651874260904,254.6021684829598,1.0,0.0,0.3079669807385663,176.09105400623363,False
8.98333333333336,Blue,1,866.2573466143042,552.5368573344973,256.43214528913563,286.69575307834424,1.0,0.0,0.2107626740872135,311.76345765465857,False
8.98333333333336,Gold,1,978.4598293574959,494.0299645949512,241.39150596377655,255.50605599180938,1.0,0.0,0.3323135750934618,180.34562015730353,False
9.000000000000027,Blue,1,861.7073991565383,554.0518632982739,256.8430828165923,287.7327818990327,1.0,0.0,0.1977107960751212,316.558950705115,False
9.000000000000027,Gold,1,975.0661020915884,496.62772697809726,242.06474049706964,256.43072155408817,1.0,0.0,0.30900312025308097,185.151604745894,False
9.016666666666694,Blue,1,857.1282075143749,555.5327878570396,257.2950148373981,288.7623263514256,1.0,0.0,0.21778338452039492,321.37161910613844,False
9.016666666666694,Gold,1,971.6200117826664,499.1822194374207,242.69286619014315,257.37811195039455,1.0,0.0,0.2886927585873629,189.43687452971824,False
9.033333333333362,Blue,1,852.5202741477684,556.9797374114446,257.71676959349173,289.7864153591122,1.0,0.0,0.20356576601088605,326.4923188368317,False
9.033333333333362,Gold,1,968.122698062841,501.6936613560545,243.37169579231116,258.33845543391624,1.0,0.0,0.31243405643575883,194.23994265775193,False
9.05000000000003,Blue,1,847.8841126912898,558.3929752955323,258.11230932061153,290.8065400282609,1.0,0.0,0.19121652292297853,331.3390820195624,False
9.05000000000003,Gold,1,964.5753416646779,504.16250609885964,244.0024086454193,259.31477861239057,1.0,0.0,0.2907011341081187,198.55695247239106,False
9.066666666666697,Blue,1,843.2202402636782,559.7728860625593,258.4850877806591,291.82373975667866,1.0,0.0,0.18049912021121628,336.202725035249,False
9.066666666666697,Gold,1,960.9791409879849,506.5893886310387,244.59119248803904,260.30886514937146,1.0,0.0,0.2717687728307894,202.89303296995743,False
9.083333333333364,Blue,1,838.5291717379196,561.1199454031678,258.8381274610881,292.8386825706973,1.0,0.0,0.17121266516405242,341.3667633722866,False
9.083333333333364,Gold,1,957.335123083203,508.974529575087,245.2293127015638,261.31197777378554,1.0,0.0,0.29497633152600145,207.71209153128115,False
9.100000000000032,Blue,1,833.8114155189759,562.4346948414054,259.17408588958193,293.85173706517594,1.0,0.0,0.163186999066113,346.2642911110384,False
9.100000000000032,Gold,1,953.6443520011275,511.3183720113452,245.82249703749287,262.32689295351673,1.0,0.0,0.2746136507684973,212.0812890192483,False
9.1166666666667,Blue,1,829.0674205935484,563.7172608985569,259.5573790228169,294.8587267767071,1.0,0.0,0.18647409598318276,351.4552120282436,False
9.1166666666667,Gold,1,949.9077490914632,513.6209884662474,246.46009564566594,263.346307804819,1.0,0.0,0.29562162073935383,216.46923266805592,False
9.133333333333367,Blue,1,824.2976412029847,564.9678967858734,259.91924422022714,295.86075780042944,1.0,0.0,0.1763269556574869,356.3860911262116,False
9.133333333333367,Gold,1,946.1262833040287,515.8827011286334,247.05102123641007,264.37356071938416,1.0,0.0,0.2743986228320914,221.31026803209022,False
9.150000000000034,Blue,1,819.5025314342269,566.1869520460281,260.2626152055298,296.85859313533734,1.0,0.0,0.16757823451702336,361.3337343132978,False
9.150000000000034,Gold,1,942.3009487374251,518.1040278357682,247.60129699453765,265.4108452769379,1.0,0.0,0.2559150931596861,225.7321993396771,False
9.166666666666702,Blue,1,814.6824988344002,567.3743876660103,260.6514728538161,297.848591425202,1.0,0.0,0.19007499808203576,366.5681625404348,False
9.166666666666702,Gold,1,938.4327476355163,520.2856365227201,248.1161361970806,266.4594273431724,1.0,0.0,0.23980656320284766,230.58454640796865,False
9.183333333333369,Blue,1,809.8379594428534,568.5303133696844,261.01808073265227,298.8320835104349,1.0,0.0,0.17947839972419644,371.5485854184869,False
9.183333333333369,Gold,1,934.5226775927495,522.4283069493705,248.600064918845,267.51983752182656,1.0,0.0,0.22576322296365348,235.04110151394215,False
9.200000000000037,Blue,1,804.9693319434956,569.6549541450157,261.3655185835302,299.81004346709943,1.0,0.0,0.17035707314818183,376.54541883380864,False
9.200000000000037,Gold,1,930.5717220166483,524.532898650182,249.05702638644524,268.59203690582206,1.0,0.0,0.21352194092551358,239.51683523207296,False
9.216666666666704,Blue,1,800.0769989243701,570.7481628645405,261.75726855342333,300.779154244597,1.0,0.0,0.1923808806412275,381.82277423613016,False
9.216666666666704,Gold,1,926.580712984692,526.5998103269292,249.56722638923398,269.6683094126362,1.0,0.0,0.23878295302179708,244.4002554168548,False
9.233333333333372,Blue,1,795.1613521115124,571.8099548493839,262.1264601449282,301.74086383552213,1.0,0.0,0.1815806614564437,386.85168770527883,False
9.233333333333372,Gold,1,922.5504940257879,528.6295854036915,250.04544355470193,270.7499698767148,1.0,0.0,0.22417736107624364,248.91147751574292,False
9.250000000000039,Blue,1,790.2227865470841,572.8404724629742,262.47624322422917,302.69626193575397,1.0,0.0,0.17229686499542396,391.896624227021,False
9.250000000000039,Gold,1,918.481786724015,530.6223662599867,250.57117627109622,271.83082374039077,1.0,0.0,0.2468539033210959,253.4416270199161,False
9.266666666666707,Blue,1,785.2616701840275,573.8394963221756,262.86956523864455,303.6422356335649,1.0,0.0,0.1940368787043525,397.2161101806807,False
9.266666666666707,Gold,1,914.3753400495468,532.5784853089608,251.061563040232,272.9129928868078,1.0,0.0,0.23063370192488009,258.3595203230946,False
9.283333333333374,Blue,1,780.2783792001896,574.8069780155688,263.240323210597,304.5802939849241,1.0,0.0,0.18318017362607364,402.29235374259304,False
9.283333333333374,Gold,1,910.2319159565981,534.4984220054002,251.52122292543513,273.9978694743909,1.0,0.0,0.21653678552975464,262.9254128801081,False
9.300000000000042,Blue,1,775.2732723817336,575.7425410070281,263.6519927751126,305.5076767456349,1.0,0.0,0.20369678969631622,407.3841464585703,False
9.300000000000042,Gold,1,906.0521689617264,536.3822655097895,252.02722144278044,275.07988775009676,1.0,0.0,0.23875821881402004,267.5099483336431,False
9.316666666666709,Blue,1,770.2467186626326,576.6460117373365,264.0387461635394,306.4261835181738,1.0,0.0,0.19165077937943664,412.7447513210483,False
9.316666666666709,Gold,1,901.836780313067,538.2302954439308,252.4992984594967,276.1611448922919,1.0,0.0,0.22311832347567062,272.4647901259974,False
9.333333333333377,Blue,1,765.1990909180806,577.5173781586957,264.4040430292303,307.3372268961783,1.0,0.0,0.1812834864046735,417.8669551521485,False
9.333333333333377,Gold,1,897.5864445551637,540.0429393342445,252.9419004663483,277.24306112293226,1.0,0.0,0.20953169436196006,277.0851090641241,False
9.350000000000044,Blue,1,760.1307505934074,578.3562924385465,264.8106775250791,308.2379972299481,1.0,0.0,0.20209152823591836,423.0042513556226,False
9.350000000000044,Gold,1,893.3017613687023,541.8202424491931,253.42995275667244,278.32056865187656,1.0,0.0,0.2314292662982389,282.06162009142474,False
9.366666666666712,Blue,1,755.0420648382787,579.1626028315777,265.1933554872712,309.13022012041085,1.0,0.0,0.19045953335290733,428.4049860425762,False
9.366666666666712,Gold,1,888.9833557498146,543.5624401370357,253.8854465018176,279.3957185462107,1.0,0.0,0.2163456543097837,286.7174072558017,False
9.383333333333379,Blue,1,749.9334013560053,579.936313246467,265.55542368600624,310.01524699988164,1.0,0.0,0.18045959275442414,433.5718374574427,False
9.383333333333379,Gold,1,884.6318655723409,545.2699157850828,254.3126604039321,280.4699332762218,1.0,0.0,0.2032472039587887,291.39171284641986,False
9.400000000000047,Blue,1,744.8051229720503,580.6770872694583,265.9590712189655,310.890249463256,1.0,0.0,0.2014689373364824,438.75333439002344,False
9.400000000000047,Gold,1,880.2478450339951,546.9426766492895,254.7846440568003,281.53854791493916,1.0,0.0,0.22491589918695354,296.4082810879138,False
9.416666666666714,Blue,1,739.6575943969576,581.3847802808348,266.33952689215363,311.7569043134244,1.0,0.0,0.19016033799934107,444.19326949743095,False
9.416666666666714,Gold,1,875.8318717943556,548.5809193642926,255.22534022692687,282.6035595092537,1.0,0.0,0.21035067818544206,301.11782379344004,False
9.433333333333382,Blue,1,734.4911779865351,582.059399646113,266.70005640498675,312.6165244033133,1.0,0.0,0.1804520443330091,449.4034903899969,False
9.433333333333382,Gold,1,871.3845355192827,550.1849884271802,255.63887013592029,283.66637976244425,1.0,0.0,0.19770687409701893,305.8455192630891,False
9.450000000000049,Blue,1,729.3062381076503,582.7006097582162,267.10230730897484,313.466277356669,1.0,0.0,0.20161323792874342,454.8679847586786,False
9.450000000000049,Gold,1,866.9063523644019,551.7548569353069,256.09664438830475,284.7226745541687,1.0,0.0,0.21921794777245296,310.9031823552529,False
9.466666666666717,Blue,1,724.1031375242663,583.3082640868346,267.4820070362291,314.307807841351,1.0,0.0,0.19057119247695908,460.1061522982583,False
9.466666666666717,Gold,1,862.3978598348318,553.2906866155184,256.5242987787134,285.77438601964644,1.0,0.0,0.20512773074375446,315.6657676100376,False
9.483333333333384,Blue,1,718.8822339874215,583.8823657314479,267.8423621319265,315.1424046074932,1.0,0.0,0.1811079989437765,465.35848594591454,False
9.483333333333384,Gold,1,857.8595363167963,554.7923025070312,256.9930700112563,286.817764972802,1.0,0.0,0.22521492385881814,320.4460446050261,False
9.500000000000052,Blue,1,713.6438943619534,584.4225733044428,268.2445327401645,315.9672364553237,1.0,0.0,0.20239660430321038,470.8607630077605,False
9.500000000000052,Gold,1,853.2918863501857,556.2597472044811,257.42966711000935,287.85508952801865,1.0,0.0,0.2100958045687733,325.54535462185663,False
9.516666666666719,Blue,1,708.3884805908909,584.9287327199868,268.6247139762979,316.7839272003229,1.0,0.0,0.19158584735245654,476.14023961111667,False
9.516666666666719,Gold,1,848.6954291041183,557.6932355412473,257.83832055121866,288.8880559934139,1.0,0.0,0.19696500598455202,330.35997345091783,False
9.533333333333387,Blue,1,703.1163470719418,585.4008379351698,268.98606924528167,317.59375093503775,1.0,0.0,0.18234003329025938,481.43344283940456,False
9.533333333333387,Gold,1,844.0706897126267,559.0931163382356,258.2227117869897,289.9178684834135,1.0,0.0,0.1855679429535506,335.1919376862433,False
9.550000000000054,Blue,1,697.8278645812007,585.8385375881995,269.38931794284343,318.39387705811174,1.0,0.0,0.20374709363965948,486.97261669153664,False
9.550000000000054,Gold,1,839.4181928035957,560.4598401755713,258.586056476357,290.94532395263633,1.0,0.0,0.1756883012623014,340.3334488921931,False
9.566666666666721,Blue,1,692.5233957344653,586.2416663895225,269.7710898609925,319.18591647375723,1.0,0.0,0.19314663327313397,492.2921675395063,False
9.566666666666721,Gold,1,834.7384577125656,561.793932279445,258.9311758556852,291.9708892163977,1.0,0.0,0.16714271125994173,345.19952342299683,False
9.583333333333389,Blue,1,687.2033255762657,586.6097415325081,270.19279775982585,319.9672684456664,1.0,0.0,0.21362625547014247,497.6249424117952,False
9.583333333333389,Gold,1,830.0319426491889,563.0954990122206,259.32449404463057,292.9902660601129,1.0,0.0,0.19079018409238913,350.0826905304122,False
9.600000000000056,Blue,1,681.8680288550133,586.9424942418204,270.5910012841584,320.73979436561876,1.0,0.0,0.20197651613828782,503.2000345063218,False
9.600000000000056,Gold,1,825.2991123171553,564.3647816544377,259.6952496112586,294.00466145886577,1.0,0.0,0.18013184210060373,355.26685437139054,False
9.616666666666724,Blue,1,676.5178681242792,587.2398262907378,270.96907038455095,321.50498330696314,1.0,0.0,0.19200577612705771,508.5582865359112,False
9.616666666666724,Gold,1,820.5404320443969,565.6021246047075,260.04651396741133,295.01491462928055,1.0,0.0,0.1709328064640161,360.18370011942955,False
9.633333333333391,Blue,1,671.1532353901862,587.501308934798,271.3879687628824,322.2600924120918,1.0,0.0,0.21300735724279107,513.9292852903932,False
9.633333333333391,Gold,1,815.7563191233946,566.8074796536288,260.4440153531917,296.0172664651463,1.0,0.0,0.19373888356441427,365.3941421002051,False
9.650000000000059,Blue,1,665.7745080908596,587.7267161359174,271.7844716531617,323.00689893655994,1.0,0.0,0.20186852654126142,519.5393905421523,False
9.650000000000059,Gold,1,810.947200178147,567.9809538186631,260.81826855994615,297.0131308948387,1.0,0.0,0.18269479939906574,370.3440156950408,False
9.666666666666726,Blue,1,660.3820482897622,587.915982603067,272.1618394496228,323.74681497636266,1.0,0.0,0.19236150990346346,524.9350566072089,False
9.666666666666726,Gold,1,806.1135049468927,569.1227747041535,261.17247014898277,298.00354407874795,1.0,0.0,0.17317704121323274,375.3106923370659,False
9.683333333333394,Blue,1,654.9762551286007,588.068704333424,272.5806898698391,324.4770023614379,1.0,0.0,0.21376624268869904,530.5676958359314,False
9.683333333333394,Gold,1,801.2556257576069,570.2327938379073,261.5716267109672,298.9850793969235,1.0,0.0,0.19546075692747067,380.5635455545374,False
9.700000000000061,Blue,1,649.557509484721,588.1846728739442,272.978003397316,325.19918665279704,1.0,0.0,0.20301776741896305,535.9872999762368,False
9.700000000000061,Gold,1,796.3739646071656,571.3110303907204,261.9473362858731,299.95925514239764,1.0,0.0,0.18426380553381705,385.5625647863586,False
9.716666666666729,Blue,1,644.1261741146308,588.2638342320495,273.3569749460583,325.91473351604895,1.0,0.0,0.1938754142524033,541.4191428489136,False
9.716666666666729,Gold,1,791.4689270459444,572.3576348153673,262.30284834843735,300.9272129190926,1.0,0.0,0.17462627001354747,390.57798169890935,False
9.733333333333396,Blue,1,638.6826568852946,588.305790447739,273.77795749868244,326.6207350129708,1.0,0.0,0.21562123672980604,547.0854825649851,False
9.733333333333396,Gold,1,786.5408903717595,573.3723920703505,262.70244765372126,301.88573980091996,1.0,0.0,0.19658219592289328,395.87265036336396,False
9.750000000000064,Blue,1,633.2273439885575,588.3103345122622,274.17811212712735,327.31888735510006,1.0,0.0,0.205191966371558,552.5405049590557,False
9.750000000000064,Gold,1,781.5902404063637,574.355262296879,263.0786840667941,302.836405115782,1.0,0.0,0.18536982278568814,400.9196543416149,False
9.766666666666731,Blue,1,627.7606009691036,588.277409719415,274.5605993139409,328.01053004108604,1.0,0.0,0.19635837803046385,558.0073136805613,False
9.766666666666731,Gold,1,776.6173657494637,575.3063434155137,263.43481916467243,303.7804067593254,1.0,0.0,0.17573057226437072,405.98263322650234,False
9.783333333333399,Blue,1,622.2828468504641,588.20661195744,274.9855696912147,328.6926969473791,1.0,0.0,0.21841735606834334,563.7065604154363,False
9.783333333333399,Gold,1,771.6226350446045,576.2253747838757,263.83443049481554,304.7146739038793,1.0,0.0,0.19747906758207634,411.31838594002136,False
9.800000000000066,Blue,1,616.7944757087881,588.0977250046712,275.39033753835474,329.3670702516497,1.0,0.0,0.20826879155605837,569.195801861978,False
9.800000000000066,Gold,1,766.6064234412593,577.1122754476132,264.21092554308694,305.64079880268923,1.0,0.0,0.18633203300370837,416.41215679828844,False
9.816666666666734,Blue,1,611.2959396082673,587.9502106094369,275.8361158542189,330.03086989539884,1.0,0.0,0.22962638086787024,574.6963078722556,False
9.816666666666734,Gold,1,761.5691073752444,577.9671061053214,264.5675559065546,306.5600087556151,1.0,0.0,0.17676117291622617,421.52146943122244,False
9.833333333333401,Blue,1,605.787660698872,587.763746436331,276.25971453774906,330.6860437840577,1.0,0.0,0.21844143706505292,580.4275602980204,False
9.833333333333401,Gold,1,756.5110511256208,578.7895735755683,264.96721505690033,307.46932977175334,1.0,0.0,0.19837858034809486,426.8974956898315,False
9.850000000000069,Blue,1,600.2700335040437,587.538181195683,276.6645217947618,331.33415510633296,1.0,0.0,0.20897801699110374,585.9496675336225,False
9.850000000000069,Gold,1,751.432622946804,579.5795669638984,265.34409649167264,308.37036231716525,1.0,0.0,0.18734421737296714,432.0367844523559,False
9.866666666666736,Blue,1,594.7435201999525,587.2730269547799,277.1115828210585,331.97223055303436,1.0,0.0,0.23103960546138325,591.4825378602629,False
9.866666666666736,Gold,1,746.3341871983267,580.3366530625576,265.76152528379384,309.2604326319187,1.0,0.0,0.2077990878650624,437.1911114813903,False
9.883333333333404,Blue,1,589.2085496907694,586.967999445576,277.5376319610729,332.6021424285108,1.0,0.0,0.22041435790409025,597.2449505805453,False
9.883333333333404,Gold,1,741.2161124664834,581.0606104537504,266.1539979414174,310.1414060617878,1.0,0.0,0.19565439303126198,442.6064615587446,False
9.900000000000071,Blue,1,583.6655209725723,586.6229746250043,277.94598527848086,333.22538047280807,1.0,0.0,0.21148103549167274,602.7986453477756,False
9.900000000000071,Gold,1,736.0787665426833,581.7513865937367,266.52500210679096,311.01476064472314,1.0,0.0,0.18521343596598427,447.78985840647084,False
9.916666666666739,Blue,1,578.1150203638291,586.2369917062035,278.4582897239019,333.8343052422136,1.0,0.0,0.2655915564564104,608.5815193522,False
9.916666666666739,Gold,1,730.922519272123,582.4085963342915,266.9371257393142,311.8777292620684,1.0,0.0,0.20602991274310867,452.9878146612594,False
9.933333333333406,Blue,1,572.5575846422703,585.8093928243666,278.9424176446716,334.4316931315334,1.0,0.0,0.2512390651076757,614.1551353295132,False
9.933333333333406,Gold,1,725.7477399139168,583.0320564084024,267.32540066709225,312.7320865093023,1.0,0.0,0.19437694890230972,458.4415946767045,False
9.950000000000074,Blue,1,566.9937049471116,585.3397644289491,279.40249883769064,335.0198637859178,1.0,0.0,0.2389981284961067,619.7387888856208,False
9.950000000000074,Gold,1,720.5547932719089,583.6217439532162,267.6931850749158,313.579231484005,1.0,0.0,0.18437251996009962,463.6677705488547,False
9.966666666666741,Blue,1,561.4239559674737,584.8273952666823,279.9031788876033,335.5959670148481,1.0,0.0,0.2603436736219855,625.5511204212371,False
9.966666666666741,Gold,1,715.3440528501739,584.1772973199456,268.10243840731,314.41634663222516,1.0,0.0,0.2054415752750387,468.908042096849,False
9.983333333333409,Blue,1,555.8488599572361,584.2718336470272,280.3785998931929,336.1625191061077,1.0,0.0,0.24744773478949256,631.153717594609,False
9.983333333333409,Gold,1,710.1158875314767,584.6985504334315,268.48870432260446,315.24514693902313,1.0,0.0,0.19416435592135883,474.39943105505574,False
10.000000000000076,Blue,1,550.269029173731,583.672334483258,280.89472155212115,336.71661519990226,1.0,0.0,0.2688865211630542,636.7656556907934,False
10.000000000000076,Gold,1,704.870658680872,585.185492199055,268.8552518210776,316.0669813852267,1.0,0.0,0.18449956177002846,479.66710645334547,False
10.016666666666744,Blue,1,544.685016343026,583.028424334799,281.3845580642042,337.26095306448553,1.0,0.0,0.2554296198968835,642.6065173541856,False
10.016666666666744,Gold,1,699.6087434167509,585.6377690171083,269.26350291807296,316.8790047336383,1.0,0.0,0.2057644191971555,485.18230238045055,False
10.033333333333411,Blue,1,539.0973212347756,582.3398466897405,281.85205024749786,337.7977395805699,1.0,0.0,0.2440005901877953,648.2364598254885,False
10.033333333333411,Gold,1,694.3305106191625,586.0552187823607,269.64947279669326,317.6828934320705,1.0,0.0,0.19479061500915407,490.47663280189215,False
10.050000000000079,Blue,1,533.5065501565516,581.606012591761,282.3633939611823,338.3235750533335,1.0,0.0,0.2671288040427271,654.0966336667708,False
10.050000000000079,Gold,1,689.0363189069459,586.4378308142307,270.0163688715647,318.4799652560346,1.0,0.0,0.1854062599774302,495.78455848040585,False
10.066666666666746,Blue,1,527.9132481517914,580.8265741146961,282.8507297864865,338.84094493071325,1.0,0.0,0.2548119387704304,659.743857273392,False
10.066666666666746,Gold,1,683.7265499771285,586.7852496701522,270.4251533625883,319.2673572700701,1.0,0.0,0.20684183223234953,501.33613063139103,False
10.083333333333414,Blue,1,522.3179069491212,580.0013737263652,283.3178073784705,339.3518467295003,1.0,0.0,0.2444321095644142,665.3997166223257,False
10.083333333333414,Gold,1,678.4015738911343,587.0973086943275,270.8122655729433,320.04672181343545,1.0,0.0,0.19612698729920197,506.6699286323142,False
10.100000000000081,Blue,1,516.7211414752281,579.1298957712768,283.83129404031234,339.85250822302135,1.0,0.0,0.2689501432439343,671.2874531000557,False
10.100000000000081,Gold,1,673.0617478735929,587.3739902298441,271.1808713914508,320.8193579741467,1.0,0.0,0.18698821008612398,512.0168733514795,False
10.116666666666749,Blue,1,511.1235035390893,578.2118467811779,284.322458571333,340.34528332909184,1.0,0.0,0.25747545079626377,676.9598540827361,False
10.116666666666749,Gold,1,667.7074597719545,587.6149304647566,271.59153946995656,321.582387234949,1.0,0.0,0.20858855037039703,517.6040339383329,False
10.133333333333416,Blue,1,505.52567431232166,577.2465911646624,284.85986644650814,340.82646265536283,1.0,0.0,0.2819509788846446,682.8667353671284,False
10.133333333333416,Gold,1,662.3390825119899,587.8199524963563,271.9810850072968,322.3374479943184,1.0,0.0,0.19810667351353928,522.9760775015352,False
10.150000000000084,Blue,1,499.92826217907714,576.2337400797842,285.3732889198313,341.29870154208646,1.0,0.0,0.26958579562495544,688.5549216836607,False
10.150000000000084,Gold,1,656.9570249232515,587.9885604596201,272.4108745555246,323.0818799028824,1.0,0.0,0.2188432149897075,528.3607552976578,False
10.166666666666751,Blue,1,494.39794384154607,575.1918951208166,285.86663028559786,337.6558937715287,0.0,0.0,0.2592483145729858,694.1825190519377,False
10.166666666666751,Gold,1,651.5616776626649,588.1204733587598,272.81752938689925,323.8175768407349,1.0,0.0,0.20731591168932795,533.9826114171019,False
10.183333333333419,Blue,1,488.86862013285446,574.1015261256589,286.41270615729337,338.14844491134573,1.0,0.0,0.28520514612595704,700.0479773024921,False
10.183333333333419,Gold,1,646.1534129404165,588.2155810799197,273.2044264086138,324.54605532088317,1.0,0.0,0.1974812972905582,539.3915365050811,False
10.200000000000086,Blue,1,483.3409146916843,572.9623186910952,286.9357149251256,338.63247877884476,1.0,0.0,0.2733836863911989,705.6918238804346,False
10.200000000000086,Gold,1,640.7326467688044,588.2734410406428,273.63256960059863,325.264497270228,1.0,0.0,0.218795807638962,544.8126078580567,False
10.216666666666754,Blue,1,477.88137645255097,571.793817508177,287.5793266351122,334.99108954798345,0.0,0.0,0.336698278949104,711.274953438353,False
10.216666666666754,Gold,1,635.299773061424,588.2938138355302,274.0387051806469,325.9747143200226,1.0,0.0,0.2077943878667412,550.468327096295,False
10.233333333333421,Blue,1,472.4246959578774,570.574228740573,288.19290492195614,335.4786604522865,1.0,0.0,0.3190331696555866,717.0997652694722,False
10.233333333333421,Gold,1,629.8551644313569,588.2766207672523,274.42611065865776,326.6781465759762,1.0,0.0,0.1984431354745304,555.9128526574804,False
10.250000000000089,Blue,1,466.97165709544674,569.3030385170491,288.7765948643638,335.9547688460801,1.0,0.0,0.30374008059806457,722.6990050918321,False
10.250000000000089,Gold,1,624.3992457094878,588.2214420234037,274.85553877538194,327.37186448486216,1.0,0.0,0.22022371431541998,561.5906019880612,False
10.266666666666756,Blue,1,461.58805075513465,568.0022637769998,289.4086926252791,332.3113536225853,0.0,0.0,0.32919265675025144,728.4755884306728,False
10.266666666666756,Gold,1,618.9324161407945,588.1280535491611,275.2638421506952,328.0576305848383,1.0,0.0,0.20963002318535118,567.0578677981648,False
10.283333333333424,Blue,1,456.20921090018066,566.6483352907618,290.01403484151933,332.79745478581685,1.0,0.0,0.31334742464426313,734.022195658909,False
10.283333333333424,Gold,1,613.4550511413307,587.9963854144928,275.65424463124845,328.73683974592313,1.0,0.0,0.20066648793916997,572.5367585549957,False
10.300000000000091,Blue,1,450.90047020204986,565.2647102762777,290.66903876896896,329.1651948953698,0.0,0.0,0.33932860122172315,739.5081870384845,False
10.300000000000091,Gold,1,607.9675871550228,587.8260209152335,276.0873332596191,329.4064756939102,1.0,0.0,0.22285720445132995,578.2471433583448,False
10.316666666666759,Blue,1,445.59773237706884,563.8264143407607,291.29563310189866,329.6601357443632,1.0,0.0,0.3226592842808458,745.246046786437,False
10.316666666666759,Gold,1,602.47043175792,587.6167342986686,276.50003879190194,330.0682748341182,1.0,0.0,0.21260401832780573,583.748026116083,False
10.333333333333426,Blue,1,440.3017611395213,562.3332427110544,291.89382007933284,330.14654672264186,1.0,0.0,0.30828371367989504,750.7484509630555,False
10.333333333333426,Gold,1,596.9639663320158,587.3684495129846,276.8955645400013,330.72360749926105,1.0,0.0,0.20397742788281192,589.2600672394685,False
10.350000000000094,Blue,1,435.01353111457473,560.7846200144223,292.5471274107708,330.6191050011662,1.0,0.0,0.3369622383851869,756.5088389255981,False
10.350000000000094,Gold,1,591.4486424681235,587.0807399523685,277.3343935684441,331.3693812252492,1.0,0.0,0.22655556452841807,595.0023311240509,False
10.366666666666761,Blue,1,429.79709237564583,559.2073025969238,293.1704206746188,326.9816326174195,0.0,0.0,0.3217336687079957,761.9585328012389,False
10.366666666666761,Gold,1,585.9930011685159,586.7626418804078,277.75350929676034,327.8944192024758,0.0,0.0,0.21661024628463466,600.4670344562558,False
10.383333333333429,Blue,1,424.5900240797831,557.5727222038324,293.9411478980753,327.4560854180696,1.0,0.0,0.3954500376102281,767.4158297933128,False
10.383333333333429,Gold,1,580.5288414021077,586.4037480287953,278.2791307888004,328.5560048125958,1.0,0.0,0.27009609490860953,605.9429633396248,False
10.400000000000096,Blue,1,419.39354858587575,555.8800745496113,294.66836947876226,327.91201427278173,1.0,0.0,0.3734200529397249,773.1392038612208,False
10.400000000000096,Gold,1,575.0567197016871,586.0033455843394,278.77402347299983,329.2050681235996,1.0,0.0,0.2545839693406542,611.6485808360894,False
10.416666666666764,Blue,1,414.2708402697261,554.1583516036401,295.3584952844737,324.2580660864393,0.0,0.0,0.3546386614771073,778.543351951884,False
10.416666666666764,Gold,1,569.5771441957154,585.5609851535908,279.24259336890185,329.8441294229979,1.0,0.0,0.24130190448328648,617.1458960760813,False
10.433333333333431,Blue,1,409.1604357123525,552.3770499141405,296.1113020963688,324.7173749840607,1.0,0.0,0.38452811383942986,784.2225979277379,False
10.433333333333431,Gold,1,564.1584596192816,585.087578645541,279.7505781482049,326.3594989251573,0.0,0.0,0.2618766136866775,622.8044259101484,False
10.450000000000099,Blue,1,404.0634351883405,550.5357653297052,296.8252175357141,325.16315250281167,1.0,0.0,0.36493789314449643,789.6418786609573,False
10.450000000000099,Gold,1,558.7327631876141,584.5709253217975,280.23438802176656,327.01438000791984,1.0,0.0,0.24798206907396292,628.2543539404477,False
10.466666666666766,Blue,1,399.04212953511194,548.6655987420348,297.599729753226,321.49606638903566,0.0,0.0,0.39620383266768044,794.9994521185401,False
10.466666666666766,Gold,1,553.3005425756375,584.0108061979067,280.69414374297276,327.6612811372033,1.0,0.0,0.23590737594406264,633.7153525886974,False
10.483333333333434,Blue,1,394.0361345888103,546.7340176101645,298.33940847817684,321.9434233790509,1.0,0.0,0.37611679186202096,800.6439649639319,False
10.483333333333434,Gold,1,547.9298205240232,583.4200322585043,281.19615501657853,324.186997165866,0.0,0.0,0.25786444092225125,639.3382110171731,False
10.500000000000101,Blue,1,389.1065365471291,544.7743260246729,299.04447607836795,318.2904030379453,0.0,0.0,0.35877982435187405,805.948318273027,False
10.500000000000101,Gold,1,542.5530022387554,582.7848426470184,281.6755570902142,324.8524381549054,1.0,0.0,0.244846439914852,644.7522586961229,False
10.516666666666769,Blue,1,384.1944155800355,542.7516999875075,299.9261618612623,318.73470870566564,1.0,0.0,0.4459887758329124,811.5516861812879,False
10.516666666666769,Gold,1,537.1705629879367,582.1051542680352,282.1323653252606,325.5110795235793,1.0,0.0,0.23356216883080805,650.1774430314566,False
10.533333333333436,Blue,1,379.3012852097805,540.6654961264134,300.7571951452428,319.1581064821709,1.0,0.0,0.4206707890147179,816.8705358236982,False
10.533333333333436,Gold,1,531.7830854663816,581.3805407928274,282.63372331727567,326.15935283442377,1.0,0.0,0.2566178532993675,655.8345878293111,False
10.550000000000104,Blue,1,374.48748068753423,538.5508500681185,301.6525547300591,315.4678921046296,0.0,0.0,0.4535453452010927,822.126828435967,False
10.550000000000104,Gold,1,526.4580487503218,580.626393552966,283.11046158642876,322.6904317025707,0.0,0.0,0.24427689161437982,661.2127086969667,False
10.566666666666771,Blue,1,369.6954046023707,536.3708569183829,302.5033260120292,315.8779954666155,1.0,0.0,0.42838518093648403,827.6982574318328,False
10.566666666666771,Gold,1,521.1284571158828,579.826448711214,283.63485121742144,323.3574669974697,1.0,0.0,0.2671666866471263,666.6019597426612,False
10.583333333333439,Blue,1,364.98377859071053,534.1631618525507,303.3102485389109,312.19227062633456,0.0,0.0,0.40657606878271935,832.9001737012013,False
10.583333333333439,Gold,1,515.7948771907121,578.9804421967524,284.1321058993581,324.01556540774845,1.0,0.0,0.25361897927506405,672.2256841230214,False
10.600000000000106,Blue,1,360.2962096595873,531.8891588279447,304.1985824616192,312.6016827590928,1.0,0.0,0.4449400793549394,838.4335326542471,False
10.600000000000106,Gold,1,510.4578130735219,578.0883054473295,284.60629708402155,324.66687686675596,1.0,0.0,0.2421169283180049,677.6367983348389,False
10.616666666666774,Blue,1,355.6340639606748,529.5487455519257,305.04028248517625,312.99727243801397,1.0,0.0,0.42186060483437515,843.6488347176881,False
10.616666666666774,Gold,1,505.1842665951647,577.1675555582292,285.12761525841967,321.19941180459756,0.0,0.0,0.2664642921526301,683.2168653500886,False
10.633333333333441,Blue,1,351.0553558479734,527.1812221496156,306.0855562363289,309.27503318323784,0.0,0.0,0.524225977878892,849.1459772499251,False
10.633333333333441,Gold,1,499.9077645768391,576.1998916553525,285.6268745132849,321.86992578053594,1.0,0.0,0.253743659762776,688.5813150576059,False
10.650000000000109,Blue,1,346.50600081936204,524.7450815714988,307.0739114395446,309.6337893927521,1.0,0.0,0.49272365317619204,854.3053920468997,False
10.650000000000109,Gold,1,494.6288076842749,575.1853148023365,286.1040406869557,322.53419575483537,1.0,0.0,0.2427810015148708,693.9568370065307,False
10.666666666666776,Blue,1,341.98768148654517,522.2401516130654,308.0068443677898,309.9735170685847,1.0,0.0,0.465361571478347,859.4683308270659,False
10.666666666666776,Gold,1,489.41391778410195,574.1431285532093,286.63082379232236,319.0805914744163,0.0,0.0,0.2683174666468986,699.5057275792008,False
10.683333333333444,Blue,1,337.5559416588129,519.7091938906602,309.0236508178929,306.2120729427892,0.0,0.0,0.5074754198499036,864.9385273216058,False
10.683333333333444,Gold,1,484.1971296218062,573.05332075604,287.13620128883184,319.764311883215,1.0,0.0,0.2559672000711011,704.8351322220963,False
10.700000000000111,Blue,1,333.15857495933943,517.1084236884693,309.9904918875855,306.53388446185465,1.0,0.0,0.4796440791572181,870.0443404322843,False
10.700000000000111,Gold,1,479.04487033364404,571.9358304087021,287.76513443648474,316.32328023060217,0.0,0.0,0.31890151480994433,710.1070507573912,False
10.716666666666779,Blue,1,328.8496666028873,514.4825710659757,311.04641251185234,302.7580809651439,0.0,0.0,0.5241048620132958,875.4820573634256,False
10.716666666666779,Gold,1,473.89183966150136,570.7688217292375,288.3606088845688,317.01148830533117,1.0,0.0,0.3002523479967749,715.626539209215,False
10.733333333333446,Blue,1,324.5786587996637,511.7860836948098,312.0501119327064,303.0597077689378,1.0,0.0,0.4952018666618194,880.5301527334742,False
10.733333333333446,Gold,1,468.73875914729547,569.5519430436252,288.92328859851125,317.68871096875523,1.0,0.0,0.2840332732265267,720.9213003875451,False
10.750000000000114,Blue,1,320.3988477129064,509.0651064795873,313.29891792782473,299.2462795362067,0.0,0.0,0.6164265883021365,885.5118938797277,False
10.750000000000114,Gold,1,463.6513025716619,568.3075117479401,289.5346617234049,314.24666294345064,0.0,0.0,0.30895254385327675,726.4007594104415,False
10.766666666666781,Blue,1,316.2623479751636,506.2716683339281,314.4755455231032,299.4831152407278,1.0,0.0,0.5773054604079775,890.9261766989999,False
10.766666666666781,Gold,1,458.5647837498281,567.0119654082937,290.1159523529228,314.93493066814125,1.0,0.0,0.2921173759304381,731.6496746342183,False
10.783333333333449,Blue,1,312.17131029293336,503.4058962792878,315.5824465818421,299.6952779603088,1.0,0.0,0.5432974675162008,895.9146833911418,False
10.783333333333449,Gold,1,453.47985729896965,565.6652054185429,290.6675680136482,315.6150537130344,1.0,0.0,0.2775132671348004,736.909670841809,False
10.800000000000116,Blue,1,308.1755359971946,500.5177221620377,316.7894092699923,295.8174150291762,0.0,0.0,0.5926088242269536,901.3003287186119,False
10.800000000000116,Gold,1,448.4614346437568,564.2917058893366,291.2733042430406,312.17918068170707,0.0,0.0,0.3050764038946454,742.3623288441187,False
10.816666666666784,Blue,1,304.22965303380784,497.55685516443265,317.93328257393836,295.9936023932102,1.0,0.0,0.5582161705195432,906.2271503701285,False
10.816666666666784,Gold,1,443.4455292979109,562.8660948623392,291.85104994395937,312.87381427600104,1.0,0.0,0.28936956500280786,747.5768036693696,False
10.833333333333451,Blue,1,300.3823622676154,494.5748355857406,319.35655677822143,292.05943440744585,0.0,0.0,0.6947572818928727,911.5865110490229,False
10.833333333333451,Gold,1,438.43276308313347,561.388408099166,292.4010764853521,313.561764025299,1.0,0.0,0.2757945735013969,752.8021985131544,False
10.850000000000119,Blue,1,296.5915672774875,491.51903147150665,320.6941193955045,292.1455726008728,1.0,0.0,0.6489124112811062,916.4490458281219,False
10.850000000000119,Gold,1,433.48725991283214,559.8851493580764,293.0100022330353,310.13551621902457,0.0,0.0,0.30566675744323746,758.2301100568828,False
10.866666666666786,Blue,1,292.86095277494246,488.38937585330115,322.13070497836867,292.17122356350086,1.0,0.0,0.6970465817696017,921.8503453483743,False
10.866666666666786,Gold,1,428.5458218936126,558.3290764457482,293.59221507552195,310.839221113702,1.0,0.0,0.29065070408607596,763.4104235112377,False
10.883333333333454,Blue,1,289.1934491404293,485.1863514641101,323.47466762795034,292.15717230441476,1.0,0.0,0.6521310396106834,926.7119716773136,False
10.883333333333454,Gold,1,423.672399517438,556.7474131520023,294.32407929475653,307.41967398489055,0.0,0.0,0.3657722795427958,768.5330382068463,False
10.900000000000121,Blue,1,285.63212867953433,481.9665572240033,324.92817296208864,288.06298294944315,0.0,0.0,0.7052689837751203,931.5001369895992,False
10.900000000000121,Gold,1,418.80481759229735,555.1109050002037,295.0152316179954,308.1192071648446,1.0,0.0,0.3435380647447559,773.9382060934677,False
10.916666666666789,Blue,1,282.13985091631235,478.6740272024867,326.29875056241116,287.979736275137,1.0,0.0,0.6608112705731166,936.8832669309227,False
10.916666666666789,Gold,1,413.94400845210646,553.4192334403878,295.66678569958134,308.8060643658931,1.0,0.0,0.3242180651186253,779.0841212547504,False
10.933333333333456,Blue,1,278.71872818556255,475.30998375887356,327.58919954089214,287.8804066026893,1.0,0.0,0.6220977420091955,941.6665471524748,False
10.933333333333456,Gold,1,409.1527401826527,551.7022703876142,296.37869642818623,305.3770939610069,0.0,0.0,0.35464158059004447,784.4551564880404,False
10.950000000000124,Blue,1,275.37310747689054,471.8749519595714,329.21333527296565,287.7037312907913,1.0,0.0,0.7828404694979447,947.0968369096294,False
10.950000000000124,Gold,1,404.3697858940833,549.9288579806707,297.05415749252404,306.06848228774555,1.0,0.0,0.33464663468982536,789.5557517785728,False
10.966666666666791,Blue,1,272.1063806831072,468.3699905843092,330.729789345953,287.4761372258315,1.0,0.0,0.7307374229798498,951.871427405578,False
10.966666666666791,Gold,1,399.6572150964232,548.1303888795287,297.7925699948674,302.64522575219314,0.0,0.0,0.36623817463936703,794.5983691102381,False
10.983333333333459,Blue,1,268.95450100911137,464.8570505269623,332.36403361122194,283.17898222343047,0.0,0.0,0.7872197635313682,957.2858054414633,False
10.983333333333459,Gold,1,394.95463610233475,546.2742011125673,298.4924522836857,303.33950616214344,1.0,0.0,0.3452437962661783,799.949976038179,False
11.000000000000126,Blue,1,265.88831155017436,461.2761484696518,333.9019555489753,282.85642724133015,1.0,0.0,0.7359246339577616,961.9829263709,False
11.000000000000126,Gold,1,390.26291450224767,544.3602899277143,299.15471202504295,304.024846593867,1.0,0.0,0.3270450520173718,805.015775019991,False
11.016666666666794,Blue,1,262.91159730981747,457.62881943572785,335.56495386970215,282.4709052302779,1.0,0.0,0.7953814355156474,967.4487123281131,False
11.016666666666794,Gold,1,385.6432699986792,542.4219332491352,299.9963486875068,300.5894725865717,0.0,0.0,0.41607974900769307,810.336982476201,False
11.033333333333461,Blue,1,260.0271781623201,453.916957678679,337.1212041316001,282.04972873379546,1.0,0.0,0.7438849244334769,972.1301993686092,False
11.033333333333461,Gold,1,381.03695376059284,540.423812320003,300.78933485292544,301.261168287086,1.0,0.0,0.38989996161792106,815.3570664190919,False
11.050000000000129,Blue,1,257.2386569954264,450.1424828243472,338.8093266196283,281.5688878535943,1.0,0.0,0.8063977954197483,977.6510586459821,False
11.050000000000129,Gold,1,376.445118616052,538.365691390771,301.53525238593704,301.9187346196643,1.0,0.0,0.36714673628370065,820.386566645114,False
11.066666666666796,Blue,1,254.54865756187326,446.307604562368,340.3907438380611,281.05621795680145,1.0,0.0,0.7548685286058117,982.3139272323468,False
11.066666666666796,Gold,1,371.9273354814186,536.2837422484998,302.35452496130364,298.4653347665249,0.0,0.0,0.4036726451121311,825.6918172764462,False
11.083333333333464,Blue,1,251.9606192393534,442.41460041991553,342.10894597527147,280.4858730901447,1.0,0.0,0.81951637336293,987.8933179575577,False
11.083333333333464,Gold,1,367.4837397259779,534.1781633700934,303.13025822332565,295.0329140002195,0.0,0.0,0.38014081292224944,830.6072961933154,False
11.100000000000131,Blue,1,249.4769832134654,438.46597213788425,343.71961572517915,279.88641908368044,1.0,0.0,0.7675564140820512,992.534858223897,False
11.100000000000131,Gold,1,363.0577598673564,532.0104375771481,303.9881144735545,295.6991683457448,1.0,0.0,0.4181238224175843,835.5317710538556,False
11.116666666666799,Blue,1,247.10101948839232,434.46433984635337,345.4701833838307,279.2306441459253,1.0,0.0,0.8334587515554297,998.1755633100739,False
11.116666666666799,Gold,1,358.7071506367665,529.8196159311645,304.7937062743274,292.26529144339986,0.0,0.0,0.3930601181718991,840.756027180013,False
11.133333333333466,Blue,1,244.83497912909348,430.4124816324178,347.1117881217994,278.5479815488006,1.0,0.0,0.7807970865693505,1002.7932751963763,False
11.133333333333466,Gold,1,354.37592664556183,527.566225106423,305.55921614284875,292.9405695626021,1.0,0.0,0.3715028830014262,845.635033975269,False
11.150000000000134,Blue,1,242.68193694580447,426.31334771488133,348.89463540661916,277.81029905478727,1.0,0.0,0.8470922542937735,1008.4969233609002,False
11.150000000000134,Gold,1,350.1214892730461,525.2902027160562,306.54398343340824,289.4993177905478,0.0,0.0,0.4784127230730526,850.8356808051342,False
11.166666666666801,Blue,1,240.64558573344428,422.1701514925949,350.8025816212549,276.99473696663824,1.0,0.0,0.9055109214107944,1014.2652037869641,False
11.166666666666801,Gold,1,345.8898108382401,522.9497403611472,307.4689704465881,290.14740922030575,1.0,0.0,0.4469688312307234,855.668565505644,False
11.183333333333469,Blue,1,238.72840228187226,417.986197636888,352.5844329957948,276.1373283589168,1.0,0.0,0.8446155140604574,1018.8523274921745,False
11.183333333333469,Gold,1,341.73687924198646,520.58684267857,308.47496628988546,286.6852885750614,0.0,0.0,0.4866034420964631,860.4414327061064,False
11.200000000000136,Blue,1,236.9334993647248,413.76507448353436,354.49346814941083,275.2133822472031,1.0,0.0,0.9037213301604936,1024.6798517590314,False
11.200000000000136,Gold,1,337.6100708196512,518.1580493426951,309.42039764425573,287.30907636719564,1.0,0.0,0.4548597981879965,865.6337764427269,False
11.216666666666804,Blue,1,235.26280945201722,409.51035348880015,356.2774850076962,274.2587827196024,1.0,0.0,0.8433530484923502,1029.2353049858573,False
11.216666666666804,Gold,1,333.5107805675768,515.6634754432032,310.3076587797877,287.91923561791214,1.0,0.0,0.4272855001101341,870.4270572340259,False
11.233333333333471,Blue,1,233.71889425721486,405.2259134412284,358.1881163740714,273.24780390686163,1.0,0.0,0.9018989532568042,1035.1171379370749,False
11.233333333333471,Gold,1,329.492581864455,513.1481908006466,311.291816118157,284.43150237458065,0.0,0.0,0.4743966457070421,875.6008322125443,False
11.250000000000139,Blue,1,232.30317008652426,400.91551648729745,359.97393163295334,272.21621660100425,1.0,0.0,0.8416893639717706,1041.05502584096,False
11.250000000000139,Gold,1,325.504815612308,510.5664957473319,312.2211099680391,285.0311290162182,1.0,0.0,0.445542959492645,880.3464810047401,False
11.266666666666806,Blue,1,231.017657482221,396.58325292501473,1.8835631268104294,271.1379368957021,1.0,0.0,0.8986419513733317,1045.5674339279428,False
11.266666666666806,Gold,1,321.60040858057846,507.9646547226106,313.4109110845387,281.51429014249044,0.0,0.0,0.5709688242466058,885.0303475232457,False
11.283333333333474,Blue,1,229.86474837582608,392.2335596315862,3.896820021105533,269.99354095277954,1.0,0.0,0.9458637023237699,1051.5424746091699,False
11.283333333333474,Gold,1,317.7313044017549,505.29459019159304,314.5235481457743,282.05879225260134,1.0,0.0,0.5310580536123624,890.2012112481355,False
11.300000000000141,Blue,1,228.84557824633012,387.8706124105042,5.770125084266827,268.82421457989165,1.0,0.0,0.8785934845829786,1056.0165588109494,False
11.300000000000141,Gold,1,313.89940544146975,502.55639692722843,315.56264792821065,282.58122227325407,1.0,0.0,0.49637359896279065,894.9024043804463,False
11.316666666666809,Blue,1,227.96167171368438,383.4989230738808,7.745449589333219,267.6091371606002,1.0,0.0,0.9248110887161971,1062.0152459936303,False
11.316666666666809,Gold,1,310.1543489063239,499.7998713502301,316.7074602660284,279.00891410330473,0.0,0.0,0.5473110764896241,900.0601496902117,False
11.333333333333476,Blue,1,227.21473277875285,379.1233201510172,9.802839746819895,266.3339020100922,1.0,0.0,0.9614746490582196,1068.0373585915265,False
11.333333333333476,Gold,1,306.4504650572494,496.9747063098443,317.7841238838498,279.5015689799793,1.0,0.0,0.5119203939041128,904.7104469017393,False
11.350000000000144,Blue,1,226.60520294027563,374.7481950245369,11.710082554583732,265.0428029335464,1.0,0.0,0.8896026011670255,1072.4538000182506,False
11.350000000000144,Gold,1,302.8364158280982,494.1321477664786,319.15459789204647,275.8792620902866,0.0,0.0,0.6521091734670463,909.2959529078847,False
11.366666666666811,Blue,1,226.13253197559095,370.37748232206144,13.486380769427084,263.7718152615465,1.0,0.0,0.8269249467802648,1078.467441085304,False
11.366666666666811,Gold,1,299.26970519202865,491.2195771108564,320.4324304359758,276.29001666291884,1.0,0.0,0.6046778321779058,914.4551907625055,False
11.383333333333479,Blue,1,225.79540180618667,366.014666664924,15.148352724343374,262.54931337451865,1.0,0.0,0.7722336597517483,1084.4770841442871,False
11.383333333333479,Gold,1,295.75261961938105,488.2373795472753,321.62233954925574,276.6734819978207,1.0,0.0,0.5634239584533383,919.0528462439344,False
11.400000000000146,Blue,1,225.59306656809753,361.66359564143,16.91882903862314,261.34638118830514,1.0,0.0,0.8211508279003166,1088.8324006039725,False
11.400000000000146,Gold,1,292.32956550746223,485.2405352370131,322.9292410879446,272.9728026435426,0.0,0.0,0.6191814361535819,924.2046272775608,False
11.416666666666814,Blue,1,225.52512357612136,357.32841777576704,18.774364952212082,260.14261503554934,1.0,0.0,0.8590610843566466,1094.8003542453782,False
11.416666666666814,Gold,1,288.9609459306171,482.17425030038385,324.1549570657967,273.31103929035515,1.0,0.0,0.5774631312048193,928.746436030812,False
11.433333333333481,Blue,1,225.5902976759441,353.0127047983201,20.4976065201417,258.9723039268282,1.0,0.0,0.7963859042309114,1100.7335101749193,False
11.433333333333481,Gold,1,285.6497543636187,479.0388963570318,325.50442766875113,273.60548641508933,1.0,0.0,0.6360926024562374,933.9609504066525,False
11.450000000000149,Blue,1,225.78764569309914,348.72031604361183,22.299447469921493,257.81538135091256,1.0,0.0,0.831265027910705,1105.025096830112,False
11.450000000000149,Gold,1,282.3982884595827,475.8352587902211,326.7626378825707,273.8743636496874,1.0,0.0,0.5933403894670839,938.5111523720119,False
11.466666666666816,Blue,1,226.1154520731098,344.45449470327435,23.97130623014451,256.7038749797824,1.0,0.0,0.76997781478258,1110.8833423419494,False
11.466666666666816,Gold,1,279.2470901905603,472.62191842850154,328.364884806787,270.03737615264436,0.0,0.0,0.7558875438549748,943.7263939773796,False
11.483333333333483,Blue,1,226.57142709078596,340.2179225208318,25.529406642485668,255.6623661504512,1.0,0.0,0.716407399236898,1115.1386606956933,False
11.483333333333483,Gold,1,276.1631789336006,469.34043614136493,329.85644127750953,270.1908301733025,1.0,0.0,0.699596893163406,948.2154139389185,False
11.500000000000151,Blue,1,227.1537278141537,336.01362039619977,27.170935908923717,254.666114266175,1.0,0.0,0.7536076041828235,1120.9103354376566,False
11.500000000000151,Gold,1,273.1491604952599,465.9919152466753,331.24318893889404,270.3124813688605,1.0,0.0,0.6505880767831798,952.6977435260934,False
11.516666666666818,Blue,1,227.86077950220945,331.8448555973001,28.874436877454855,253.69800814602203,1.0,0.0,0.7809100899658041,1126.609529379965,False
11.516666666666818,Gold,1,270.2084314994062,462.57734562563934,332.76334326136424,270.38088284167577,1.0,0.0,0.713306223963837,957.9909972328722,False
11.533333333333486,Blue,1,228.69038320823563,327.7142307835063,30.450386091890174,252.7866554645914,1.0,0.0,0.7214093985219598,1130.8076452951432,False
11.533333333333486,Gold,1,267.3435274956503,459.0980853534867,334.1785251188011,270.41918787619204,1.0,0.0,0.6641182180787482,962.4733559341989,False
11.550000000000153,Blue,1,229.64061175811287,323.6245888707454,32.08303593608402,251.91502332692244,1.0,0.0,0.7463639506304336,1136.4019872322676,False
11.550000000000153,Gold,1,264.58608045237696,455.6180904734524,335.73378573998906,266.40188216579395,0.0,0.0,0.7298967192674475,967.7750309980157,False
11.566666666666821,Blue,1,230.70900993677895,319.5781096124701,33.59203240438466,251.1089178045774,1.0,0.0,0.6889535561663092,1140.572311728765,False
11.566666666666821,Gold,1,261.9099766374191,452.075701331615,337.1911140193532,266.3760290609919,1.0,0.0,0.6798165230518372,972.1904712605965,False
11.583333333333488,Blue,1,231.89275185977237,315.5763959554235,34.992673012243785,250.38739121545865,1.0,0.0,0.63872656249141,1146.0596697279732,False
11.583333333333488,Gold,1,259.31850650410405,448.47253600965894,338.79261016379087,266.298073671513,1.0,0.0,0.7470391908815479,977.5688834973604,False
11.600000000000156,Blue,1,233.18876443095533,311.6205565498494,36.29823006342407,249.76374907997504,1.0,0.0,0.5947371230467624,1150.2077930360808,False
11.600000000000156,Gold,1,256.81403441919065,444.81048055322753,340.28389563022705,266.1933697978269,1.0,0.0,0.6955486561265616,981.979832633127,False
11.616666666666823,Blue,1,234.59441777655383,307.7120852277544,37.67492187066491,249.21322969110756,1.0,0.0,0.6265698879450365,1155.5904499876908,False
11.616666666666823,Gold,1,254.3998121835661,441.09144327668355,341.92338969439885,266.03561070335456,1.0,0.0,0.7645544381144269,987.4395087715355,False
11.633333333333491,Blue,1,236.10682882627702,303.8519645309939,38.95410720188295,248.7498910889851,1.0,0.0,0.5817235418072215,1160.8898773964625,False
11.633333333333491,Gold,1,252.07813322564272,437.31755019744094,343.45083190889045,265.8512060645773,1.0,0.0,0.7121322737856985,991.8436839468986,False
11.650000000000158,Blue,1,237.7234919917816,300.0415270578192,40.29450469116062,248.35241230884526,1.0,0.0,0.6091478795522427,1165.0042399110346,False
11.650000000000158,Gold,1,249.85218689625447,433.49100805033896,345.129108179105,265.61276835557743,1.0,0.0,0.7822387654248537,997.3881932181579,False
11.666666666666826,Blue,1,239.44165899696063,296.28158825116094,41.53685797215132,248.03478722752465,1.0,0.0,0.5642637594394166,1170.2065602610187,False
11.666666666666826,Gold,1,247.72417257317736,429.6141868596971,346.6932024996981,265.3478377759125,1.0,0.0,0.7287586267146082,1001.7833252475725,False
11.683333333333493,Blue,1,241.25843242821776,292.5725316974619,42.69327488104056,247.80629206825054,1.0,0.0,0.5249889285138796,1174.3127696491745,False
11.683333333333493,Gold,1,245.6971791806085,425.6895977574279,348.40927878833895,265.0282373759527,1.0,0.0,0.7992544815138096,1007.4148210959423,False
11.700000000000161,Blue,1,243.17129889721227,288.9151327305336,43.91094469455861,247.6454142385232,1.0,0.0,0.5526122032341121,1179.4265712469041,False
11.700000000000161,Gold,1,243.77327719038675,421.7198554609331,350.0088870683183,264.6826589839492,1.0,0.0,0.7446537701676377,1011.7986541149207,False
11.716666666666828,Blue,1,245.17758425211923,285.30971932531423,45.040849065707874,247.56225942630854,1.0,0.0,0.5126615105332561,1183.529691810267,False
11.716666666666828,Gold,1,241.95540576867452,417.70777488288184,351.76009002492947,264.28244257679097,1.0,0.0,0.8148031827568012,1017.5173910628683,False
11.733333333333496,Blue,1,247.27452633470128,281.756252186391,46.0938411724606,247.56304509841257,1.0,0.0,0.47770685697875415,1187.6425060046229,False
11.733333333333496,Gold,1,240.24546269654485,413.656209103782,353.39249813890615,263.8573972058955,1.0,0.0,0.7590757431797108,1023.3172773858879,False
11.750000000000163,Blue,1,249.45973104783752,278.2551082787758,47.206636502245814,247.62726400886967,1.0,0.0,0.504838132284517,1192.6696915445104,False
11.750000000000163,Gold,1,238.6461801540446,409.56826603667275,355.1745483623188,263.37869962170714,1.0,0.0,0.8281337612651285,1027.6915546678183,False
11.766666666666831,Blue,1,251.7306937318586,274.80627396593053,48.240024984245764,247.7624399840125,1.0,0.0,0.46885779961253427,1196.786186433251,False
11.766666666666831,Gold,1,237.1608855172527,405.4473745433892,357.085649460384,262.8236075526693,1.0,0.0,0.8874702198427578,1033.571567595749,False
11.783333333333498,Blue,1,254.08522047163194,271.41010923778686,49.324989510860846,247.9512688097834,1.0,0.0,0.4923553824496594,1201.7471494505114,False
11.783333333333498,Gold,1,235.79166997576675,401.2969124811832,358.8591427233071,262.22873889771716,1.0,0.0,0.8228865866691102,1037.9274535042712,False
11.800000000000166,Blue,1,256.5209994911791,268.0665725835454,50.32983472195587,248.2017817123006,1.0,0.0,0.45612298059735856,1205.8713554325345,False
11.800000000000166,Gold,1,234.54122411717748,397.1205954529627,0.7614183981893916,261.5699897841573,1.0,0.0,0.8818582136961481,1043.8784607329656,False
11.816666666666833,Blue,1,259.0356591521834,264.7752982273641,51.26457256942624,248.51881287745692,1.0,0.0,0.4244547337457458,1210.7760711608485,False
11.816666666666833,Gold,1,233.41105684575498,392.92198254137514,2.527798009749322,260.88361848509794,1.0,0.0,0.8180564314405672,1049.8924583974042,False
11.833333333333501,Blue,1,261.62681190319347,261.5356629298403,52.137884939503934,248.90462828984073,1.0,0.0,0.396745649641133,1214.9122794808954,False
11.833333333333501,Gold,1,232.40325962450328,388.7049862535167,4.420175799033023,260.14489530165343,1.0,0.0,0.875514917571067,1054.2232096309717,False
11.850000000000168,Blue,1,264.2923933460579,258.3474917233382,53.06822477133669,249.34140501297574,1.0,0.0,0.4228914665027368,1219.7709726411235,False
11.850000000000168,Gold,1,231.52026959421784,384.47387892305557,6.416486469815859,259.3356633548033,1.0,0.0,0.9225863009860369,1060.2825882662494,False
11.866666666666836,Blue,1,267.0302896821943,255.2103141053278,53.9336596542131,249.83325462345405,1.0,0.0,0.3936397446489899,1223.9228695523038,False
11.866666666666836,Gold,1,230.763254642217,380.2326237186523,8.262929549472117,258.49708402059434,1.0,0.0,0.8523011038503725,1064.5865529752007,False
11.883333333333503,Blue,1,269.8386560169052,252.12405594951994,54.848418247823744,250.3654911269141,1.0,0.0,0.4163738546948199,1228.0892813941114,False
11.883333333333503,Gold,1,230.13375540695387,375.98553201438284,10.212016786744496,257.60940595020173,1.0,0.0,0.8985627204493571,1070.6732561758772,False
11.90000000000017,Blue,1,272.71558039966254,249.08832483181928,55.696661889676506,250.94319349822499,1.0,0.0,0.3863988984564628,1232.9154732088039,False
11.90000000000017,Gold,1,229.63216356238328,371.7365054684362,12.015653568155438,256.7118140641688,1.0,0.0,0.8304152337459971,1076.7799413070707,False
11.916666666666838,Blue,1,275.6591237312123,246.10247668368606,56.48676166358409,251.56917822006278,1.0,0.0,0.3602174243145182,1237.1018530461142,False
11.916666666666838,Gold,1,229.25797103874342,367.48902582879373,13.69289489339883,255.83583017656196,1.0,0.0,0.7711968913751992,1081.043738208118,False
11.933333333333506,Blue,1,278.6675976437604,243.1662753641613,57.325797393264956,252.22984854402492,1.0,0.0,0.3828792349453565,1241.901765326819,False
11.933333333333506,Gold,1,229.0112234104126,363.24695068996067,15.484145540912937,254.95471980752205,1.0,0.0,0.8225535542640348,1087.140527350141,False
11.950000000000173,Blue,1,281.73926516905226,240.2792036005216,58.10455056898696,252.9291780629845,1.0,0.0,0.3557150582706594,1246.1106876537058,False
11.950000000000173,Gold,1,228.89228614158847,359.0144593264292,17.365039823054275,254.04972973538517,1.0,0.0,0.8625966360557484,1093.222872615578,False
11.96666666666684,Blue,1,284.8723736170148,237.44052419684238,58.830615700281236,253.66925216281314,1.0,0.0,0.3319893448420288,1250.8923279401095,False
11.96666666666684,Gold,1,228.9005424826254,354.795177489245,19.103454694053703,253.15739491378366,1.0,0.0,0.7961920164479945,1097.4402597853416,False
11.983333333333508,Blue,1,288.06517924920774,234.64933196990162,59.51057750273451,254.4506684402924,1.0,0.0,0.31124739078462405,1255.126384643615,False
11.983333333333508,Gold,1,229.0356998160348,350.5930409538941,20.926453625343388,252.258574243611,1.0,0.0,0.8338360577496147,1103.4716020816795,False
12.000000000000176,Blue,1,291.31596560499065,231.90459759168328,60.15016244590625,255.272880378048,1.0,0.0,0.29310217009510176,1259.3776316500443,False
12.000000000000176,Gold,1,229.29659894181486,346.41138342815657,22.610766311667035,251.38731244636278,1.0,0.0,0.7693845415752065,1109.4549537603543,False
12.016666666666843,Blue,1,294.6232636038028,229.20576604480001,60.8448598104337,256.12278769574044,1.0,0.0,0.31874454264677077,1264.1589884907564,False
12.016666666666843,Gold,1,229.68142800215864,342.25298404744535,24.174102183204415,250.57007749263423,1.0,0.0,0.7132106429791243,1113.6218183856763,False
12.03333333333351,Blue,1,297.9855941249965,226.5520987846206,61.49427280129545,257.0019051707508,1.0,0.0,0.2983408903751936,1268.4386490655672,False
12.03333333333351,Gold,1,230.18883763775938,338.1209859782359,25.829380915904267,249.7821877078191,1.0,0.0,0.754252079799965,1119.5209548913617,False
12.050000000000178,Blue,1,301.4016802445227,223.94326971080542,62.19181590605417,257.8997492140107,1.0,0.0,0.3208684401358468,1272.7355636717905,False
12.050000000000178,Gold,1,230.81686766005828,334.01794738471335,27.36299154929968,249.04949442197073,1.0,0.0,0.6980067420278377,1123.6617508154907,False
12.066666666666846,Blue,1,304.8702121246895,221.37872927624582,62.8411024487921,258.81903283802154,1.0,0.0,0.2990675360095878,1277.526233093622,False
12.066666666666846,Gold,1,231.56396513163637,329.9467701239106,28.978634025374895,248.34955227520908,1.0,0.0,0.734555307764877,1129.4649710059075,False
12.083333333333513,Blue,1,308.3898700842325,218.85775570004304,63.448293947289386,259.761197500151,1.0,0.0,0.2800593280468533,1281.8537936873004,False
12.083333333333513,Gold,1,232.42881305968177,325.91060337364667,30.6545312431357,247.66706343090786,1.0,0.0,0.7611716655833369,1135.1845797067463,False
12.10000000000018,Blue,1,311.95951522159174,216.3800317978287,64.10232213235497,260.71696475717835,1.0,0.0,0.30208410432840616,1286.6471518709357,False
12.10000000000018,Gold,1,233.40945891964301,321.911914420369,32.19732119163671,247.03086190151822,1.0,0.0,0.7000185311106328,1139.2804297872144,False
12.116666666666848,Blue,1,315.5779779382685,213.9450279312449,64.71131499771481,261.6888582728097,1.0,0.0,0.2816827776610751,1291.0064060748534,False
12.116666666666848,Gold,1,234.5034918756388,317.9525722259782,33.62384449609428,246.46272617967446,1.0,0.0,0.6466642169447319,1144.889050367172,False
12.133333333333516,Blue,1,319.2442400830921,211.5525773206339,65.36254810118872,262.66913206467126,1.0,0.0,0.30165639998132754,1295.3835317722303,False
12.133333333333516,Gold,1,235.7081822772075,314.033929181891,34.94865437330017,245.9783571255359,1.0,0.0,0.6000592667903994,1148.9673235646417,False
12.150000000000183,Blue,1,322.95724088557245,209.20227374754091,65.96705535578556,263.6609312008292,1.0,0.0,0.28042189115893024,1300.1987107758932,False
12.150000000000183,Gold,1,237.02125125021365,310.1577402077676,36.352117860466635,245.5531875735981,1.0,0.0,0.635236668111693,1154.4653738588192,False
12.16666666666685,Blue,1,326.7158992957131,206.8935243748729,66.53083881624264,264.6662278336585,1.0,0.0,0.26191806359397063,1304.6087887682236,False
12.16666666666685,Gold,1,238.44010246451117,306.32522559872825,37.65185615965314,245.2033955485272,1.0,0.0,0.5879248316581052,1158.5308368690464,False
12.183333333333518,Blue,1,330.5192759878369,204.6261084451972,67.13743763601175,265.67773210643116,1.0,0.0,0.2822325657488953,1309.4355033954553,False
12.183333333333518,Gold,1,239.9625245449692,302.5379739986076,39.019933655493546,244.90765040165067,1.0,0.0,0.6185228783784087,1163.9212965785216,False
12.200000000000186,Blue,1,334.36639776222586,202.39958633824213,67.70116952075736,266.6981212964461,1.0,0.0,0.26268521182129767,1313.8790494245766,False
12.200000000000186,Gold,1,241.58600585299646,298.7970321303501,40.2840874431011,244.68186575450412,1.0,0.0,0.5712922966543879,1167.9783705069494,False
12.216666666666853,Blue,1,338.25627653661275,200.213348717939,68.22753192011241,267.72906178200947,1.0,0.0,0.24564737648661428,1318.3408413224406,False
12.216666666666853,Gold,1,243.30783909320252,295.1029914177537,41.45735004629538,244.53696525522184,1.0,0.0,0.5300432065994336,1173.2669756831658,False
12.23333333333352,Blue,1,342.1879236784826,198.06665789755434,68.72129250805402,268.77140959445495,1.0,0.0,0.2307893919901698,1323.1985096101328,False
12.23333333333352,Gold,1,245.12520221502103,291.45606597101903,42.551012347129465,244.47974588933144,1.0,0.0,0.493978350295599,1177.3209612980752,False
12.250000000000188,Blue,1,346.1603607345405,195.95868253469934,69.18659957254381,269.8253855015957,1.0,0.0,0.21783101419176276,1327.694924325685,False
12.250000000000188,Gold,1,247.03571849097693,287.8569466716426,43.72107629237851,244.48606467161045,1.0,0.0,0.5284430548270524,1182.5159908362461,False
12.266666666666856,Blue,1,350.1727503826684,193.8890187476752,69.70025096414521,270.88374622151787,1.0,0.0,0.24084512580006745,1332.2095805340296,False
12.266666666666856,Gold,1,249.03686053471023,284.30591189465974,44.807233437526875,244.56472124887475,1.0,0.0,0.49055221910783686,1186.5716811186878,False
12.283333333333523,Blue,1,354.2242432153518,191.85711250272035,70.18121997651456,271.9478879889603,1.0,0.0,0.22588104326643865,1337.1024283623144,False
12.283333333333523,Gold,1,251.1264685082317,280.8036612507684,45.95862473768429,244.69572084593074,1.0,0.0,0.5200739703157602,1191.682027915195,False
12.30000000000019,Blue,1,358.3139895453417,189.86229689127902,70.63372548807384,273.01855563740935,1.0,0.0,0.21285544379012933,1341.6524599180375,False
12.30000000000019,Gold,1,253.3022184174983,277.350462199855,47.02420331700362,244.88874386228963,1.0,0.0,0.4814046310813431,1195.7434924738482,False
12.316666666666858,Blue,1,362.44126035333267,187.90430818036458,71.13251796370191,274.0895890259718,1.0,0.0,0.2350089480777502,1346.2206196427408,False
12.316666666666858,Gold,1,255.5620981104748,273.94696297295565,48.146440806219545,245.1267173753903,1.0,0.0,0.5071440135345782,1200.7785739491726,False
12.333333333333526,Blue,1,366.6053086101388,185.98271967989342,71.59914936887401,275.1626444496995,1.0,0.0,0.2202132613256076,1351.151620803096,False
12.333333333333526,Gold,1,257.903931811866,270.5933715362655,49.18263969773664,245.419514695077,1.0,0.0,0.46842471577123845,1204.8493762473813,False
12.350000000000193,Blue,1,370.8053812787964,184.09698034076138,72.03780886455291,276.2387442010209,1.0,0.0,0.20735022905924438,1355.7555149739057,False
12.350000000000193,Gold,1,260.3254477720516,267.28953722637823,50.14369577408498,245.77351056092047,1.0,0.0,0.43464052567614786,1209.8192013131777,False
12.36666666666686,Blue,1,375.04083000938425,182.24692629426613,72.52141747960063,277.3124831806344,1.0,0.0,0.22897162152723638,1360.709141783824,False
12.36666666666686,Gold,1,262.82432983966237,264.03502171978823,51.039033003895675,246.1922378420178,1.0,0.0,0.4051274538735683,1213.9032968921135,False
12.383333333333528,Blue,1,379.31098582058235,180.43222320231905,72.97367986882398,278.3856330161306,1.0,0.0,0.2144807659578074,1365.348575475921,False
12.383333333333528,Gold,1,265.39860027163894,260.8298552018704,51.9978405713527,246.65737043986687,1.0,0.0,0.4341112612978115,1218.8183440322125,False
12.400000000000196,Blue,1,383.6151708132629,178.65240545482519,73.39870437833473,279.459361617819,1.0,0.0,0.20189375020219913,1370.0062210459473,False
12.400000000000196,Gold,1,268.04620442351114,257.6737420959275,52.88736269396438,247.1742050802545,1.0,0.0,0.40301427584202365,1222.919163949233,False
12.416666666666863,Blue,1,387.95279866211354,176.9073838975166,73.86779374593458,280.5288151440873,1.0,0.0,0.22319119689304756,1375.0013125885976,False
12.416666666666863,Gold,1,270.76505473689343,254.56612804154742,53.71633667582619,247.74560277674695,1.0,0.0,0.3758647316050965,1227.0367496818865,False
12.43333333333353,Blue,1,392.3232617400259,175.19689447445182,74.30647028221486,281.59580553431766,1.0,0.0,0.2090628064264859,1379.6944176393667,False
12.43333333333353,Gold,1,273.55336762070743,251.50692193205307,54.60572970314439,248.3552913273198,1.0,0.0,0.40359539794973287,1231.9101400336654,False
12.450000000000198,Blue,1,396.72602741082426,173.52101346653924,74.78601241404252,282.6561899847818,1.0,0.0,0.22891252857776223,1384.4053511577786,False
12.450000000000198,Gold,1,276.4092956715272,248.49573401311812,55.431089543317675,249.0077905860712,1.0,0.0,0.37487131148146347,1236.0486797806711,False
12.466666666666866,Blue,1,401.1605346825973,171.87961110481672,75.23294177780006,283.7121838118944,1.0,0.0,0.21369229327963168,1389.4427942247426,False
12.466666666666866,Gold,1,279.3312435446829,245.5325837359895,56.30895769794721,249.68968776829772,1.0,0.0,0.39910031108793653,1240.8880280872302,False
12.483333333333533,Blue,1,405.6262067220013,170.27239554508154,75.65154159440615,284.7653894494378,1.0,0.0,0.20047231244113206,1394.1888237779606,False
12.483333333333533,Gold,1,282.3175364132561,242.61716773839234,57.12115735736144,250.4063576057385,1.0,0.0,0.36961411127515476,1245.0498061024036,False
12.5000000000002,Blue,1,410.1225354541842,168.69942324009523,76.11160549642229,285.8117740478609,1.0,0.0,0.22068773686412158,1398.952317049262,False
12.5000000000002,Gold,1,285.36645980833777,239.74892685976354,57.87605994609652,251.16102919220808,1.0,0.0,0.3438999944493393,1249.2292012528846,False
12.516666666666868,Blue,1,414.6489895576687,167.16055411916517,76.54089596363933,286.85337320710346,1.0,0.0,0.2062588223204216,1404.0326846861433,False
12.516666666666868,Gold,1,288.47628974433286,236.92710322309145,58.580905761557105,251.9552165013728,1.0,0.0,0.3214515797237585,1254.0509321331688,False
12.533333333333536,Blue,1,419.2050254026414,165.65549375749524,76.94345332048267,287.891662829279,1.0,0.0,0.19372613893403923,1408.8308658411559,False
12.533333333333536,Gold,1,291.6453153255862,234.15078858354255,59.24197472469196,252.78909391957802,1.0,0.0,0.3018381344534369,1258.257086209039,False
12.550000000000203,Blue,1,423.7901609939159,164.1843004900733,77.38783662109336,288.922759355727,1.0,0.0,0.21419841440396326,1413.9374923478235,False
12.550000000000203,Gold,1,294.87208731779964,231.41956969019492,59.96344090526438,253.6489914807554,1.0,0.0,0.3298185952765227,1263.0624794305697,False
12.56666666666687,Blue,1,428.403894833505,162.74684183206207,77.80289913457308,289.94857890636297,1.0,0.0,0.20038553829462202,1418.7697974716475,False
12.56666666666687,Gold,1,298.15513164200047,228.73282333412823,60.63607235134076,254.53712825326227,1.0,0.0,0.30788279745671154,1267.2973097894233,False
12.583333333333538,Blue,1,433.04571563295366,161.3428354373001,78.19249406005868,290.97051989268215,1.0,0.0,0.18839008745090347,1423.6193061079432,False
12.583333333333538,Gold,1,301.4929724897395,226.089765786717,61.26608692013181,255.45442843204802,1.0,0.0,0.2887531353974655,1271.5509113280543,False
12.600000000000206,Blue,1,437.71510960054934,159.9718836455156,78.55998221791015,291.98954745685194,1.0,0.0,0.17798298207358876,1428.7695621195332,False
12.600000000000206,Gold,1,304.884357837175,223.49007690313348,61.952326962122754,256.3894629629326,1.0,0.0,0.31494843755880986,1276.3584323058744,False
12.616666666666873,Blue,1,442.4115658656236,158.63350257449187,78.90830696558251,293.0062716525132,1.0,0.0,0.16896975017501603,1433.6528956703728,False
12.616666666666873,Gold,1,308.3280036695261,220.93322314013244,62.591656325544236,257.3447338154586,1.0,0.0,0.29382416670851086,1280.6429938292445,False
12.63333333333354,Blue,1,447.13458046957635,157.32714658807046,79.24005859465878,294.0210170798634,1.0,0.0,0.16118578162839725,1438.553242221588,False
12.63333333333354,Gold,1,311.82280925565414,218.41907681801302,63.280428115551295,258.31096014279035,1.0,0.0,0.31699433547239764,1285.447592017549,False
12.650000000000208,Blue,1,451.88370893798725,156.05268816438755,79.61952719794078,295.02961841042736,1.0,0.0,0.18466232512254876,1443.747428460127,False
12.650000000000208,Gold,1,315.36762438597816,215.94726176659424,63.91975139608169,259.2915390901527,1.0,0.0,0.29465775367547486,1289.7640279714303,False
12.666666666666876,Blue,1,456.65850179360626,154.80987595970592,79.97798505821925,296.03314740858485,1.0,0.0,0.1747134171249698,1448.6812377743397,False
12.666666666666876,Gold,1,318.9612745187993,213.51720779901623,64.516013271508,260.28857221338404,1.0,0.0,0.2752109678678849,1294.0996336507917,False
12.683333333333543,Blue,1,461.45850982574433,153.59836465317017,80.31832202456455,297.03234220541424,1.0,0.0,0.16614244604092576,1453.631768484323,False
12.683333333333543,Gold,1,322.6027523915798,211.12874972076014,65.16088421941171,261.29358033126806,1.0,0.0,0.2980879262647491,1298.9200499987153,False
12.70000000000021,Blue,1,466.2833302434062,152.41819930929657,80.70443690706783,298.023583438699,1.0,0.0,0.18878586044506385,1458.869614070181,False
12.70000000000021,Gold,1,326.29100900160773,208.78149069205452,65.75996640932753,262.30955447584677,1.0,0.0,0.2773364595159826,1303.2888020775404,False
12.716666666666878,Blue,1,471.13255176885696,151.26927785729737,81.06861584950968,299.00817992277695,1.0,0.0,0.17833838603160856,1463.8530185029404,False
12.716666666666878,Gold,1,330.0251352467774,206.4753977238004,66.4029386110633,263.32935448814754,1.0,0.0,0.29810537628958755,1307.6763632058346,False
12.733333333333546,Blue,1,476.00579715782993,150.1518472501707,81.47536002210867,299.9830302173824,1.0,0.0,0.19949174456485608,1468.8527244368672,False
12.733333333333546,Gold,1,333.804171095056,204.2101813224143,66.99858711558278,264.35646811769334,1.0,0.0,0.2765847277386726,1312.5184658565233,False
12.750000000000213,Blue,1,480.9026759069609,149.06596866666865,81.85735788659653,300.9498190969324,1.0,0.0,0.18764304600187742,1474.1334755301516,False
12.750000000000213,Gold,1,337.6271287730918,201.98535052464513,67.55302894762681,265.3932157239861,1.0,0.0,0.25784600840882277,1316.9399884454256,False
12.76666666666688,Blue,1,485.82279120195,148.01155648615463,82.21801351251295,301.90983823758773,1.0,0.0,0.17743026182903954,1479.165250249107,False
12.76666666666688,Gold,1,341.493010344921,199.80025933395638,68.07155711205233,266.4409687351476,1.0,0.0,0.24151846718567427,1321.7931589271384,False
12.783333333333548,Blue,1,490.76577303101413,146.9888742251995,82.62117559701441,302.8600570058537,1.0,0.0,0.19864354912561488,1484.2129035530547,False
12.783333333333548,Gold,1,345.400820956856,197.6541457579858,68.55876548906696,267.5003441773147,1.0,0.0,0.22728696197772358,1326.249261158972,False
12.800000000000216,Blue,1,495.7312410589091,145.99799983157953,83.00019307512805,303.80213508124757,1.0,0.0,0.18702862305811152,1489.5356840542706,False
12.800000000000216,Gold,1,349.34957872843165,195.54616451578485,69.01865502466627,268.57137278902127,1.0,0.0,0.21488383234065367,1330.7245726278916,False
12.816666666666883,Blue,1,500.7188108217215,145.0388645489372,83.35840550420082,304.7373516088675,1.0,0.0,0.17702675758098607,1494.614592224439,False
12.816666666666883,Gold,1,353.3384526416895,193.47592920106368,69.53164205352114,269.6463641050559,1.0,0.0,0.24007986919399826,1335.6084947939776,False
12.83333333333355,Blue,1,505.72811744139267,144.11174863626127,83.75905452271128,305.6627360531639,1.0,0.0,0.1982932836643574,1499.708953345986,False
12.83333333333355,Gold,1,357.36659932484287,191.4429060043672,70.01236062639427,270.7266822267411,1.0,0.0,0.2253425127695472,1340.1192360486189,False
12.850000000000218,Blue,1,510.7587886681937,143.21674683330002,84.13610996931193,306.579928224409,1.0,0.0,0.18689124430989423,1505.0728657676245,False
12.850000000000218,Gold,1,361.43329702090506,189.44696073055871,70.54047950091962,271.8061435543829,1.0,0.0,0.24796559101532267,1344.6489254744545,False
12.866666666666886,Blue,1,515.8104503403159,142.3538071700351,84.49285629805625,307.49019796294164,1.0,0.0,0.17708359590191236,1510.1976624556983,False
12.866666666666886,Gold,1,365.5377959411346,187.48776709743348,71.03301761802771,272.8869067611699,1.0,0.0,0.23163685974763482,1349.5670221245643,False
12.883333333333553,Blue,1,520.882740675794,141.5232264390555,84.89196882902856,308.3906239706609,1.0,0.0,0.19840170156324533,1515.5871771196164,False
12.883333333333553,Gold,1,369.6793328467414,185.5648500697259,71.49462534026443,273.9703929431446,1.0,0.0,0.21744578452472751,1354.1323925714591,False
12.90000000000022,Blue,1,525.9752935082267,140.72511590959104,85.26800067855109,309.282830377148,1.0,0.0,0.18719745788766318,1520.7416159339566,False
12.90000000000022,Gold,1,373.8572518295361,183.67812412265025,72.00249652831249,275.0510326724724,1.0,0.0,0.2396318627210796,1358.7164204938679,False
12.916666666666888,Blue,1,531.0877430209368,139.95944012237402,85.62418931543063,310.1680801631642,1.0,0.0,0.17757255552204398,1525.9110516298465,False
12.916666666666888,Gold,1,378.07086992545067,181.82731194842378,72.47627456807804,276.1309460834504,1.0,0.0,0.22391246464249548,1363.6712022862907,False
12.933333333333556,Blue,1,536.2197285672767,139.2265120582038,86.02268083814582,311.0434906927347,1.0,0.0,0.19894424435508284,1531.340250095994,False
12.933333333333556,Gold,1,382.3194906602258,180.01198724662885,72.92042794978543,277.21157067350003,1.0,0.0,0.21025646706028667,1368.290954129323,False
12.950000000000223,Blue,1,541.3708881461772,138.5264591813432,86.39857599247017,311.9106739688791,1.0,0.0,0.18792715405234972,1536.5385114048154,False
12.950000000000223,Gold,1,386.60251242519973,178.23210555482737,73.4099764350539,278.2878283248852,1.0,0.0,0.23212760475618666,1373.2672453962637,False
12.96666666666689,Blue,1,546.5408624147799,137.85926225190906,86.75507259526842,312.77088811200895,1.0,0.0,0.1784776472704248,1541.751334907506,False
12.96666666666689,Gold,1,390.91930815930317,176.48743148820205,73.86683735852637,279.3617848443529,1.0,0.0,0.2169841765770677,1377.9224121901616,False
12.983333333333558,Blue,1,551.7292899661738,137.22525011138785,87.15382155446095,313.6212790315945,1.0,0.0,0.1999077332250483,1547.2192865386694,False
12.983333333333558,Gold,1,395.26923785433854,174.77758094144383,74.29530525825776,280.4348731495417,1.0,0.0,0.20383321670319354,1382.5961073536732,False
13.000000000000226,Blue,1,556.9358111125229,136.62456614449653,87.53043766092411,314.4634497547464,1.0,0.0,0.18907080236823148,1552.4601206580664,False
13.000000000000226,Gold,1,399.651745227709,173.10254571755144,74.76849685727979,281.5024155564848,1.0,0.0,0.22547941696591778,1387.6122628859694,False
13.016666666666893,Blue,1,562.1600711755608,136.0572071367279,87.8880859792822,315.29865527752554,1.0,0.0,0.1797928266730331,1557.7150812157897,False
13.016666666666893,Gold,1,404.06625050608136,171.4621277170903,75.2103017187326,282.5664188265322,1.0,0.0,0.2108681831320105,1392.321148189712,False
13.03333333333356,Blue,1,567.4017061306926,135.52351757542104,88.28795338010514,316.12406042967746,1.0,0.0,0.20128836743996104,1563.2208518571306,False
13.03333333333356,Gold,1,408.5121619213927,169.85598056584334,75.62485268045403,283.6283010267407,1.0,0.0,0.19818372360106906,1397.048194432014,False
13.050000000000228,Blue,1,572.6603567863132,135.02365663292844,88.66613742010168,316.941262139974,1.0,0.0,0.19062781791060424,1568.5030112176692,False
13.050000000000228,Gold,1,412.98896128177665,168.28412916647918,76.08360555227617,284.68371503361686,1.0,0.0,0.2196737112706426,1402.1052892100051,False
13.066666666666896,Blue,1,577.9356480737629,134.55810246570584,89.08446039295902,317.7476669626692,1.0,0.0,0.21113984259561036,1573.798796641327,False
13.066666666666896,Gold,1,417.4961090778736,166.74640948398874,76.5121607922851,285.7346095243066,1.0,0.0,0.20554748377276155,1406.8671852374077,False
13.083333333333563,Blue,1,583.2272113095888,134.12711952256547,89.47903172649319,318.5451239521346,1.0,0.0,0.19941258007539986,1579.3413577532947,False
13.083333333333563,Gold,1,422.03312497786874,165.24299405381993,76.98178746520912,286.7772244041036,1.0,0.0,0.22561205056341826,1411.6467801003496,False
13.10000000000023,Blue,1,588.534686896338,133.7308018256846,89.85323279493356,319.3351113718625,1.0,0.0,0.1893629519971256,1584.663453477424,False
13.10000000000023,Gold,1,426.59950254797053,163.77383763858023,77.41917138852601,287.81384411909045,1.0,0.0,0.21046123683002094,1416.7454002759691,False
13.116666666666898,Blue,1,593.8576926718754,133.36957476565223,90.26838727899452,320.1149039190327,1.0,0.0,0.21035756814792705,1589.9986997911285,False
13.116666666666898,Gold,1,431.19472079403437,162.3387226061704,77.82855042963544,288.8461687243657,1.0,0.0,0.19730212715992224,1421.5593039122566,False
13.133333333333566,Blue,1,599.1958572927659,133.0436608950796,90.660878336786,320.8862679123733,1.0,0.0,0.19912697210895836,1595.5770998241146,False
13.133333333333566,Gold,1,435.81825283655036,160.93729723171685,78.21361240870881,289.87540403077264,1.0,0.0,0.18587966795094601,1426.3905594854007,False
13.150000000000233,Blue,1,604.548821834773,132.7531217285713,91.03397499438726,321.65060643956025,1.0,0.0,0.1895257929244707,1600.9378286825893,False
13.150000000000233,Gold,1,440.46957238765,159.5691079673067,78.57757846633066,290.90234709757755,1.0,0.0,0.17597713764472545,1431.5312897006763,False
13.1666666666669,Blue,1,609.9161974886771,132.4983578746952,91.44859951309856,322.4051080750893,1.0,0.0,0.21088431802747465,1606.5391529480019,False
13.1666666666669,Gold,1,445.14815853983333,158.23362658856945,78.92327454799,291.9274636393106,1.0,0.0,0.16741081046225403,1436.3966292610987,False
13.183333333333568,Blue,1,615.2976100711043,132.27957397490763,91.8414022901028,323.15148769207985,1.0,0.0,0.2000321860226144,1611.9246197479106,False
13.183333333333568,Gold,1,449.85355157367985,156.93074369684967,79.31713196089956,292.9464434961215,1.0,0.0,0.19103881510796406,1441.2790677462476,False
13.200000000000236,Blue,1,620.6927006752403,132.09681964576637,92.21558258397123,323.8911026532922,1.0,0.0,0.19078189200950035,1617.3227294614032,False
13.200000000000236,Gold,1,454.5852853594114,155.6602149758167,79.68838579707881,293.9604943865924,1.0,0.0,0.18036158345987907,1446.4623861073983,False
13.216666666666903,Blue,1,626.1010727792996,131.95048848062666,92.63173877092594,324.62108042006156,1.0,0.0,0.2124414869884781,1622.958520751878,False
13.216666666666903,Gold,1,459.3428932266666,154.4216930118815,80.04011101916511,294.97045510590965,1.0,0.0,0.17114525044468998,1451.3784831697594,False
13.23333333333357,Blue,1,631.5223479756681,131.84078252352668,93.02676600281191,325.3431058842703,1.0,0.0,0.2018973011353271,1628.3805947070234,False
13.23333333333357,Gold,1,464.12595659149076,153.21522294430864,80.43803442940381,295.97255722978736,1.0,0.0,0.19393106729551945,1456.5880594376047,False
13.250000000000238,Blue,1,636.9561657457259,131.7677527609629,93.40382345457381,326.0585101724799,1.0,0.0,0.19294185576394796,1633.8148614912275,False
13.250000000000238,Gold,1,468.9340476193343,152.0406947319534,80.8126755731797,296.96821559408124,1.0,0.0,0.182871345206717,1461.5371693622287,False
13.266666666666906,Blue,1,642.4021199058417,131.73179729114534,93.82324671919977,326.7643711233079,1.0,0.0,0.2148734525242606,1639.4842966065687,False
13.266666666666906,Gold,1,473.76673544012573,150.8978778033213,81.1672336064649,297.9584661998,1.0,0.0,0.1733390794275529,1466.5030892287853,False
13.283333333333573,Blue,1,647.8598257167341,131.7331256027272,94.2221483176873,327.46235835219335,1.0,0.0,0.2045978730551692,1644.9417677143783,False
13.283333333333573,Gold,1,478.62362663912137,149.78691759802334,81.56670798050978,298.9398750717149,1.0,0.0,0.19560250617120722,1471.755049752073,False
13.30000000000024,Blue,1,653.3288480363384,131.77226833733,94.66182300846984,328.1497436074098,1.0,0.0,0.22577031616516408,1650.410914830729,False
13.30000000000024,Gold,1,483.5043182091154,148.7077919906776,81.94270681768552,299.91396132928554,1.0,0.0,0.18439253193243133,1476.753302182087,False
13.316666666666908,Blue,1,658.8087775545148,131.84953963423695,95.0789938716961,328.828457039567,1.0,0.0,0.21445804708663907,1656.1130721326888,False
13.316666666666908,Gold,1,488.40840366207993,147.66034765402858,82.29848139942,300.8818664627082,1.0,0.0,0.17474272231098809,1481.7679593230885,False
13.333333333333576,Blue,1,664.2992294167491,131.96508178139638,95.4770389100952,329.5000484088226,1.0,0.0,0.20485564140996537,1661.604583618278,False
13.333333333333576,Gold,1,493.33550480524667,146.64479668730854,82.69830621728826,301.8403716993532,1.0,0.0,0.19667903365340855,1487.0617252856011,False
13.350000000000243,Blue,1,669.7997593354146,132.11937263130218,95.91701951878748,330.16160617036354,1.0,0.0,0.22668981564126867,1667.1072762656129,False
13.350000000000243,Gold,1,498.2852349922097,145.6611761048263,83.07474397042598,302.7910470051206,1.0,0.0,0.18545569746306256,1492.10796379729,False
13.36666666666691,Blue,1,675.3099524427727,132.31268573506398,96.33564820614102,330.8149829304341,1.0,0.0,0.2159252998779131,1672.8412976113348,False
13.36666666666691,Gold,1,503.25720486424717,144.70938523532337,83.43105739689477,303.7350901094287,1.0,0.0,0.17580591883540997,1497.1701844563395,False
13.383333333333578,Blue,1,680.829420839909,132.54513351300952,96.73622073727302,331.46165401633806,1.0,0.0,0.2068361323065666,1678.3655720251645,False
13.383333333333578,Gold,1,508.25104506140843,143.78968190845006,83.83081290819253,304.6694255209789,1.0,0.0,0.19753609961774288,1502.5050385686352,False
13.400000000000245,Blue,1,686.3577077208878,132.81717318545086,97.17965967344016,332.09857138871683,1.0,0.0,0.22921626798829386,1684.1204912996484,False
13.400000000000245,Gold,1,513.2663797807224,142.90214437355306,84.2074313173889,305.5956459136576,1.0,0.0,0.1863796701129452,1507.5980492465824,False
13.416666666666913,Blue,1,691.8943889750669,133.12906549229808,97.60266793202759,332.7275432500564,1.0,0.0,0.2188871596723061,1689.6656387536354,False
13.416666666666913,Gold,1,518.3028319908153,142.0467093262273,84.56416485825312,306.5149783372333,1.0,0.0,0.17679959399135114,1512.706609206935,False
13.43333333333358,Blue,1,697.4390697395052,133.48091710105848,98.0085071443567,333.35000165415914,1.0,0.0,0.21022289555793705,1695.221438065682,False
13.43333333333358,Gold,1,523.3600368609224,141.22366729359695,84.96389694496257,307.4244450731869,1.0,0.0,0.1984005296777127,1518.0817525453542,False
13.450000000000248,Blue,1,702.9911663686395,133.87367589485203,98.51866546333571,333.9582776600209,1.0,0.0,0.2645338846596612,1701.0068548610425,False
13.450000000000248,Gold,1,528.4376256396922,140.43312662509064,85.3408329365424,308.3256468045881,1.0,0.0,0.18735790041924894,1523.2202898783205,False
13.466666666666915,Blue,1,708.5501443679166,134.30799122856538,99.001066781254,334.55510508728145,1.0,0.0,0.2503948214034821,1706.5825854838608,False
13.466666666666915,Gold,1,533.5352335176464,139.67551796015786,85.75828995438499,309.21590689940564,1.0,0.0,0.20779827106360926,1528.3738733120506,False
13.483333333333583,Blue,1,714.1153922028338,134.78476980080472,99.5214710763861,335.1380082527099,1.0,0.0,0.27038985528881554,1712.1682175248407,False
13.483333333333583,Gold,1,538.6524915091426,138.95106026289477,86.15077404869386,310.0970910923869,1.0,0.0,0.19564613565039934,1533.788365540732,False
13.50000000000025,Blue,1,719.6863541663618,135.3046186403108,100.01367507896519,335.70983907839144,1.0,0.0,0.2559868452918401,1717.9828893454542,False
13.50000000000025,Gold,1,543.7890314692174,138.25980372461498,86.52177294285153,310.97067724687133,1.0,0.0,0.18519763511725174,1538.9710227617707,False
13.516666666666918,Blue,1,725.2625253125556,135.8679035887409,100.48180688652319,336.2729672530636,1.0,0.0,0.24370026981183202,1723.5873699687759,False
13.516666666666918,Gold,1,548.9444832471655,137.6021311387478,86.93387009177495,311.83389577436606,1.0,0.0,0.20600208035212475,1544.1682475858415,False
13.533333333333585,Blue,1,730.8433079845374,136.47529887830655,100.99161770566461,336.8243331038415,1.0,0.0,0.2656478631144452,1729.421604222365,False
13.533333333333585,Gold,1,554.1184773196605,136.97822352072274,87.32210301952405,312.6885213130711,1.0,0.0,0.19434221533061802,1549.6212022826298,False
13.550000000000253,Blue,1,736.4281625945117,137.12722049938267,101.4760613986424,337.3665219497606,1.0,0.0,0.2526631040522531,1735.0441486001234,False
13.550000000000253,Gold,1,559.3106486560398,136.38810157071296,87.68982972117043,313.53595259224204,1.0,0.0,0.1843306517974952,1554.8466529718892,False
13.56666666666692,Blue,1,742.0166009412493,137.82387894842603,101.9389773781703,337.90163382214826,1.0,0.0,0.24165490760746877,1740.675838112535,False
13.56666666666692,Gold,1,564.5206235742517,135.8321247993729,88.09900975768507,314.3733699714352,1.0,0.0,0.20539043848868843,1560.0862079246203,False
13.583333333333588,Blue,1,747.6080261083139,138.5658261365093,102.44638894159966,338.4261746727576,1.0,0.0,0.26512087854699473,1746.5380725465234,False
13.583333333333588,Gold,1,569.7480330462672,135.31045723084253,88.48518746635096,315.20248829066503,1.0,0.0,0.19410653861491411,1565.5768098830295,False
13.600000000000255,Blue,1,753.2019011464654,139.35338131377182,102.93044299412558,338.94254964355923,1.0,0.0,0.2531396570487363,1752.1870369809026,False
13.600000000000255,Gold,1,574.9925155916933,134.82310798135762,88.85163145098609,316.0246560901643,1.0,0.0,0.184434729530361,1570.8437768181782,False
13.616666666666923,Blue,1,758.7975741511024,140.18719219643762,103.45885404730099,339.4472993946913,1.0,0.0,0.27657654591527603,1757.8444698734495,False
13.616666666666923,Gold,1,580.2536940258564,134.3704287287766,89.25976944855802,316.8370263693145,1.0,0.0,0.20569331129173207,1576.358228058559,False
13.63333333333359,Blue,1,764.3944618381538,141.06765280296062,103.96242016784852,339.943091678567,1.0,0.0,0.26379642949751414,1763.7340838344,False
13.63333333333359,Gold,1,585.5311994276025,133.95257972337123,89.64561132578028,317.6412753475214,1.0,0.0,0.19471275623200057,1581.6518593887379,False
13.650000000000258,Blue,1,769.9920404619725,141.99495639382334,104.44503058061972,340.43208168157247,1.0,0.0,0.253029880188679,1769.407948608082,False
13.650000000000258,Gold,1,590.8246731606257,133.5695698437087,90.0123639449843,318.43872036618416,1.0,0.0,0.18532123873214346,1586.9590952785468,False
13.666666666666925,Blue,1,775.5896524467589,142.96965547122437,104.97498646616371,340.9103600733782,1.0,0.0,0.2780819975200579,1775.316541430948,False
13.666666666666925,Gold,1,596.1337335588116,133.22175282321643,90.42100168405138,319.22649697164974,1.0,0.0,0.20675370764694456,1592.5099677568628,False
13.683333333333593,Blue,1,781.1867101408563,143.9920714992178,105.48201971260764,341.3804354606022,1.0,0.0,0.2662686691628764,1781.0061449694447,False
13.683333333333593,Gold,1,601.4580106105893,132.90929365163942,90.80795171075964,320.0062572650102,1.0,0.0,0.1960317743194473,1597.8430865919327,False
13.70000000000026,Blue,1,786.7164104067326,145.04387888597554,106.03645600976839,337.7306348458367,0.0,0.0,0.29139361099487004,1786.63497382819,False
13.70000000000026,Gold,1,606.7971471599117,132.63220835009787,91.17637924457077,320.77929996168047,1.0,0.0,0.18688543826024784,1603.1893618728566,False
13.716666666666928,Blue,1,792.2448430417423,146.14465380726574,106.56981112857976,338.2173593679854,1.0,0.0,0.27859629254800566,1792.501987333884,False
13.716666666666928,Gold,1,612.1507554744328,132.39085922778747,91.58687224431942,321.5427451878489,1.0,0.0,0.20848598865996415,1608.775870202115,False
13.733333333333595,Blue,1,797.7714260733956,147.29458535214627,107.08178930256645,338.6970109540517,1.0,0.0,0.2676488374397312,1798.1469330851107,False
13.733333333333595,Gold,1,617.518462757694,132.18542170083856,91.9762262496751,322.2982311501521,1.0,0.0,0.197996437946113,1614.147255934712,False
13.750000000000263,Blue,1,803.2296939655406,148.47386783606845,107.71569386852302,335.05256902985775,0.0,0.0,0.3316560836109872,1803.9651621807132,False
13.750000000000263,Gold,1,622.8998603537418,132.01639029642496,92.40583043506585,323.0430963954163,1.0,0.0,0.21873479113943972,1619.5312861072116,False
13.76666666666693,Blue,1,808.6849361611614,149.70436743243917,108.32080825069646,335.53787865214167,1.0,0.0,0.31466465081233963,1809.5573701822368,False
13.76666666666693,Gold,1,628.2945577890123,131.88404467370677,92.81228308332216,323.7792346878953,1.0,0.0,0.20719966887809704,1625.1525389295412,False
13.783333333333598,Blue,1,814.1363951137321,150.98652949728134,108.8972015029954,336.0125583657503,1.0,0.0,0.2999727477943175,1815.1575456722537,False
13.783333333333598,Gold,1,633.702183048446,131.78849360204927,93.19896048084303,324.50816235272026,1.0,0.0,0.19735678104962417,1630.5608288046112,False
13.800000000000265,Blue,1,819.5183473450907,152.2981525093876,109.52298147962244,332.368399652323,0.0,0.0,0.3259339236109593,1820.9356273674794,False
13.800000000000265,Gold,1,639.1223203550622,131.73017851147443,93.62689675040353,325.22706016028343,1.0,0.0,0.21867645204825692,1635.9812756541612,False
13.816666666666933,Blue,1,824.8954313914526,153.66289329460054,110.12289016791938,332.85429381167256,1.0,0.0,0.3105643077010818,1826.4831982099327,False
13.816666666666933,Gold,1,644.5545760383161,131.70933762762866,94.03280719468304,325.93773967194886,1.0,0.0,0.2076664144121878,1641.6364413598212,False
13.8333333333336,Blue,1,830.2023736534023,155.0571441687401,110.77325159931557,329.222201587541,0.0,0.0,0.33695542096966413,1832.2143001316879,False
13.8333333333336,Gold,1,649.9985777392235,131.7260484336896,94.41996862563748,326.64164090617356,1.0,0.0,0.19830605328814954,1647.08035542797,False
13.850000000000268,Blue,1,835.5032380667727,156.50597303389156,111.39592515327638,329.7177080381905,1.0,0.0,0.3206705704502202,1837.7095449666913,False
13.850000000000268,Gold,1,655.453900915459,131.78072976548503,94.84917193247529,327.3358330809364,1.0,0.0,0.2200951807147149,1652.757599194545,False
13.866666666666935,Blue,1,840.7972707952923,158.00956742683204,111.9908809972312,330.20491072185257,1.0,0.0,0.30664775051893045,1843.2128723673104,False
13.866666666666935,Gold,1,660.9201466181986,131.87360464295347,95.25723043195508,328.02207878753956,1.0,0.0,0.20949184298386747,1658.2242667013918,False
13.883333333333603,Blue,1,846.0200525513196,159.54202466136988,112.6415304277268,326.57793558108716,0.0,0.0,0.33562382351145637,1848.906453428628,False
13.883333333333603,Gold,1,666.3969397397605,132.00474189813724,95.64736720461936,328.7017729704299,1.0,0.0,0.20051813660719553,1663.7025706442796,False
13.90000000000027,Blue,1,851.2348346687955,161.1303416886695,113.26667076732161,327.07817512491346,1.0,0.0,0.3205379076514294,1854.3577449891238,False
13.90000000000027,Gold,1,671.8838441714754,132.17455742264954,96.08021592125938,329.3718980096822,1.0,0.0,0.22272083365292694,1669.4124996910718,False
13.916666666666938,Blue,1,856.4401993015418,162.77575622670415,114.0348610826416,327.5538976451962,1.0,0.0,0.39421114906511434,1859.8165467501512,False
13.916666666666938,Gold,1,677.3804526820763,132.38327606518175,96.49265918555975,330.0341905408979,1.0,0.0,0.21245674760346134,1674.9128091104296,False
13.933333333333605,Blue,1,861.5724970551838,164.450276782074,114.76007009492582,323.9138736772821,0.0,0.0,0.37244674927474364,1865.4738172181471,False
13.933333333333605,Gold,1,682.8863842498226,132.63097287972073,96.88789947020526,330.69002117738177,1.0,0.0,0.2038186952210559,1680.4242889557704,False
13.950000000000273,Blue,1,866.6937419700041,166.1834145339963,115.45301657946443,324.3937382271142,1.0,0.0,0.35375199680531466,1870.8801297389998,False
13.950000000000273,Gold,1,688.4011876613347,132.91807381020104,97.32647545183046,331.33629593340044,1.0,0.0,0.2264123042566073,1686.1661462038157,False
13.96666666666694,Blue,1,871.8026463119149,167.97593225715627,116.20374195938975,324.85455838805194,1.0,0.0,0.3835503701268337,1876.56199646524,False
13.96666666666694,Gold,1,693.8563209793879,133.23555154942684,97.7453130475655,327.8618274174322,0.0,0.0,0.21645460307750497,1691.63030123698,False
13.983333333333608,Blue,1,876.8368079317802,169.79711638638457,116.91605614873131,321.2073807541118,0.0,0.0,0.3642014611375597,1881.9153331576197,False
13.983333333333608,Gold,1,699.3199869936021,133.59380341666827,98.270733921278,328.5239208565255,1.0,0.0,0.26997847169436895,1697.105694572021,False
14.000000000000275,Blue,1,881.85678579532,171.67912930427116,117.69423918601598,321.6702369580991,1.0,0.0,0.39550910781898097,1887.2756104421233,False
14.000000000000275,Gold,1,704.7916295842579,133.9935419491545,98.76539984562118,329.17349334847125,1.0,0.0,0.2544538199578916,1702.810953562191,False
14.016666666666943,Blue,1,886.8614224824447,173.62233602443607,118.43208315598233,322.1192118124454,1.0,0.0,0.37529067665387217,1892.9233209962415,False
14.016666666666943,Gold,1,710.2707410397234,134.43521610701887,99.23371718297186,329.81306561641395,1.0,0.0,0.2411592388852224,1708.3077474056267,False
14.03333333333361,Blue,1,891.7896839458421,175.5933448657874,119.13577695511127,318.4674125486812,0.0,0.0,0.35818373957762617,1898.2304636238448,False
14.03333333333361,Gold,1,715.6889752046219,134.90792457557987,99.74147728966656,326.3289339652882,0.0,0.0,0.26174731723472355,1713.965965539666,False
14.050000000000278,Blue,1,896.700432036242,177.6270858413748,120.01643265537612,318.91311824278864,1.0,0.0,0.4455959651595158,1903.8370771712387,False
14.050000000000278,Gold,1,721.1142371609974,135.42385689078733,100.22503444002312,326.98433053743673,1.0,0.0,0.24784005270764808,1719.415385497047,False
14.066666666666945,Blue,1,901.5921480155853,179.7242134141942,120.84684377382727,319.3377293795253,1.0,0.0,0.42047790648015315,1909.158771467805,False
14.066666666666945,Gold,1,726.5460396750982,135.98323155094036,100.68451140339987,327.63174880558756,1.0,0.0,0.2357526572105506,1724.8758898855194,False
14.083333333333613,Blue,1,906.4045456848191,181.84951282716733,121.74196281623458,315.64829813872626,0.0,0.0,0.45355614611370854,1914.7254074936432,False
14.083333333333613,Gold,1,731.916358146974,136.5732490376734,101.18627898254736,324.1579677356023,0.0,0.0,0.25772669752849353,1730.4984841274743,False
14.10000000000028,Blue,1,911.1951573979152,184.03999447248066,122.59286303960326,316.0591930743157,1.0,0.0,0.42857524280723247,1919.9926202679155,False
14.10000000000028,Gold,1,737.2927901431475,137.2076581366489,101.66540826962282,324.8239296782629,1.0,0.0,0.2446954576399456,1735.912051025956,False
14.116666666666948,Blue,1,915.9053118964898,186.25793711571282,123.40027525306382,312.37376632617065,0.0,0.0,0.40694222302751015,1925.1973309291295,False
14.116666666666948,Gold,1,742.6748608633195,137.88654145183304,102.12191661707072,325.4830933447143,1.0,0.0,0.23339790371838198,1741.3367691326453,False
14.133333333333615,Blue,1,920.591331218962,188.5420522262349,124.28943633113153,312.7833949289985,1.0,0.0,0.44548454626065137,1930.7339647420056,False
14.133333333333615,Gold,1,748.0619880659913,138.61032520210804,102.62301643809565,326.13188849565165,1.0,0.0,0.25647390070876597,1746.9936976299252,False
14.150000000000283,Blue,1,925.1956120647969,190.85289353778086,125.13230214947495,309.0983707949518,0.0,0.0,0.42256860412665276,1935.8843120453312,False
14.150000000000283,Gold,1,753.3866901568229,139.36363059924085,103.0994674712008,322.6634732330858,0.0,0.0,0.24411867191621184,1752.371365644725,False
14.16666666666695,Blue,1,929.7724917142841,193.23158856496573,126.18550207225827,309.4861264898293,1.0,0.0,0.5249020286637798,1941.3847409133296,False
14.16666666666695,Gold,1,758.7159663365805,140.1627085622906,103.623608057863,323.33103267114996,1.0,0.0,0.2670280145611521,1757.7601791859381,False
14.183333333333618,Blue,1,934.3199239430289,195.67875301542637,127.17426080001565,309.84498285667115,1.0,0.0,0.4930916144833688,1946.5474397336543,False
14.183333333333618,Gold,1,764.049250451996,141.00782300698668,104.12058347347978,323.98965472582194,1.0,0.0,0.25346555837511353,1763.3837332539454,False
14.200000000000285,Blue,1,938.7821194153736,198.15214218914753,128.10798065165127,306.11081780482505,0.0,0.0,0.46591186553329855,1951.6460544222778,False
14.200000000000285,Gold,1,769.3860389079807,141.8990421420766,104.59446523406257,324.64149034658834,1.0,0.0,0.24194865105864238,1768.7944246204486,False
14.216666666666953,Blue,1,943.2115901158921,200.6951096951695,129.13210461581056,306.4519863279846,1.0,0.0,0.5079797623920381,1957.1196702613863,False
14.216666666666953,Gold,1,774.6593265623659,142.8188629406966,105.115520002243,321.1745300531659,0.0,0.0,0.26631854812269395,1774.3743677760167,False
14.23333333333362,Blue,1,947.6065835949356,203.30772476379718,130.09905068474433,306.77387541894336,1.0,0.0,0.47987975288716633,1962.2290718718866,False
14.23333333333362,Gold,1,779.9355909202234,143.78557196198662,105.61448172701228,321.84556989498145,1.0,0.0,0.25358213549016106,1779.7384076476549,False
14.250000000000288,Blue,1,951.9130896475932,205.94516834563518,131.15544430411506,302.997641746992,0.0,0.0,0.5245404702485938,1967.6701458852465,False
14.250000000000288,Gold,1,785.2143318575961,144.79916777000338,106.09131832250921,322.5103664152897,1.0,0.0,0.24260364951431512,1785.1135362635516,False
14.266666666666955,Blue,1,956.1815673216604,208.65310293673014,132.1600340174752,303.29873236327506,1.0,0.0,0.4958294859485317,1972.721836978471,False
14.266666666666955,Gold,1,790.4290235412432,145.8403618462364,106.61782381256656,319.0572676739541,0.0,0.0,0.2681656009830764,1790.6623475692936,False
14.283333333333623,Blue,1,960.3587959431695,211.38529539973774,133.41006290284602,299.48424432776716,0.0,0.0,0.6172643134994722,1978.1324923367656,False
14.283333333333623,Gold,1,795.6456362679914,146.92915109601884,107.12288707318795,319.7415164421593,1.0,0.0,0.25579833071414626,1795.9913717628267,False
14.30000000000029,Blue,1,964.4925521920169,214.1898240400091,134.5883005056495,299.71979885945757,1.0,0.0,0.5783124344884278,1983.1246328418679,False
14.30000000000029,Gold,1,800.7977384134298,148.04561275869662,107.75162131910365,316.3009885860851,0.0,0.0,0.3187888176727931,1801.2629256758275,False
14.316666666666958,Blue,1,968.5806687995599,217.06657142194712,135.69717956418614,299.93022926488,1.0,0.0,0.5444716332892714,1988.1164986622484,False
14.316666666666958,Gold,1,805.9506357038357,149.2115674965045,108.34685776648207,316.98972123701736,1.0,0.0,0.3001214994549244,1806.7823793307043,False
14.333333333333625,Blue,1,972.5734280903448,219.96551771251657,136.90644782090425,296.05009518512384,0.0,0.0,0.5939610787545302,1993.5052123847654,False
14.333333333333625,Gold,1,811.1036071032709,150.42736717619945,108.90926334378125,317.6674663486264,1.0,0.0,0.28388486651710565,1812.0767908206763,False
14.350000000000293,Blue,1,976.5160798138762,222.93705889965364,138.05299684048003,296.22358903993995,1.0,0.0,0.5597262222996342,1998.435317345944,False
14.350000000000293,Gold,1,816.1909736011982,151.67071103450724,109.52039915719689,314.2259165046813,0.0,0.0,0.30882196358021297,1817.3135011616594,False
14.36666666666696,Blue,1,980.3600119953649,225.92956288192548,139.4792326124985,292.28619693592765,0.0,0.0,0.6964542603742458,2003.797359634597,False
14.36666666666696,Gold,1,821.2774276807096,152.96514543542307,110.10141410363758,314.914705716504,1.0,0.0,0.2919690519704332,1822.8048413797355,False
14.383333333333628,Blue,1,984.1471860472736,228.99576224186794,140.82010065634736,292.3685293113911,1.0,0.0,0.6507461359543409,2008.6630565341407,False
14.383333333333628,Gold,1,826.362315291126,154.31076895061796,110.65271841176619,315.5953497102939,1.0,0.0,0.27734755746799067,1828.064519803237,False
14.400000000000295,Blue,1,987.8738936542038,232.13572516572754,142.2602758894213,292.3897746207107,1.0,0.0,0.6990313885331467,2014.0664794795018,False
14.400000000000295,Gold,1,831.3807189655859,155.68312472082738,111.2581862961508,312.1599732180454,0.0,0.0,0.304931526386337,1833.5172355732147,False
14.416666666666963,Blue,1,991.5371816525634,235.34897009226944,143.60813671161566,292.37072168864864,1.0,0.0,0.6542455608076949,2018.931061031292,False
14.416666666666963,Gold,1,836.3966324150153,157.10756770865365,111.8356245130859,312.85512942549866,1.0,0.0,0.2892066157430797,1838.7314054359124,False
14.43333333333363,Blue,1,995.0940889691332,238.57880125668277,145.06578492654594,288.2711161969203,0.0,0.0,0.7075148339658188,2024.3120648229105,False
14.43333333333363,Gold,1,841.4094344557345,158.58406198561624,112.38530695022007,313.54360260995475,1.0,0.0,0.2756137325985364,1843.956515480857,False
14.450000000000298,Blue,1,998.581596608089,241.88127814570925,146.44083363521315,288.1815873430924,1.0,0.0,0.6631808842942792,2029.1065810507869,False
14.450000000000298,Gold,1,846.3549942357488,160.08612180876335,112.99393686408624,310.1178532429652,0.0,0.0,0.3055093031912044,1849.384529074418,False
14.466666666666965,Blue,1,1001.994830206096,245.25616954831935,148.13532245269596,288.0003473371419,1.0,0.0,0.8171322515190163,2033.8907972685402,False
14.466666666666965,Gold,1,851.2965179059203,161.6409714528994,113.57581279739911,310.8220856944495,1.0,0.0,0.29047428044555446,1854.5645704866895,False
14.483333333333633,Blue,1,1005.329955462467,248.7026139117786,149.71254207588038,287.7563921339911,1.0,0.0,0.7603679961867726,2039.3193350354998,False
14.483333333333633,Gold,1,856.1700473432087,163.22140625470755,114.30744994104482,307.4030384039466,0.0,0.0,0.3656487261123633,1859.6869321223146,False
14.5000000000003,Blue,1,1008.5840231762105,252.21929523621424,151.18890771553853,287.4745470537278,1.0,0.0,0.7114779436003484,2044.092430001017,False
14.5000000000003,Gold,1,861.0377666481857,164.85666292069791,114.99833159630761,308.10309986197774,1.0,0.0,0.3433944021503841,1865.0922472278314,False
14.516666666666968,Blue,1,1011.7219087383346,255.74381630048902,152.7887980446387,283.1375431139649,0.0,0.0,0.7706694845934727,2049.5031057170772,False
14.516666666666968,Gold,1,865.8987441455223,166.54706028901856,115.6495746653775,308.790485236799,1.0,0.0,0.3240549544394806,1870.2379255363533,False
14.533333333333635,Blue,1,1014.7726338004964,259.33624083343767,154.29717256957287,282.7804355810354,1.0,0.0,0.7217396382490264,2054.197285743282,False
14.533333333333635,Gold,1,870.690203096,168.26274583894198,116.36120522919707,305.3620159895201,0.0,0.0,0.35449317222236587,1875.609160835358,False
14.550000000000303,Blue,1,1017.7326856160295,262.9949051714062,155.9348528195591,282.36825841235907,1.0,0.0,0.7831807743510062,2059.658043298812,False
14.550000000000303,Gold,1,875.473380513928,170.03485873090546,117.03634346830162,306.053938265233,1.0,0.0,0.3344786647419724,1880.709532550075,False
14.56666666666697,Blue,1,1020.5994756207215,266.71782282907026,157.46950295876252,281.92722986667474,1.0,0.0,0.7334444325332861,2064.33557543257,False
14.56666666666697,Gold,1,880.2474515355334,171.86343261205425,117.67576893422783,306.73697463681816,1.0,0.0,0.31713518527967466,1885.8201724498772,False
14.583333333333638,Blue,1,1023.3695960107508,270.5029983629199,159.13909382997613,281.43211414179166,1.0,0.0,0.797395462338983,2069.850664024716,False
14.583333333333638,Gold,1,884.9508092429407,173.71623688745802,118.38353902397006,303.3085008113315,0.0,0.0,0.3514146483215761,1891.1719615701159,False
14.600000000000305,Blue,1,1026.0405871233606,274.34817091097,160.70473554263037,280.909885216787,1.0,0.0,0.7471815030961775,2074.5090055525848,False
14.600000000000305,Gold,1,889.6436152242411,175.6264058443687,119.05738439706425,304.0003689462625,1.0,0.0,0.3327500312983229,1896.2374383586216,False
14.616666666666973,Blue,1,1028.6091476271652,278.25102054697436,162.40937858349022,280.33383319655064,1.0,0.0,0.8128668459429633,2080.0822697986027,False
14.616666666666973,Gold,1,894.2645394855385,177.5608524749996,119.90934937567214,300.5696080169506,0.0,0.0,0.42116937475315197,1901.5588981076878,False
14.63333333333364,Blue,1,1031.0729509584733,282.2090198339196,164.0085594301352,279.73184795258265,1.0,0.0,0.7619039983385978,2084.71902531002,False
14.63333333333364,Gold,1,898.8723319841091,179.55488635804832,120.71149145697642,301.2449538363563,1.0,0.0,0.3943894129815604,1906.5787937041591,False
14.650000000000308,Blue,2,1033.428823517993,286.21952677271855,165.74921878627828,279.07612782584425,1.0,0.0,0.8285453421822577,2090.3534847864717,False
14.650000000000308,Gold,1,903.4657945512045,181.6088105497135,121.46549617870166,301.904969461398,1.0,0.0,0.3711177967638708,1911.6082036949567,False
14.666666666666975,Blue,2,1035.6729350573241,290.27968204236,167.61657357872423,278.3437275966588,1.0,0.0,0.8879609111310973,2096.051514212856,False
14.666666666666975,Gold,1,907.9852771897949,183.68657253482505,122.29197909478398,298.45292002971894,0.0,0.0,0.4072164524887807,1916.9136150322447,False
14.683333333333643,Blue,2,1037.802634024757,294.38646420778565,169.36144161871547,277.5690883475932,1.0,0.0,0.8287884722283465,2100.6610845933546,False
14.683333333333643,Gold,1,912.4306142283283,185.78801109639983,123.07416696739821,295.0210763508709,0.0,0.0,0.383296339038699,1921.8290139125636,False
14.70000000000031,Blue,2,1039.8145869094117,298.5366092479154,171.23628870375887,276.72724793749796,1.0,0.0,0.8894747834322168,2106.420448830904,False
14.70000000000031,Gold,1,916.858385229184,187.9516229298999,123.9378322499766,295.68723328457867,1.0,0.0,0.42094736980498837,1926.7534649942143,False
14.716666666666978,Blue,2,1041.7066162876895,302.72679368900896,172.98948052930436,275.85270516552015,1.0,0.0,0.8306920526140971,2111.000708765539,False
14.716666666666978,Gold,1,921.210779290027,190.13843031113254,124.74861658373668,292.25272984269736,0.0,0.0,0.39558622710669233,1931.977625011907,False
14.733333333333645,Blue,2,1043.4758629848427,306.95342063433804,174.87332430069847,274.91924843002454,1.0,0.0,0.8914098815525549,2116.8189586621047,False
14.733333333333645,Gold,1,925.5437911434719,192.3878841722851,125.51881736792681,292.92682332619427,1.0,0.0,0.3737720661697459,1936.856560538542,False
14.750000000000313,Blue,2,1045.1206029293212,311.21292966047287,176.63543742639249,273.96151529598836,1.0,0.0,0.8326264352601882,2121.367267717616,False
14.750000000000313,Gold,1,929.7999756693741,194.6600995337727,126.50777257303827,289.48410962095164,0.0,0.0,0.48043695354988003,1942.056877866795,False
14.76666666666698,Blue,2,1046.638450599708,315.50145710893685,178.52660875066877,272.95271608141223,1.0,0.0,0.8923105232922524,2127.239993820049,False
14.76666666666698,Gold,1,934.0333712615271,196.9968625178744,127.43655568862971,290.13024340923437,1.0,0.0,0.4487925688669847,1946.8896159377412,False
14.783333333333648,Blue,2,1048.0265889985299,319.81479759412116,180.52756650724763,271.87240330620045,1.0,0.0,0.9426687802046274,2133.167386712977,False
14.783333333333648,Gold,1,938.1879556132218,199.35620501614133,128.44594376526442,286.66608689224023,0.0,0.0,0.4882312460613196,1951.662344475093,False
14.800000000000315,Blue,2,1049.2834715268648,324.14891333443813,182.39113340967234,270.76101378483065,1.0,0.0,0.876508865942327,2137.6719288005083,False
14.800000000000315,Gold,1,942.3163634901694,201.78156585306647,129.3944643968173,287.28741085511905,1.0,0.0,0.4563325407592238,1956.8540066160092,False
14.816666666666983,Blue,2,1050.407104123341,328.4994286425973,184.36377474730088,269.596589685791,1.0,0.0,0.9262545691488029,2143.635923496262,False
14.816666666666983,Gold,1,946.4171908921068,204.27283355171733,130.28453025700802,287.8949816453191,1.0,0.0,0.42862181942698996,1961.6470536830507,False
14.83333333333365,Blue,2,1051.3966739560556,332.8622469483901,186.20152865758988,268.41824692715335,1.0,0.0,0.8614042637398569,2149.6380628639777,False
14.83333333333365,Gold,1,950.436841143707,206.78495825757744,131.27117943789227,284.4048017504985,0.0,0.0,0.47557992508344604,1966.8198872884675,False
14.850000000000318,Blue,2,1052.2509251193749,337.232936398835,188.14519225521857,267.20332475503557,1.0,0.0,0.9094324280605832,2154.0896560625033,False
14.850000000000318,Gold,1,954.4259842631525,209.36362053237184,132.20275881609507,285.0016544469899,1.0,0.0,0.4466203616197042,1971.5651933200725,False
14.866666666666985,Blue,2,1052.968375697105,341.60674958665595,190.17423105607352,265.93592777281737,1.0,0.0,0.9476476178708957,2160.1009422857164,False
14.866666666666985,Gold,1,958.3316765444359,211.9625678313605,133.39449537251318,281.4822433696165,0.0,0.0,0.5718716149361054,1976.248708202934,False
14.883333333333653,Blue,2,1053.5487575618201,345.97938175613126,192.0564053483595,264.65887235139826,1.0,0.0,0.8773862926333571,2164.5103060058013,False
14.883333333333653,Gold,1,962.2019855907287,214.62985981566197,134.50890382998412,282.02386267123603,1.0,0.0,0.5318773854542442,1981.4182775572287,False
14.90000000000032,Blue,2,1053.9927539210748,350.3469850179646,193.81048372067602,263.40677225787306,1.0,0.0,0.8161120294410367,2170.514298388313,False
14.90000000000032,Gold,1,966.0350074600557,217.3653976570721,135.54961696731004,282.54345888215545,1.0,0.0,0.49711763007569587,1986.119010485307,False
14.916666666666988,Blue,2,1054.3005994724267,354.7053839593284,195.66262284646905,262.15544391838534,1.0,0.0,0.8601257135301523,2176.513565483308,False
14.916666666666988,Gold,1,969.7810945553023,220.119389450798,136.69580783026137,278.96863904442347,0.0,0.0,0.5479383237468358,1991.2752293681947,False
14.933333333333655,Blue,2,1054.47340984194,359.05092122911105,197.38678827981528,260.9383208974366,1.0,0.0,0.799202465050346,2180.862406680053,False
14.933333333333655,Gold,1,973.4859273273901,222.94212729621017,137.77373101577743,279.45855744100885,1.0,0.0,0.5124877348444858,1995.9249576254847,False
14.950000000000323,Blue,2,1054.5118894884404,363.3796227669716,199.20121088389664,259.73235392121416,1.0,0.0,0.8395169832326488,4.193120121504605,False
14.950000000000323,Gold,1,977.10083755857,225.78236596043524,139.14515190677437,275.8338520510045,0.0,0.0,0.652516801274059,2000.5098817096823,False
14.96666666666699,Blue,2,1054.4165283101163,367.6872656101503,201.08439470725867,258.5218950638279,1.0,0.0,0.8697722087992688,10.115890478425666,False
14.96666666666699,Gold,1,980.6683326096586,228.69271000640035,140.42383651875227,276.24200306892897,1.0,0.0,0.6050392459888538,2005.6672957860367,False
14.983333333333658,Blue,2,1054.1887140878468,371.97027043339835,202.8272833430898,257.3435576986602,1.0,0.0,0.8035311633526234,14.401050021374973,False
14.983333333333658,Gold,1,984.1861290012905,231.67276791979455,141.6145041458835,276.6230139243347,1.0,0.0,0.5637419204599396,2010.2642724804202,False
15.000000000000325,Blue,2,1053.8305093253518,376.22565273793185,204.44739982424286,256.22591819447086,1.0,0.0,0.7456270150058515,20.24973565678117,False
15.000000000000325,Gold,1,987.6098174210165,234.66755815824592,142.92196976398054,272.92028045508323,0.0,0.0,0.6194010801471936,2015.4140557828373,False
15.016666666666993,Blue,2,1053.3444716771883,380.4509649140687,205.95993421131504,255.19048589725114,1.0,0.0,0.6949654415751532,26.03808996090068,False
15.016666666666993,Gold,1,990.9790060467782,237.73186303125595,144.1481742316858,273.25633910775895,1.0,0.0,0.5776473265247812,2019.9550966315207,False
15.03333333333366,Blue,2,1052.7326563919828,384.64339207475984,207.5608674082443,254.21004777011112,1.0,0.0,0.7344589824908034,30.262531367411167,False
15.03333333333366,Gold,1,994.2907066100529,240.86530451314133,145.4979481284874,273.5487856092537,1.0,0.0,0.6361828399661125,2025.1674739157024,False
15.050000000000328,Blue,2,1051.996802356896,388.7998490185256,209.228091156916,253.26550446279742,1.0,0.0,0.7637668210565352,35.95464615687958,False
15.050000000000328,Gold,1,997.5426266757155,244.06709136385865,146.75639541587472,273.8158566321319,1.0,0.0,0.5934011871062648,2029.716833342699,False
15.066666666666995,Blue,2,1051.1392256685335,392.91789484379575,210.7717961073387,252.3835594954853,1.0,0.0,0.7061997964987654,40.14848241003675,False
15.066666666666995,Gold,1,1000.6942248756303,247.27864038401944,148.358602548798,269.9774545427229,0.0,0.0,0.7558017171086089,2034.929832178529,False
15.083333333333663,Blue,2,1050.1619382444694,396.99482777030096,212.37545736763985,251.5458249847189,1.0,0.0,0.7326778797887457,45.73801421884818,False
15.083333333333663,Gold,1,1003.778495125751,250.5583811567664,149.8500676702141,270.12945238146773,1.0,0.0,0.699490855426177,2039.4179473959127,False
15.10000000000033,Blue,2,1049.0674485279824,401.0285907470318,213.85854834045318,250.77668426507128,1.0,0.0,0.6767593638499001,49.90511886007772,False
15.10000000000033,Gold,1,1006.7928382105204,253.90520550962836,151.23667296651152,270.2498675925385,1.0,0.0,0.6504610826228827,2043.899377036006,False
15.116666666666998,Blue,2,1047.8586112120813,405.01768579135404,215.2359766758461,250.09398422238178,1.0,0.0,0.6278354485081934,55.38994950143342,False
15.116666666666998,Gold,1,1009.7338648562168,257.318119006799,152.75653052182673,270.3172554083739,1.0,0.0,0.7130996280181243,2049.190275814391,False
15.133333333333665,Blue,2,1046.5385094271867,408.96109269249376,216.52068122152832,249.51003217822083,1.0,0.0,0.5849865924390514,60.791210269951634,False
15.133333333333665,Gold,1,1012.5990465380002,260.79575971337385,154.17136979796902,270.35477327606606,1.0,0.0,0.6638937333493882,2053.6716964895604,False
15.150000000000333,Blue,2,1045.1097706730648,412.8573916583273,217.8784451961003,248.99956668891284,1.0,0.0,0.6177260383525791,64.91828247237052,False
15.150000000000333,Gold,1,1015.3567506281921,264.2741719227559,155.72614413010666,266.33704220551584,0.0,0.0,0.7295976056248232,2058.9710035269227,False
15.166666666667,Blue,2,1043.574709132645,416.70487475563965,219.28985997078388,248.544451599966,1.0,0.0,0.6416559290119146,70.21759827290084,False
15.166666666667,Gold,1,1018.033106567401,267.81500871312494,157.1829404972046,266.31083838576654,1.0,0.0,0.6795023337597925,2063.3854814930864,False
15.183333333333668,Blue,2,1041.9359550588883,420.50241107124987,220.59420988075976,248.16218313328505,1.0,0.0,0.5925881108687108,74.33150799751208,False
15.183333333333668,Gold,1,1020.6248317148815,271.4166497894171,158.78377441149664,266.232769690476,1.0,0.0,0.7466573039922544,2068.7615630407727,False
15.200000000000335,Blue,2,1040.1963443002462,424.24935582690944,221.80477734404386,247.8649352707497,1.0,0.0,0.549674323659584,79.53503769104276,False
15.200000000000335,Gold,1,1023.1295690025346,275.0772075050246,160.27435963694583,266.1281834192591,1.0,0.0,0.6951540007146164,2073.1715460753303,False
15.216666666667003,Blue,2,1038.3588329618822,427.9454682723981,222.93308324279045,247.66045801041142,1.0,0.0,0.5121001972146715,83.64137142941262,False
15.216666666667003,Gold,1,1025.544074331947,278.79477261003984,161.9130388790127,265.97077784004443,1.0,0.0,0.7640997972209842,2078.6289780306174,False
15.23333333333367,Blue,2,1036.4259724043782,431.59009074629364,224.12580509350502,247.52616524950628,1.0,0.0,0.541175002799342,88.75778661441608,False
15.23333333333367,Gold,1,1027.8660613987818,282.56721868179926,163.43963022655166,265.78695206945906,1.0,0.0,0.7116664344381718,2083.0322004683544,False
15.250000000000338,Blue,2,1034.400456062159,435.18299187549405,225.2335408055278,247.47112541972209,1.0,0.0,0.5025157277777907,92.86174258563983,False
15.250000000000338,Gold,2,1030.0923482026537,286.39233933828933,165.11695979925835,265.5493240271693,1.0,0.0,0.7817222618693673,2088.5746035229404,False
15.266666666667005,Blue,2,1032.284635841192,438.7235656800563,226.39665149498336,247.47623939040804,1.0,0.0,0.5275938151520165,97.90026188281213,False
15.266666666667005,Gold,2,1032.220742092934,290.26776533482865,166.6800726493108,265.28541977388664,1.0,0.0,0.72823213613208,2092.9688130271006,False
15.283333333333672,Blue,2,1030.0810107544157,442.21164229689504,227.47396404670226,247.55102752528947,1.0,0.0,0.4886789215117524,102.00637098421946,False
15.283333333333672,Gold,2,1034.248160888517,294.1909871420752,168.3950937218224,264.96706730750134,1.0,0.0,0.7986883883899321,2098.5983935850036,False
15.30000000000034,Blue,2,1027.7917838792698,445.64670731002036,228.59976566865882,247.67889047925743,1.0,0.0,0.5107297031889715,106.1232162443844,False
15.30000000000034,Gold,2,1036.1725402163022,298.15939194902194,169.99361275327257,264.62294124360983,1.0,0.0,0.7440785947558481,2102.9813504172803,False
15.316666666667007,Blue,2,1025.4193004106705,449.0286831318717,229.6402908195443,247.8692755589314,1.0,0.0,0.47213131804928565,111.0889124288486,False
15.316666666667007,Gold,2,1037.9909467870361,302.1701675985234,171.74367818654488,264.2243848732344,1.0,0.0,0.814201196666076,2108.698416334115,False
15.333333333333675,Blue,2,1022.9659829157771,452.35784705166543,230.6061870416438,248.12810580057945,1.0,0.0,0.43839066901783497,115.21359032769954,False
15.333333333333675,Gold,2,1039.7014880599763,306.220463930277,173.3749150595697,263.8011875583881,1.0,0.0,0.7584652951064683,2114.4969237419537,False
15.350000000000342,Blue,2,1020.4342822101037,455.63476009679175,231.5066798337787,248.4584537630694,1.0,0.0,0.4088604433410268,120.12383236414384,False
15.350000000000342,Gold,2,1041.3014366191624,310.30717677876027,175.1557743562618,263.32452653104343,1.0,0.0,0.8275108492141925,2118.8703904963036,False
15.36666666666701,Blue,2,1017.8266403642659,458.86020580024694,232.34978407501038,248.86113705350826,1.0,0.0,0.382988345895626,124.26092736785131,False
15.36666666666701,Gold,2,1042.7874691387626,314.4268817885553,177.06568630628604,262.771656122464,1.0,0.0,0.8868462964424424,2124.749367485079,False
15.383333333333677,Blue,2,1015.1451573995399,462.03448742348684,233.2536587586477,249.31725365388291,1.0,0.0,0.41083547098040185,129.12606156890288,False
15.383333333333677,Gold,2,1044.1574978549431,318.5762055076017,178.83795879052946,262.17917085642034,1.0,0.0,0.8222564463540394,2129.1045220457063,False
15.400000000000345,Blue,2,1012.3919668647716,465.15817870056276,234.095626203318,249.82998045628028,1.0,0.0,0.3829521483669218,133.2794006327162,False
15.400000000000345,Gold,2,1045.4088346731342,322.75143736825794,180.73904678637766,261.52295830783004,1.0,0.0,0.8812425397550534,2135.0548829811455,False
15.416666666667012,Blue,2,1009.5689207855385,468.2314335117886,234.98982225255816,250.38399206160778,1.0,0.0,0.40701238005529916,138.10874444051203,False
15.416666666667012,Gold,2,1046.5399726822448,326.94902305850667,182.50420689487,260.839252723756,1.0,0.0,0.8174344175932298,2139.388606678033,False
15.43333333333368,Blue,2,1006.6779286125319,471.2547061910161,235.81974417083453,250.9837611768047,1.0,0.0,0.37806307807491635,142.28136906464152,False
15.43333333333368,Gold,2,1047.548821289261,331.1650553014978,184.39543018717845,260.1033106074381,1.0,0.0,0.8749230614728418,2145.3987723170108,False
15.450000000000347,Blue,2,1003.7209198909084,474.2286875506265,236.5934672243495,251.63162866667705,1.0,0.0,0.35277202286587084,146.46974274296048,False
15.450000000000347,Gold,2,1048.4329430070613,335.3952672534018,186.39066651034332,259.29695665723733,1.0,0.0,0.9220328394085975,2151.4583824630145,False
15.466666666667015,Blue,2,1000.6995669755713,477.15364529583263,237.41820678014008,252.31374219595108,1.0,0.0,0.3763899045914201,151.27837933259622,False
15.466666666667015,Gold,2,1049.1911693535205,339.63570068798055,188.23600156951616,258.461328751536,1.0,0.0,0.8517407375884645,2155.7618114973434,False
15.483333333333682,Blue,2,997.6155871553171,480.0301178395842,238.18412883097602,253.0337783302661,1.0,0.0,0.3498972178790041,155.48991260177195,False
15.483333333333682,Gold,2,1049.8219577887546,343.8820492219926,190.1840908424257,257.57665212591155,1.0,0.0,0.8980550595132328,2161.8492233792567,False
15.50000000000035,Blue,2,994.4707110546065,482.8588548007887,238.89864512595705,253.79360619255237,1.0,0.0,0.3267589355361835,160.28081164006872,False
15.50000000000035,Gold,2,1050.324914706002,348.1304155663193,191.98669530439062,256.68209154978763,1.0,0.0,0.8298997148703222,2167.957095887376,False
15.516666666667017,Blue,2,991.2666589171041,485.6407665547016,239.56818356006073,254.59367467203666,1.0,0.0,0.3065322568292359,164.51803739694293,False
15.516666666667017,Gold,2,1050.7005462623208,352.37732180471386,193.66287324285628,255.80915149724612,1.0,0.0,0.7706740912518626,2172.220459645468,False
15.533333333333685,Blue,2,988.0051229905141,488.37688167254333,240.19833596358376,255.4333438270527,1.0,0.0,0.28884037042428545,168.7724677698809,False
15.533333333333685,Gold,2,1050.948803539838,356.6189140102885,195.4532164841393,254.93106913680703,1.0,0.0,0.8221044945678138,2178.3189107170383,False
15.550000000000352,Blue,2,984.6875459055187,491.06774631837345,240.88498992422356,256.2995375053045,1.0,0.0,0.3151286029655722,173.56391740612725,False
15.550000000000352,Gold,2,1051.0704979945363,360.85181659182643,197.1158401637925,254.07909339089906,1.0,0.0,0.7624690064222932,1.7766787266716773,False
15.56666666666702,Blue,2,981.315380796545,493.71408668758295,241.52710565256228,257.19372764279245,1.0,0.0,0.2950655328233083,177.84724840162085,False
15.56666666666702,Gold,2,1051.0659493633714,365.0722858767497,198.88308924725047,253.22830416462742,1.0,0.0,0.8094330423484664,5.995134147090493,False
15.583333333333687,Blue,2,977.8898773211847,496.3162105045574,242.2185190910765,258.1054836822669,1.0,0.0,0.3181390370907522,182.6355486917743,False
15.583333333333687,Gold,2,1050.9352032985933,369.27627851629836,200.73110049006488,252.3615167346311,1.0,0.0,0.8453647693218223,12.030574880175832,False
15.600000000000355,Blue,2,974.4123193090314,498.87464722519,242.86223695519618,259.03750588079254,1.0,0.0,0.29659289090613683,186.94912112520097,False
15.600000000000355,Gold,2,1050.6792200260832,373.46035822416997,202.43703002524987,251.5141776828119,1.0,0.0,0.77937679685418,18.018415117240618,False
15.616666666667022,Blue,2,970.8840017721532,501.3900972802228,243.46436447868913,259.9912479939742,1.0,0.0,0.2778136171659149,191.28077813263081,False
15.616666666667022,Gold,2,1050.299651594136,377.6216507661949,204.0191119806761,250.7140605020679,1.0,0.0,0.7218971056216219,22.187303256720455,False
15.63333333333369,Blue,2,967.3060383595296,503.862852208203,244.11429315261537,260.95750768530246,1.0,0.0,0.30029317384232,196.08463402965643,False
15.63333333333369,Gold,2,1049.7977154179569,381.756928558443,205.69085051149116,249.93772111961246,1.0,0.0,0.7619129030036902,28.091074322360193,False
15.650000000000357,Blue,2,963.6795751687432,506.2934159362651,244.71956066569007,261.93883086911535,1.0,0.0,0.28005981376656663,200.44830512185786,False
15.650000000000357,Gold,2,1049.175267298321,385.8635564735399,207.2388394000974,249.2119663677657,1.0,0.0,0.7047112017033612,32.2341461047679,False
15.666666666667025,Blue,2,960.0056067175547,508.68192636366604,245.36788747070761,262.92754604961834,1.0,0.0,0.3004219902483847,204.8298642598694,False
15.666666666667025,Gold,2,1048.4337750443626,389.93856457038794,208.86721245171907,248.51520337276364,1.0,0.0,0.7405191152565003,38.04175565458241,False
15.683333333333692,Blue,2,956.2851721060562,511.02876161334586,245.96976253100974,263.92682659266,1.0,0.0,0.27930847601918884,209.65556472946736,False
15.683333333333692,Gold,2,1047.575283902063,393.9795952496442,210.37292106100696,247.87288994876127,1.0,0.0,0.6840395397710779,43.76604580380439,False
15.70000000000036,Blue,2,952.5193325096864,513.3344872681273,246.53116830173485,264.9386856963969,1.0,0.0,0.2609170531743068,214.07031470242347,False
15.70000000000036,Gold,2,1046.6014867931249,397.9839732089486,211.9506656016316,247.26496949875744,1.0,0.0,0.716093629939536,47.864955753749484,False
15.716666666667027,Blue,2,948.7090074174081,515.5992944373195,247.13608232226093,265.9559056702678,1.0,0.0,0.2815634052694982,218.9071960689104,False
15.716666666667027,Gold,2,1045.5145899188938,401.9496448882824,213.40764427792956,246.71527731484673,1.0,0.0,0.6606954623512564,53.4782248835814,False
15.733333333333695,Blue,2,944.8551520668988,517.8235945170346,247.69830924012385,266.9812032075915,1.0,0.0,0.2620931333045,223.35558945221953,False
15.733333333333695,Gold,2,1044.317162362185,405.8750960024586,214.75909055813958,246.24133920215138,1.0,0.0,0.6123491075681713,57.55993675838874,False
15.750000000000362,Blue,2,940.9587382477196,520.0079699771619,248.22333808403278,268.01629145249353,1.0,0.0,0.24512911358603162,227.82222673760768,False
15.750000000000362,Gold,2,1043.011354223981,409.75843245243846,216.18595094405777,245.8202041312927,1.0,0.0,0.6460737773909813,63.06202990317243,False
15.76666666666703,Blue,2,937.0207397864978,522.1531329241565,248.71592925761107,269.06207725927663,1.0,0.0,0.23034219430519087,232.6897641387558,False
15.76666666666703,Gold,2,1041.5996632624929,413.5983129711063,217.50630534394958,245.46933325002124,1.0,0.0,0.5974822981017915,67.13094713978396,False
15.783333333333697,Blue,2,933.042121655176,524.2598903295842,249.18022491878193,270.1188338504847,1.0,0.0,0.2174526410861759,237.19113601260003,False
15.783333333333697,Gold,2,1040.0842241441237,417.3930455306839,218.8925822248055,245.16847944368158,1.0,0.0,0.6269933310341749,72.52453785316341,False
15.800000000000365,Blue,2,929.023707560796,526.3286195451853,249.69345653451322,271.17937356114896,1.0,0.0,0.24075477594657713,241.71073824994065,False
15.800000000000365,Gold,2,1038.4674921514502,421.14149456779955,220.17289522847318,244.93446689258607,1.0,0.0,0.5788142171017228,76.58486041079603,False
15.816666666667032,Blue,2,924.9663346924107,528.3598497218188,250.17410728210686,272.2451363107728,1.0,0.0,0.2258323550488015,246.61302567751437,False
15.816666666667032,Gold,2,1036.7521341876648,424.8429930777275,221.36056739189235,244.7790002972394,1.0,0.0,0.5367498762853913,81.8755571760636,False
15.8333333333337,Blue,2,920.8708417370295,530.3542243769707,250.62639741015929,273.316911525209,1.0,0.0,0.2128497905676241,251.16806080608302,False
15.8333333333337,Gold,2,1034.940944403409,428.4972632402449,222.46713616597785,244.70953369029854,1.0,0.0,0.4999835514920079,85.93245818450512,False
15.850000000000367,Blue,2,916.737946704428,532.3119822058716,251.1254642039565,274.3885811065175,1.0,0.0,0.23524448726831082,256.09066951784587,False
15.850000000000367,Gold,2,1033.0362811207958,432.10356139740475,223.64866871316173,244.70239685481334,1.0,0.0,0.5338007541401666,91.1285290835296,False
15.866666666667035,Blue,2,912.5683868532271,534.2335266449477,251.59243046866658,275.46183870497447,1.0,0.0,0.2204712807475957,260.6811191119247,False
15.866666666667035,Gold,2,1031.0406614879596,435.6615653743464,224.74517688764462,244.76683612781196,1.0,0.0,0.49538273469134353,95.18674044319013,False
15.883333333333702,Blue,2,908.3629065131933,536.1193870745973,252.031491345595,276.5377442988682,1.0,0.0,0.20763434558565308,265.29000882557284,False
15.883333333333702,Gold,2,1028.9562416520664,439.1705401812171,225.9057681577111,244.88314946329928,1.0,0.0,0.5243833980328958,100.29714295101098,False
15.90000000000037,Blue,2,904.1221454105827,537.9697044667768,252.5158985834345,277.6109238707644,1.0,0.0,0.22945415059206908,270.2519479119281,False
15.90000000000037,Gold,2,1026.7853469577822,442.6301897527148,226.97970990561598,245.06132324879138,1.0,0.0,0.48531501376194086,104.36071636040072,False
15.916666666667037,Blue,2,899.8467649552235,539.7847920367316,252.96899444221722,278.6831809220228,1.0,0.0,0.2149738273872117,274.8963601343079,False
15.916666666667037,Gold,2,1024.5299953327335,446.0398438322775,228.10936578987028,245.28446102759392,1.0,0.0,0.5106244219932705,109.3949742956408,False
15.933333333333705,Blue,2,895.5373408108613,541.5646140934685,253.46384446463657,279.7499791506202,1.0,0.0,0.2351688756829482,279.5588531247645,False
15.933333333333705,Gold,2,1022.1923711479222,449.39927747415317,229.15235292146522,245.562644563236,1.0,0.0,0.47160150745935425,113.46748187706866,False
15.950000000000372,Blue,2,891.1944788349113,543.3093400316906,253.92505247516158,280.8135813488499,1.0,0.0,0.2195388479365583,284.5615087831019,False
15.950000000000372,Gold,2,1019.7747566815356,452.7086287204054,230.1196436441052,245.90241024632383,1.0,0.0,0.4375512018782608,118.43572999402413,False
15.96666666666704,Blue,2,886.8188016304322,545.0193001006312,254.35703474728973,281.8755966141993,1.0,0.0,0.2059623241340347,289.25929591270386,False
15.96666666666704,Gold,2,1017.2794798738432,455.96832699486134,231.02072839916508,246.30741173378325,1.0,0.0,0.40780458070327086,122.52115190118747,False
15.983333333333707,Blue,2,882.410853362853,546.6944702717358,254.83112073227858,282.93167181233963,1.0,0.0,0.2264051975111805,293.9748173034465,False
15.983333333333707,Gold,2,1014.7085322789403,459.178337530075,231.98456205870252,246.75935852346294,1.0,0.0,0.43646003930513544,126.62191885541066,False
16.000000000000373,Blue,2,877.9712035681893,548.3350228938892,255.2734495785798,283.983893098051,1.0,0.0,0.2115822067973383,299.01916344550426,False
16.000000000000373,Gold,2,1012.063982631646,462.33895386525353,232.87874650151528,247.26362134112583,1.0,0.0,0.40518680542586694,131.53580144609498,False
16.01666666666704,Blue,2,873.5004352982951,549.9412841757526,255.68819000971138,285.03375102493175,1.0,0.0,0.1987071187822842,303.7696781327605,False
16.01666666666704,Gold,2,1009.3479325585872,465.45073044315103,233.7120590403931,247.82310887487952,1.0,0.0,0.3778811181159334,135.65431078867877,False
16.033333333333704,Blue,2,868.9990610804224,551.513223441591,256.14520599383496,286.0770987991329,1.0,0.0,0.21931643100857556,308.83929932811793,False
16.033333333333704,Gold,2,1006.5621809366387,468.51376170072604,234.60517176403582,248.4215395303978,1.0,0.0,0.4053291721789627,140.5247594355654,False
16.05000000000037,Blue,2,864.4676152190965,553.0510010153456,256.57198608917423,287.11590213307943,1.0,0.0,0.20513673345558203,313.6243029905487,False
16.05000000000037,Gold,2,1003.7085898668979,471.52844199734,235.43401467651282,249.06345661848428,1.0,0.0,0.3764897053466143,144.66391621899487,False
16.066666666667036,Blue,2,859.9066432030121,554.5549268950018,256.97250339996873,288.1515775053419,1.0,0.0,0.19282269336045488,318.42682149177807,False
16.066666666667036,Gold,2,1000.7887701791019,474.4947591121782,236.31481840798924,249.73542649388884,1.0,0.0,0.4004674718198018,149.4999869017216,False
16.0833333333337,Blue,2,855.3166280607873,556.0249530869128,257.41538219456675,289.18018196053504,1.0,0.0,0.2135592220801641,323.53930997781265,False
16.0833333333337,Gold,2,997.8044112190877,477.413024257225,237.1297842747562,250.44283078667698,1.0,0.0,0.3708977657637078,153.66211651486162,False
16.100000000000367,Blue,2,850.6980716573802,557.4612193834442,257.82928489575437,290.2035955215148,1.0,0.0,0.1999054556885156,328.37588620026634,False
16.100000000000367,Gold,2,994.7572410186789,480.2838048893964,237.88729772361233,251.18889228211293,1.0,0.0,0.3451078172509021,157.84180265234883,False
16.116666666667033,Blue,2,846.0514851550427,558.8640128738826,258.21802590377865,291.22318678614863,1.0,0.0,0.18805170998992438,333.22960556230424,False
16.116666666667033,Gold,2,991.6489961979657,483.10786748180016,238.5946119333308,251.9751087085704,1.0,0.0,0.32259049029422826,162.65985768425864,False
16.1333333333337,Blue,2,841.3773818576213,560.2337337918227,258.584933785352,292.2398968327684,1.0,0.0,0.1777718656612599,338.3852604955934,False
16.1333333333337,Gold,2,988.4813993977342,485.88612905129423,239.2580186352347,252.8016309569892,1.0,0.0,0.3029143682261086,166.8660810699814,False
16.150000000000365,Blue,2,836.67627188627,561.5708667522943,258.9329253465222,293.25431669489,1.0,0.0,0.16887404407681572,343.27274359663045,False
16.150000000000365,Gold,2,985.2559123087989,488.61901386937,239.9813067256742,253.65475553028054,1.0,0.0,0.33065757360650494,171.66768762025535,False
16.16666666666703,Blue,2,831.948658264631,562.8759565560372,259.26456934166697,294.2667562345853,1.0,0.0,0.16119592915993053,348.1771821673389,False
16.16666666666703,Gold,2,981.9740203692662,491.30715587088764,240.6556815515704,254.53667642038383,1.0,0.0,0.30868341042629055,175.90240282401922,False
16.183333333333696,Blue,2,827.1949845175657,564.1491279425373,259.6441737954906,295.27303653159504,1.0,0.0,0.1847994679176459,353.37632513350235,False
16.183333333333696,Gold,2,978.6372097506281,493.9513491841661,241.2873647120326,255.4482886564579,1.0,0.0,0.289517704485057,180.15583577923775,False
16.20000000000036,Blue,2,822.415699096979,565.3906285599726,260.0029425942465,296.27422178159264,1.0,0.0,0.1749316799249634,358.3141650758485,False
16.20000000000036,Gold,2,975.246743425536,496.551926312643,241.974802092759,256.37813457833306,1.0,0.0,0.31549509613248716,184.9594347741938,False
16.216666666667027,Blue,2,817.6112057059638,566.6003357883119,260.4058341107541,297.26683965988406,1.0,0.0,0.19675415528175577,363.2685980307027,False
16.216666666667027,Gold,2,971.8039152254822,499.10943247225015,242.6152956238328,257.32868782444314,1.0,0.0,0.2943542711221063,189.24368262824973,False
16.233333333333693,Blue,2,812.7819201922332,567.7782953540036,260.7846109861097,298.2524338903525,1.0,0.0,0.18526631370649227,368.5108671464326,False
16.233333333333693,Gold,2,968.309836074835,501.62400860478914,243.3048179708018,258.29064259930664,1.0,0.0,0.31733223273928957,194.04440564806833,False
16.25000000000036,Blue,2,807.9282637163078,568.924684803389,261.1425760618586,299.23215709786007,1.0,0.0,0.17535862368540478,373.49802110246605,False
16.25000000000036,Gold,2,964.7656651866079,504.09604319945413,243.94488996834974,259.2673684824903,1.0,0.0,0.2949939508740016,198.36041258160975,False
16.266666666667025,Blue,2,803.0506216850831,570.0393195589128,261.54403949304543,300.2027460280287,1.0,0.0,0.19697130178580835,378.5013797236919,False
16.266666666667025,Gold,2,961.1725850771114,506.52611789504823,244.54189314891167,260.26093774889165,1.0,0.0,0.2755432443211845,202.695546436769,False
16.28333333333369,Blue,2,798.1493905414801,571.1221898285082,261.9215950449962,301.1657833779794,1.0,0.0,0.18552527650496842,383.7861214347348,False
16.28333333333369,Gold,2,957.53161134576,508.91441081493747,245.18712407476895,261.2628523554438,1.0,0.0,0.29824207853956963,207.5121331411112,False
16.300000000000356,Blue,2,793.2249713364038,572.1734232474635,262.27853870243047,302.1224691254055,1.0,0.0,0.175664090756122,388.82145727080575,False
16.300000000000356,Gold,2,953.8438002628643,511.2613306486284,245.78658592438634,262.27607561506903,1.0,0.0,0.2774995292633946,211.88032939138662,False
16.31666666666702,Blue,2,788.277737580928,573.1927905832905,262.67855314854313,303.06968464036794,1.0,0.0,0.19715905705579928,393.8725929066666,False
16.31666666666702,Gold,2,950.1100684148865,513.5669234157727,246.42960736020177,263.29345125513726,1.0,0.0,0.2981133294720877,216.26729753378032,False
16.333333333333687,Blue,2,783.308071921507,574.1802414350261,263.05497990406576,304.00902852329585,1.0,0.0,0.18581199535379156,399.19903525902004,False
16.333333333333687,Gold,2,946.3313822618422,515.8314904246138,247.02534446433833,264.3184405422074,1.0,0.0,0.27661104563386374,221.1056902102829,False
16.350000000000353,Blue,2,778.3163602462049,575.1358663575919,263.4110925057721,304.9417255659087,1.0,0.0,0.17604689084900826,404.2813661981335,False
16.350000000000353,Gold,2,942.5087351167606,518.0555333698263,247.57990440865092,265.35333724040595,1.0,0.0,0.2578862777374198,225.52656291880407,False
16.36666666666702,Blue,2,773.3029686601119,576.0594025171689,263.80997115958485,305.8647597236335,1.0,0.0,0.19748128341032967,409.6336398650323,False
16.36666666666702,Gold,2,938.6431297058291,520.2397080154855,248.09857201406584,266.39948699790534,1.0,0.0,0.24156899302644774,230.37620536785346,False
16.383333333333685,Blue,2,768.2682700200148,576.9507684399523,264.1856421779998,306.77973364878926,1.0,0.0,0.18626499057787527,414.74638043489114,False
16.383333333333685,Gold,2,934.7355650388392,522.3847852644195,248.58593435059845,267.45748243443603,1.0,0.0,0.22734464424843992,234.83161854651706,False
16.40000000000035,Blue,2,763.2126386512812,577.8100258064208,264.54134970200124,307.6878846007331,1.0,0.0,0.1766242554162858,419.8744870434728,False
16.40000000000035,Gold,2,930.7870266145387,524.4916185462653,249.0459866809629,268.52733156312576,1.0,0.0,0.21494606160551655,239.30621405853347,False
16.416666666667016,Blue,2,758.1364365936254,578.6368852917061,264.9395983300762,308.5862702370288,1.0,0.0,0.19803480298604015,425.26711548508626,False
16.416666666667016,Gold,2,926.7983495923969,526.5606040983017,249.55878532328524,269.6013430333626,1.0,0.0,0.23997580491807113,244.1868076061045,False
16.43333333333368,Blue,2,753.0400299550219,579.4312404778198,265.3150490395108,309.4764915720516,1.0,0.0,0.18696668504650304,430.42482450385165,False
16.43333333333368,Gold,2,922.7703808553136,528.5922845604193,250.03935167044418,270.6808591855995,1.0,0.0,0.22525587497998956,248.69681279933457,False
16.450000000000347,Blue,2,747.9237842846292,580.193129427352,265.6709147675073,310.35979171347816,1.0,0.0,0.17746664720514005,435.5974688070645,False
16.450000000000347,Gold,2,918.7039673423571,530.5873123186809,250.49187598381664,271.76658479754815,1.0,0.0,0.212457279540331,253.2258523494971,False
16.466666666667013,Blue,2,742.788060207246,580.9222409047671,266.06915188792664,311.23328106718174,1.0,0.0,0.1988784189729529,441.0295433191771,False
16.466666666667013,Gold,2,914.5998296684717,532.5459161121163,250.99403060413735,272.8521019107519,1.0,0.0,0.2361453054031486,258.14101122351354,False
16.48333333333368,Blue,2,737.6332195422884,581.6184474747125,266.4450141987182,312.09855675552916,1.0,0.0,0.1879680619044919,446.230976306771,False
16.48333333333368,Gold,2,910.4587079370156,534.468489125769,251.4639944207739,273.9391068745582,1.0,0.0,0.221370355764531,262.70586289780624,False
16.500000000000345,Blue,2,732.4596213609285,582.2817669162716,266.80168471942915,312.95686438452594,1.0,0.0,0.17861872223289055,451.44691086714545,False
16.500000000000345,Gold,2,906.2812398210617,536.3550505925435,251.97884457500425,275.02231636692215,1.0,0.0,0.24291326358518717,267.28941193711205,False
16.51666666666701,Blue,2,727.267627116372,582.9118690017218,267.2005986038666,313.80535104575375,1.0,0.0,0.20005036947206278,456.9175070533757,False
16.51666666666701,Gold,2,902.0680940821817,538.2058224488177,252.45871308523786,276.1040248378709,1.0,0.0,0.22678099189950274,272.2415401551881,False
16.533333333333676,Blue,2,722.0575964591603,583.5086077433396,267.5775662888433,314.6456096458354,1.0,0.0,0.18930353217144358,462.1614151589489,False
16.533333333333676,Gold,2,897.8199561784023,540.021184908005,252.9081982018705,277.1858211162899,1.0,0.0,0.21277172556958845,276.8608597736274,False
16.55000000000034,Blue,2,716.82989843278,584.0715184174757,267.99460481905726,315.4750422703445,1.0,0.0,0.2097105139531621,467.4193255090583,False
16.55000000000034,Gold,2,893.5374195347133,541.8011463149893,253.4021374365863,278.2627854629744,1.0,0.0,0.23420036085265394,281.8346588222283,False
16.566666666667007,Blue,2,711.5848992913051,584.6003490927898,268.3876087605095,316.2954953172964,1.0,0.0,0.19788986352501325,472.9274184994086,False
16.566666666667007,Gold,2,889.2211050692642,543.5459122455674,253.86285966188714,279.3370784227256,1.0,0.0,0.21880972040785096,286.4894087995575,False
16.583333333333673,Blue,2,706.322959037204,585.0950175494415,268.75997892358197,317.1084414377049,1.0,0.0,0.18774941833482828,478.2124083287625,False
16.583333333333673,Gold,2,884.87164823901,545.2558423405372,254.29473501402282,280.4102143869674,1.0,0.0,0.2054464680119601,291.16269060307593,False
16.60000000000034,Blue,2,701.0444534312464,585.5551109711581,269.1731671394519,317.9111614898015,1.0,0.0,0.2086047587949018,483.5109261312713,False
16.60000000000034,Gold,2,880.4896024371924,546.9309268712295,254.7706615250253,281.4776029084568,1.0,0.0,0.22677405861222155,296.1764747918494,False
16.616666666667005,Blue,2,695.7497508768319,585.9804186993929,269.56341327364845,318.7054164778417,1.0,0.0,0.19727906138482965,489.0555664138327,False
16.616666666667005,Gold,2,876.0755454831411,548.5713494856329,255.21489102073298,282.5413005753969,1.0,0.0,0.21201736143036598,300.8849390408501,False
16.63333333333367,Blue,2,690.4392100737537,586.3708906298372,269.9340003466645,319.4926024474505,1.0,0.0,0.18758301223818563,494.3803298671852,False
16.63333333333367,Gold,2,871.6300679029592,550.1774450341491,255.6315992124967,283.6027675758967,1.0,0.0,0.1992073381711741,305.611559115681,False
16.650000000000336,Blue,2,685.1132125115389,586.7261387449865,270.3459131262976,320.269924472665,1.0,0.0,0.2087685552693479,499.9482266989904,False
16.650000000000336,Gold,2,867.1536876419566,551.7491815117879,256.0920058982183,284.6577047375381,1.0,0.0,0.2204569757170951,310.66638068889586,False
16.666666666667002,Blue,2,679.772128439929,587.0459704555619,270.7357284086419,321.03908948777223,1.0,0.0,0.1978194487966647,505.2984848748511,False
16.666666666667002,Gold,2,862.6469442974034,553.2867175908601,256.5220392322617,285.70808522903803,1.0,0.0,0.20624815003250063,315.42783519827253,False
16.683333333333668,Blue,2,674.4163154766394,587.3303478688391,271.1066533636149,321.80144629775117,1.0,0.0,0.18846963864256594,510.66176520544826,False
16.683333333333668,Gold,2,858.1103884899949,554.7903612338375,256.92570740577133,286.7553278941354,1.0,0.0,0.1939171679121401,320.2070639262949,False
16.700000000000333,Blue,2,669.0461614747612,587.5788906230171,271.51928516298284,322.5541489678195,1.0,0.0,0.2099225572740515,516.2648490527688,False
16.700000000000333,Gold,2,853.5445072707295,556.2600558556003,257.37277996261383,287.7953872508101,1.0,0.0,0.21511594693368963,325.30363397897924,False
16.716666666667,Blue,2,663.6620395213093,587.7914094554915,271.9105122824499,323.29887174203594,1.0,0.0,0.19927840854731116,521.6528450969117,False
16.716666666667,Gold,2,848.9498067211603,557.6959336925813,257.79064127673803,288.8301679025262,1.0,0.0,0.20138443993331379,330.11726283790495,False
16.733333333333665,Blue,2,658.2643074156044,587.9678659486218,272.2834950357688,324.0369355553926,1.0,0.0,0.19021725183795013,527.0534152765506,False
16.733333333333665,Gold,2,844.3268023098871,559.0982750419705,258.1831541911167,289.8610559711127,1.0,0.0,0.18947172871710194,334.9482784533262,False
16.75000000000033,Blue,2,652.8533609436927,588.1078763423541,272.69850733294015,324.76545486872385,1.0,0.0,0.21190825576620398,532.690866746537,False
16.75000000000033,Gold,2,839.6760116626275,560.4674738816669,258.5536890719366,290.88900423726244,1.0,0.0,0.17914916078414578,340.08708921323023,False
16.766666666666996,Blue,2,647.4295777793916,588.2112451017714,273.0927179053453,325.4860858617535,1.0,0.0,0.2015277071509729,538.1153882225781,False
16.766666666666996,Gold,2,834.9979491859997,561.8040089158784,258.90519918758616,291.9146107314085,1.0,0.0,0.17022284685803157,344.952206363032,False
16.783333333333662,Blue,2,641.9933785778871,588.2774575841526,273.52728199482783,326.19614507921017,1.0,0.0,0.22242054609980855,543.551971426295,False
16.783333333333662,Gold,2,830.2930699390731,563.1079507183853,259.30393074350576,292.93369664302145,1.0,0.0,0.19339912139451343,349.8344333723155,False
16.800000000000328,Blue,2,636.5451620647606,588.3062150588065,273.9390652801589,326.8975444975239,1.0,0.0,0.2110072614802725,549.2228764693641,False
16.800000000000328,Gold,2,825.5618368116004,564.3795116388059,259.67952470550966,293.9475509185424,1.0,0.0,0.18246646023968438,355.01586784782023,False
16.816666666666993,Blue,2,631.0853055661779,588.2973903800637,274.3314366763831,327.5918178102964,1.0,0.0,0.2012927061608174,554.6825695366533,False
16.816666666666993,Gold,2,820.8047143231272,565.6190129171164,260.03513151660707,294.9570816938918,1.0,0.0,0.17303048200627913,359.931735910979,False
16.83333333333366,Blue,2,625.6142378225655,588.2505230950854,274.76525842171117,328.2761088951611,1.0,0.0,0.22281247323230957,560.1538355259936,False
16.83333333333366,Gold,2,816.0221200109007,566.8263903345447,260.4362470340379,295.95858984061493,1.0,0.0,0.1954826702768493,364.86437123648307,False
16.850000000000325,Blue,2,620.1323618789047,588.1653565412888,275.1774446131876,328.95224871227856,1.0,0.0,0.21193979484168324,565.857346125155,False
16.850000000000325,Gold,2,811.2144813010372,568.0017386377172,260.8137612718464,296.95353332475696,1.0,0.0,0.1842697332832124,370.0883112140291,False
16.86666666666699,Blue,2,614.6400566897048,588.0417950441995,275.5712723804698,329.62169444007804,1.0,0.0,0.20272671892502458,571.3509393289618,False
16.86666666666699,Gold,2,806.3822291226226,569.1452762821352,261.1709170581222,297.94298457251267,1.0,0.0,0.1746050605417473,375.0539692335621,False
16.883333333333656,Blue,2,609.1377615418995,587.8794005311479,276.00741313727895,330.28146471933775,1.0,0.0,0.22475669957346867,577.0757546826454,False
16.883333333333656,Gold,2,801.5257576109778,570.256850596867,261.57245671059206,298.92354675086784,1.0,0.0,0.19660897852588022,380.30407727226077,False
16.900000000000322,Blue,2,603.6258866434965,587.6779309952246,276.4228226248425,330.9333430320701,1.0,0.0,0.21430744844391825,582.5909675943136,False
16.900000000000322,Gold,2,796.6454706913634,571.3364783713192,261.9503355903923,299.89676153113885,1.0,0.0,0.18530974875620387,385.30203655276966,False
16.916666666666988,Blue,2,598.1048157047403,587.4372985086753,276.8207334330421,331.57874162210777,1.0,0.0,0.2055021176215206,588.1172328673675,False
16.916666666666988,Gold,2,791.7417758928282,572.3843091707051,262.3078290044504,300.86378881606964,1.0,0.0,0.17558217856936054,390.31639053112536,False
16.933333333333653,Blue,2,592.575002076848,587.157066834617,277.2617003263089,332.21457942319125,1.0,0.0,0.22798280564395057,593.8733887113382,False
16.933333333333653,Gold,2,786.815052845043,573.4001306460045,262.708942333986,301.82143020886593,1.0,0.0,0.1973072295971683,395.60831928185837,False
16.95000000000032,Blue,2,587.0368668253797,586.8369907426094,277.6827060639502,332.8426156092918,1.0,0.0,0.21789299031137688,599.4205337834244,False
16.95000000000032,Gold,2,781.8656895939534,574.3839062716298,263.08656714122264,302.77126657283446,1.0,0.0,0.18603493106189006,400.65422578213065,False
16.966666666666985,Blue,2,581.4910130579698,586.4760063624207,278.206652093696,333.45538447600927,1.0,0.0,0.2714537072184733,604.9781137621031,False
16.966666666666985,Gold,2,776.8940768417708,575.3357378024581,263.4439779732905,303.7145038266675,1.0,0.0,0.17634184951694465,405.71610296363235,False
16.98333333333365,Blue,2,575.9379930661951,586.0733759593733,278.70059477706053,334.0558518778339,1.0,0.0,0.25617053825610014,610.7645502870507,False
16.98333333333365,Gold,2,771.9005855253148,576.255371134222,263.84447070612987,304.64807823566554,1.0,0.0,0.19789392131619366,411.04915564231203,False
17.000000000000316,Blue,2,570.3783117544378,585.6286259191905,279.16884549558205,334.6465179731649,1.0,0.0,0.24308939652461703,616.3418797371008,False
17.000000000000316,Gold,2,766.8855928736189,577.1427317819326,264.2217775243548,305.57358651626464,1.0,0.0,0.18671400751960476,416.141799815777,False
17.016666666666982,Blue,2,564.8125545921688,585.1409980830313,279.67667144943687,335.2246430461335,1.0,0.0,0.2638947321059355,621.9289530213993,False
17.016666666666982,Gold,2,761.8494772054701,577.9978868204881,264.57915483463836,306.49225795538183,1.0,0.0,0.1771124266121653,421.2499817595163,False
17.033333333333648,Blue,2,559.2412529824078,584.6100086204614,280.1578750340944,335.792890291961,1.0,0.0,0.25030196739251664,627.7445776151051,False
17.033333333333648,Gold,2,756.792604769251,578.8205515638275,264.9792220808342,307.4011223435142,1.0,0.0,0.19855968342231733,426.6233818129292,False
17.050000000000313,Blue,2,553.6648896384177,584.0353933211805,280.61638516923017,336.3534438517169,1.0,0.0,0.23872459054275907,633.3504439766584,False
17.050000000000313,Gold,2,751.7153455396739,579.6106231308527,265.3564773884584,308.3017802661116,1.0,0.0,0.18750963102209184,431.76152522068696,False
17.06666666666698,Blue,2,548.0840429482457,583.4165631131154,281.1175775292065,336.90307534990467,1.0,0.0,0.26119223568493055,639.1856304996181,False
17.06666666666698,Gold,2,746.6180656012174,580.3676779194261,265.77399538042107,309.19156037320033,1.0,0.0,0.207820686413271,436.9147040620359,False
17.083333333333645,Blue,2,542.4992350117748,582.7531712243949,281.59447876767064,337.44422731325557,1.0,0.0,0.24876215148857028,644.809561680301,False
17.083333333333645,Gold,2,741.501134992984,581.091503383461,266.1665447403444,310.07232663799317,1.0,0.0,0.19567103632960325,442.32753223617135,False
17.10000000000031,Blue,2,536.9109384300689,582.0450628242779,282.0508027086821,337.97886663091924,1.0,0.0,0.23824474534009354,650.4425411108542,False
17.10000000000031,Gold,2,736.364922729801,581.7820552068532,266.53760976486353,310.94555414049887,1.0,0.0,0.18522328660461085,447.50977628008076,False
17.116666666666976,Blue,2,531.3197368508345,581.2917318097449,282.55227839885407,338.50340290981865,1.0,0.0,0.2620533948938757,656.305908891645,False
17.116666666666976,Gold,2,731.2097998414188,582.4389577814121,266.9495468839611,311.808477678891,1.0,0.0,0.20591377130920208,452.7065785854711,False
17.133333333333642,Blue,2,525.726155513926,580.4928946690649,283.0311590683793,339.02013895901405,1.0,0.0,0.2504667125266238,661.9562142836121,False
17.133333333333642,Gold,2,726.0361365327249,583.0620365567588,267.33763582212345,312.6628681043626,1.0,0.0,0.1942621918708234,458.1579664603224,False
17.150000000000308,Blue,2,520.1308365438819,579.6479322748991,283.55492122138156,339.5255527448916,1.0,0.0,0.27417904721100683,667.8389905468553,False
17.150000000000308,Gold,2,720.8442983563866,583.6512766759778,267.705229448643,313.5101198407656,1.0,0.0,0.1842563292288837,463.3829928709669,False
17.166666666666973,Blue,2,514.5343547610337,578.7564717136399,284.0544615302984,340.02223015696535,1.0,0.0,0.26172196733072894,673.5058775763603,False
17.166666666666973,Gold,2,715.6346594949401,584.2063255756316,268.1140791880484,314.34741744083317,1.0,0.0,0.2052160905480811,468.62211581019824,False
17.18333333333364,Blue,2,508.93722679610255,577.8183344669415,284.53361206923233,340.51225325683356,1.0,0.0,0.2512493964113638,679.181079864963,False
17.18333333333364,Gold,2,710.4075893111425,584.7270254276876,268.49994913041024,315.17647080992475,1.0,0.0,0.1939437124986796,474.111262645695,False
17.200000000000305,Blue,2,503.3401046486086,576.832978672395,285.0604740937433,340.99168399380125,1.0,0.0,0.2764959535964948,685.0910960815995,False
17.200000000000305,Gold,2,705.1634494894048,585.2133726704033,268.86610175576624,315.99862341085435,1.0,0.0,0.1842803291801154,479.3778018853588,False
17.21666666666697,Blue,2,497.743571521633,575.8000887294979,285.56489405098597,341.46297139177926,1.0,0.0,0.2649326677253754,690.7821174225289,False
17.21666666666697,Gold,2,699.9026173737014,585.665022108024,269.2737781257898,316.8110325585711,1.0,0.0,0.20545199615894916,484.89090644327996,False
17.233333333333636,Blue,2,492.21440066007506,574.7380860823419,286.1170289897507,337.8142805446861,0.0,0.0,0.29022455815977466,696.4123078934504,False
17.233333333333636,Gold,2,694.6254619121781,586.0818192363984,269.6591837175393,317.61536896174226,1.0,0.0,0.19448438722643857,490.1841183251101,False
17.250000000000302,Blue,2,486.68652712976973,573.6273000188785,286.6484867668646,338.3022808155535,1.0,0.0,0.27764421435772135,702.2809422086513,False
17.250000000000302,Gold,2,689.3323416664996,586.4637603004012,270.02551873901865,318.41294458878764,1.0,0.0,0.185102436775054,495.4909300954751,False
17.266666666666968,Blue,2,481.1605317179368,572.4675376846591,287.1589658581132,338.7831552313392,1.0,0.0,0.2669032424532247,707.9273274981708,False
17.266666666666968,Gold,2,684.0236381659329,586.8104974574857,270.4335942532979,319.2008995083136,1.0,0.0,0.20646059065279587,501.0405836280667,False
17.283333333333633,Blue,2,475.7028524224757,571.2786870766757,287.79150959461055,335.1397687782612,0.0,0.0,0.33099205405385135,713.747191898684,False
17.283333333333633,Gold,2,678.6997211847927,587.1218709184708,270.82000756017675,319.9808801091173,1.0,0.0,0.19575170863789992,506.3732910493974,False
17.3000000000003,Blue,2,470.24822867963826,570.0387877833678,288.395606014815,335.6262408699569,1.0,0.0,0.31418109395382743,719.3409176261315,False
17.3000000000003,Gold,2,673.360947567056,587.3978692846151,271.1879170092342,320.75417974268095,1.0,0.0,0.18661491754513548,511.71915200050336,False
17.316666666666965,Blue,2,464.86266071802993,568.7692570485842,289.045450948488,331.9906354106743,0.0,0.0,0.3382492560556898,724.8740510731792,False
17.316666666666965,Gold,2,668.0077046583762,587.6381354848032,271.5977719662743,321.5179232183173,1.0,0.0,0.2081533959027766,517.304574720537,False
17.33333333333363,Blue,2,459.4813945032365,567.4467922712255,289.6658152960334,332.48305367731575,1.0,0.0,0.32095216608647803,730.6541628977172,False
17.33333333333363,Gold,2,662.6403647966365,587.8424987166843,271.98651163660537,322.2737430804326,1.0,0.0,0.19767601268319268,522.675562484317,False
17.350000000000296,Blue,2,454.10520665682475,566.071035579961,290.2567839381506,332.96541568227826,1.0,0.0,0.30599454990046837,736.2035806270351,False
17.350000000000296,Gold,2,657.2593360948824,588.0104694597821,272.4154093470568,323.0189818179393,1.0,0.0,0.2183663351005407,528.0591936054051,False
17.366666666666962,Blue,2,448.7992861385689,564.6658114599595,290.8993393386912,329.3308527067215,0.0,0.0,0.3329726968002866,741.9366394240401,False
17.366666666666962,Gold,2,651.8650084221887,588.1417724347098,272.8211815231816,323.75552727607743,1.0,0.0,0.20684460763327905,533.6794971829949,False
17.383333333333628,Blue,2,443.4995966318483,563.2059691987255,291.51526389293235,329.82458044115805,1.0,0.0,0.31725196266045685,747.43370135602,False
17.383333333333628,Gold,2,646.457753147488,588.236302734732,273.20719739114327,324.4848904036059,1.0,0.0,0.19701147974010524,539.0874073718301,False
17.400000000000293,Blue,2,438.2068691805338,561.691368469487,292.10446507333495,330.31064965342756,1.0,0.0,0.3037355018043648,752.9387183535304,False
17.400000000000293,Gold,2,641.0379853186255,588.2936230840207,273.6344000235563,325.2042561043367,1.0,0.0,0.21829321760283804,544.5074752899244,False
17.41666666666696,Blue,2,432.98545443300975,560.1480697746318,292.7501395776559,326.6830178903255,0.0,0.0,0.3331160135296507,758.6343485659223,False
17.41666666666696,Gold,2,635.6060978429903,588.3134988959615,274.03959739423163,325.91543035749066,1.0,0.0,0.20729382779149574,550.1618287858341,False
17.433333333333625,Blue,2,427.7721366079948,558.5489828084562,293.3710769938172,327.1830416327246,1.0,0.0,0.3184380269073763,764.0873554401646,False
17.433333333333625,Gold,2,630.1624622954467,588.2958559087529,274.42605971505,326.61984829173633,1.0,0.0,0.1979406952665279,555.6053855920562,False
17.45000000000029,Blue,2,422.56832280731334,556.8928918347428,294.1356550060399,327.6588704542597,1.0,0.0,0.3924253079980531,769.8068926750698,False
17.45000000000029,Gold,2,624.707502354681,588.240278686605,274.85451179293426,327.3145832662084,1.0,0.0,0.21970205920064245,561.2819329675399,False
17.466666666666956,Blue,2,417.43760456261566,555.2079100383598,294.8579058035543,324.0190736642153,0.0,0.0,0.3709917817031325,775.207209586345,False
17.466666666666956,Gold,2,619.2416160907611,588.1465472010248,275.26183387599764,328.00139278574534,1.0,0.0,0.2091064440298247,566.7482656593903,False
17.483333333333622,Blue,2,412.3180111103291,553.4644278896282,295.54847753747157,324.4994324042942,1.0,0.0,0.35260054402403185,780.6151744590547,False
17.483333333333622,Gold,2,613.7651777247694,588.0145952884936,275.6512428707694,328.6816674860572,1.0,0.0,0.2001372419411993,572.2262382699015,False
17.500000000000288,Blue,2,407.2108265496924,551.6616878249841,296.29733343048105,324.960830189552,1.0,0.0,0.3826616562920897,786.2991753490677,False
17.500000000000288,Gold,2,608.2786224063047,587.8440097844883,276.0833313649143,329.35239370057604,1.0,0.0,0.22232227099443236,577.9356041913381,False
17.516666666666953,Blue,2,402.17840096485406,549.8305031712206,297.0082885538964,321.3141145533655,0.0,0.0,0.36357007795868057,791.6542147489439,False
17.516666666666953,Gold,2,602.7823564041267,587.6345682620187,276.49502308771895,330.0153035616921,1.0,0.0,0.2120627670715649,583.4356059490112,False
17.53333333333362,Blue,2,397.16022664702535,547.9386102640607,297.78553846725515,321.77755689699535,1.0,0.0,0.39510374304598983,797.2956995686001,False
17.53333333333362,Gold,2,597.2767597763026,587.3861978575385,276.8895147326146,330.6717640048379,1.0,0.0,0.20342626593472346,588.9467833430663,False
17.550000000000285,Blue,2,392.15746300006373,545.9856395755048,298.52289320076346,322.22703025008593,1.0,0.0,0.37510765046085837,802.6660049778944,False
17.550000000000285,Gold,2,591.7622827115731,587.0984747514843,277.32732885029384,331.31868462171855,1.0,0.0,0.22601214934458724,594.6882068248423,False
17.56666666666695,Blue,2,387.2310943967726,544.0050709164572,299.22652384951476,318.5754783144766,0.0,0.0,0.35821478495703474,807.974790211759,False
17.56666666666695,Gold,2,586.3074661091696,586.7804282822785,277.7454067187475,327.84484104641945,0.0,0.0,0.21605565655912073,600.1520838549205,False
17.583333333333616,Blue,2,382.322319072645,541.9618708159778,300.1074395229884,319.0214265533084,1.0,0.0,0.4458058595463825,813.5834886939614,False
17.583333333333616,Gold,2,580.8441060611564,586.42166274437,278.2700650105672,328.5076203248624,1.0,0.0,0.2695790691333819,605.62720623303,False
17.600000000000282,Blue,2,377.4916313075255,539.8907213332093,300.9384763165738,315.3581076658251,0.0,0.0,0.4208689061258184,818.8388608913698,False
17.600000000000282,Gold,2,575.372757572061,586.0214670892977,278.7639775105411,329.1578938219037,1.0,0.0,0.25405941472665106,611.3321560436058,False
17.616666666666948,Blue,2,372.68128815430396,537.7549922370762,301.8401272410197,315.7889549774238,1.0,0.0,0.45392373235627304,824.4077002559238,False
17.616666666666948,Gold,2,569.8939272581524,585.5793936703899,279.231545721152,329.79817746420105,1.0,0.0,0.2407672606503226,616.8287041535607,False
17.633333333333614,Blue,2,367.89282023758597,535.5542000484294,302.69111147251687,316.2000640249233,1.0,0.0,0.4287151807680267,829.6771178979712,False
17.633333333333614,Gold,2,564.4759607406233,585.1063414086149,279.7385756100285,326.3147294542086,0.0,0.0,0.2613644467284537,622.4867162206142,False
17.65000000000028,Blue,2,363.18535295943053,533.3255948138659,303.61195606039905,312.50111372464056,0.0,0.0,0.46421898987511057,834.8836785767969,False
17.65000000000028,Gold,2,559.0509512453974,584.590125128378,280.2213994137309,326.9708644154429,1.0,0.0,0.24745839597145292,627.9359150637619,False
17.666666666666945,Blue,2,358.5026100284083,531.0303934917457,304.48781519366463,312.8988809209182,1.0,0.0,0.4389100622045987,840.4221052686166,False
17.666666666666945,Gold,2,553.6193849338273,584.0305271488747,280.6801414590056,327.6190241489844,1.0,0.0,0.2353703514557708,633.3962081118414,False
17.68333333333361,Blue,2,353.90198262500417,528.7083408762003,305.31945257079326,309.2049855282626,0.0,0.0,0.4170168620294987,845.5739547336829,False
17.68333333333361,Gold,2,548.2492865090229,583.4403414916957,281.18120589626403,324.145946029397,0.0,0.0,0.2573601307580944,639.0187108633368,False
17.700000000000276,Blue,2,349.3291993953767,526.3182211702177,306.36313333429405,309.5849919274476,1.0,0.0,0.5202466497795335,851.0757979815077,False
17.700000000000276,Gold,2,542.8730561618803,582.8058258310476,281.65962307749993,324.81266343682125,1.0,0.0,0.244326957404148,644.4320910068426,False
17.716666666666942,Blue,2,344.78625068674035,523.8594955528238,307.34396718458663,309.9376915951797,1.0,0.0,0.48921702668119593,856.2397419857153,False
17.716666666666942,Gold,2,537.4911676635306,582.126897997882,282.11541222332016,325.4725802901648,1.0,0.0,0.23302588490976817,649.8566338817127,False
17.733333333333608,Blue,2,340.32939975752726,521.3740497242668,308.40171105540935,306.18207037465237,0.0,0.0,0.5278764381558716,861.3390590457287,False
17.733333333333608,Gold,2,532.1042022444282,581.4031317924828,282.615837244871,326.12212774980634,1.0,0.0,0.2561240937221996,655.5135796986127,False
17.750000000000274,Blue,2,335.9061842745386,518.8184622383933,309.4040705042606,306.50465801493743,1.0,0.0,0.4972407460261721,866.8133707751956,False
17.750000000000274,Gold,2,526.7796426446566,580.6498968967652,283.09160300271617,322.65441553266425,0.0,0.0,0.24376363972003645,660.8910965245235,False
17.76666666666694,Blue,2,331.518208698718,516.1928345166903,310.35238263766144,306.8121609602608,1.0,0.0,0.47067157760872647,871.9228425361765,False
17.76666666666694,Gold,2,521.4504865392576,579.8509513137533,283.6151020822216,323.32273013998696,1.0,0.0,0.2666972373586134,666.2797721091532,False
17.783333333333605,Blue,2,327.2191720756987,513.5423406615772,311.39289181048827,303.02574283943585,0.0,0.0,0.5166847971846273,877.3641864727978,False
17.783333333333605,Gold,2,516.1172991374065,579.0060308796201,284.111423334268,323.9821017460789,1.0,0.0,0.25312847905248503,671.9034449022446,False
17.80000000000027,Blue,2,322.95869956821315,510.82121317050564,312.38386629325043,303.31860957570603,1.0,0.0,0.48913130202559074,882.4156287418203,False
17.80000000000027,Gold,2,510.78058309757864,578.1150672634617,284.5846356482895,324.6346797836994,1.0,0.0,0.2416038586205893,677.3140228085192,False
17.816666666666936,Blue,2,318.78975360108024,508.0759644160801,313.62252724879465,299.4985881802711,0.0,0.0,0.61167012712162,887.8263323760267,False
17.816666666666936,Gold,2,505.50734594022686,577.195550781132,285.10507964498623,321.16840822880596,0.0,0.0,0.26600339780481974,682.8941702103292,False
17.833333333333602,Blue,2,314.6646640392458,505.25840177832185,314.79112979122453,299.7300171805449,1.0,0.0,0.5735962539176214,892.8180593515665,False
17.833333333333602,Gold,2,500.2311059817424,576.2292066307992,285.6034079229554,321.8401852146588,1.0,0.0,0.2532576727270026,688.2581187511964,False
17.850000000000268,Blue,2,310.63424405476593,502.41752014459917,316.05065917938055,295.8608073895942,0.0,0.0,0.6184525513623207,898.1997421647292,False
17.850000000000268,Gold,2,494.95236245843336,575.2160359698416,286.07959083220504,322.5057095667776,1.0,0.0,0.24226893538311955,693.633171431693,False
17.866666666666934,Blue,2,306.6527869707333,499.5034020730853,317.24021844487027,296.0383500970497,1.0,0.0,0.5805506743543631,903.1299518642575,False
17.866666666666934,Gold,2,489.73764461502964,574.1753123149417,286.6055117818763,319.0532815751191,0.0,0.0,0.2678658342265301,699.1822761296411,False
17.8833333333336,Blue,2,302.7222811515481,496.51653361696646,318.3620224041743,296.1974561128151,1.0,0.0,0.547636001237013,908.0585458693655,False
17.8833333333336,Gold,2,484.52097706799475,573.087052432381,287.10996260976026,319.7382484561426,1.0,0.0,0.25548649531218715,704.5112454933319,False
17.900000000000265,Blue,2,298.8909084723757,493.508916319554,319.76712195973386,292.25099194331705,0.0,0.0,0.68610495748392,913.4196765867603,False
17.900000000000265,Gold,2,479.3687956349944,571.971161982668,287.7382281201802,316.298381360909,0.0,0.0,0.31854945685992675,709.7827599487416,False
17.91666666666693,Blue,2,295.1168296086366,490.42770161153584,321.08962714671526,292.32721263656936,1.0,0.0,0.6417990819710901,918.283569946507,False
17.91666666666693,Gold,2,474.21578895566495,570.8058342891318,288.3329663788566,316.98782199625794,1.0,0.0,0.2998690428891102,715.302589948709,False
17.933333333333596,Blue,2,291.40363436714705,487.2729089570076,322.51415595127264,292.3455628877384,1.0,0.0,0.6913923672271629,923.6861165835951,False
17.933333333333596,Gold,2,469.06267737568965,569.590716319615,288.89484758528863,317.66626243254785,1.0,0.0,0.28361930642813604,720.5969842367452,False
17.950000000000262,Blue,2,287.75417541193946,484.0450839460213,323.84856927098235,292.3262866768165,1.0,0.0,0.6476735278237165,928.5487485503909,False
17.950000000000262,Gold,2,463.97514523717103,568.348090419226,289.50551731645965,314.22534684458384,0.0,0.0,0.30858583732369027,725.8336940034801,False
17.966666666666928,Blue,2,284.21110752947556,480.80112934259313,325.2948901336731,288.22848117398115,0.0,0.0,0.701968087499079,933.9291732107131,False
17.966666666666928,Gold,2,458.8884933974888,567.0544259523006,290.08603496733184,314.91481528829723,1.0,0.0,0.2917188847890131,731.3254872802528,False
17.983333333333594,Blue,2,280.7376109898834,477.4848607748857,326.6602246021002,288.14256111411464,1.0,0.0,0.6584522222841933,938.7218309249808,False
17.983333333333594,Gold,2,453.8033752487297,565.7096233791198,290.636813866252,315.59612477281996,1.0,0.0,0.2770832861882795,736.5851867652021,False
18.00000000000026,Blue,2,277.3385119757666,474.0965392014123,328.3469101800312,287.9662304766415,1.0,0.0,0.8133201013403841,944.1483843550685,False
18.00000000000026,Gold,2,448.7847147943061,564.3381197879971,291.24182262737696,312.16135168551466,0.0,0.0,0.30470068064082056,742.0384258716307,False
18.016666666666925,Blue,2,274.01760592007435,470.63704428060123,329.9175993456565,287.72813504463596,1.0,0.0,0.7571796724141109,948.9325302073943,False
18.016666666666925,Gold,2,443.76851053364487,562.9145775523401,291.8187677699793,312.8571553488138,1.0,0.0,0.28896030353624624,747.252634727894,False
18.03333333333359,Blue,2,270.8119794467353,467.1677643795444,331.59753466574654,283.41312394879964,0.0,0.0,0.8095451297687468,954.3411241695388,False
18.03333333333359,Gold,2,438.7553830045676,561.4390317636021,292.3679261412914,313.54626260065527,1.0,0.0,0.27535186222596053,752.4778043947235,False
18.050000000000257,Blue,2,267.69191833880734,463.62907842311074,333.1751310188984,283.06445664490445,1.0,0.0,0.7551815549461267,959.047033569905,False
18.050000000000257,Gold,2,433.8094708688137,559.9379470589903,292.97610510825456,310.12108558119746,0.0,0.0,0.3052842550307737,757.906407918371,False
18.066666666666922,Blue,2,264.66140680021897,460.02247340779456,334.8709475059549,282.6477661671429,1.0,0.0,0.8113372336309546,963.7367519273189,False
18.066666666666922,Gold,2,428.86755894861494,558.3841179913081,293.5574926414118,310.8259344309567,1.0,0.0,0.29023197486744934,763.0865255991325,False
18.083333333333588,Blue,2,261.7234205975119,456.3498290792298,336.4551848705931,282.19193016309106,1.0,0.0,0.7574685403317503,969.1944377375548,False
18.083333333333588,Gold,2,423.9936141479483,556.8047265129915,294.2887923724421,307.40744184585145,0.0,0.0,0.36548235776356464,768.2089828730301,False
18.100000000000254,Blue,2,258.8800924305772,452.6132830475601,337.9433436285055,281.7208702279873,1.0,0.0,0.7110325382930931,973.8659132689868,False
18.100000000000254,Gold,2,419.1254426196004,555.170554677603,294.9792961250498,308.1081008691224,1.0,0.0,0.3432089846765187,773.6149498827834,False
18.11666666666692,Blue,2,256.1344478886516,448.81494735284133,339.57259942136216,281.2068718957094,1.0,0.0,0.7778850293689032,979.3776401657593,False
18.11666666666692,Gold,2,414.26397555479645,553.4812822135874,295.6301243587587,308.7960694819113,1.0,0.0,0.323851125031549,778.7607430678222,False
18.133333333333585,Blue,2,253.48862532362492,444.95715642629517,341.10299807687477,280.67515095349347,1.0,0.0,0.7301099622761242,984.9483350254069,False
18.133333333333585,Gold,2,409.4719998033655,551.7667385120872,296.3413924389501,305.3681223441009,0.0,0.0,0.35431577190702157,784.1326934445927,False
18.15000000000025,Blue,2,250.94565929154032,441.04228308613614,342.7770087735566,280.0972585288311,1.0,0.0,0.7979725711206385,989.5996737834638,False
18.15000000000025,Gold,2,404.6882672160287,549.9958045097771,297.01612786378945,306.0606099250114,1.0,0.0,0.3342823520384428,789.2331948440467,False
18.166666666666917,Blue,2,248.50930148236802,437.0728519545,344.58080171286673,279.44946301473294,1.0,0.0,0.8590769052843612,995.2318593547276,False
18.166666666666917,Gold,2,399.9136021157728,548.1684455114213,297.6551133731204,306.7441993298398,1.0,0.0,0.3169203511858143,794.3439890869696,False
18.183333333333582,Blue,2,246.18219522953257,433.0515979896327,346.2677183543077,278.76381591413354,1.0,0.0,0.8026173063648265,999.8596880333785,False
18.183333333333582,Gold,2,395.2096229343137,546.3168683694437,298.36250188545796,303.31621946124363,0.0,0.0,0.3512292411686637,799.6965482232415,False
18.200000000000248,Blue,2,243.96772726539137,428.98144184939355,348.08827697772057,278.0146430181018,1.0,0.0,0.8652954363137013,1005.554401203179,False
18.200000000000248,Gold,2,390.5161554311253,544.4079600793417,299.0359238688703,304.0086265694127,1.0,0.0,0.33254503233797905,804.7621931961653,False
18.216666666666914,Blue,2,241.86818080562566,424.8654250878527,349.7920699587234,277.2343440932226,1.0,0.0,0.8088719813074725,1010.1556848838942,False
18.216666666666914,Gold,2,385.8945421573321,542.474782713832,299.88759237725077,300.5783463998575,0.0,0.0,0.4210283389366012,810.0844848110372,False
18.23333333333358,Blue,2,239.88658507643396,420.7068150566995,351.63102960426147,276.3959704673199,1.0,0.0,0.8720037494257902,1015.9128034581327,False
18.23333333333358,Gold,2,381.28601954638117,540.4820477372443,300.68939397572376,301.25421828287216,1.0,0.0,0.3942274519249622,815.1045618980531,False
18.250000000000245,Blue,2,238.0248693561532,416.50891402381785,353.3525542883571,275.53237671466843,1.0,0.0,0.8152762920008101,1020.4849731670148,False
18.250000000000245,Gold,2,376.6917852503018,538.4294507105453,301.4430176603935,301.91474948506306,1.0,0.0,0.37093568876820626,820.1341811283255,False
18.26666666666691,Blue,2,236.28569168518956,412.2752902301542,355.2086506423042,274.6159387778373,1.0,0.0,0.8778524767948959,1026.302634244172,False
18.26666666666691,Gold,2,372.1715033667699,536.3530192542818,302.2691576254214,298.4631589274129,0.0,0.0,0.4070537817982647,825.4404761931243,False
18.283333333333577,Blue,2,234.67061656408455,408.0094618933378,356.9461694254809,273.67998203301994,1.0,0.0,0.8206271819727782,1032.1827839521454,False
18.283333333333577,Gold,2,367.72533942848446,534.2529133023112,303.0509595985479,295.03177386885625,0.0,0.0,0.38311341488964246,830.3560930429696,False
18.300000000000242,Blue,2,233.1819041746083,403.71524883579315,358.8157430907615,272.6967350442635,1.0,0.0,0.8817436296851646,1036.7176288838623,False
18.300000000000242,Gold,2,363.2966979749309,532.0906580195896,303.91427265973186,295.6984391478003,1.0,0.0,0.4207827502834718,835.2807922605765,False
18.316666666666908,Blue,2,231.82227527986083,399.3968112190041,0.7976863883657188,271.64495035525755,1.0,0.0,0.9333491106513954,1042.647036311275,False
18.316666666666908,Gold,2,358.94340568427265,529.9052062189608,304.72466434711896,292.2643872024004,0.0,0.0,0.39540160144506586,840.5058837108553,False
18.333333333333574,Blue,2,230.59320644055686,395.0581366668345,2.6443272728376925,270.5641245490825,1.0,0.0,0.8682493333275225,1047.1465360276147,False
18.333333333333574,Gold,2,354.6094506320201,527.6571298800982,305.4944305687552,292.93898517110085,1.0,0.0,0.37356796948973425,845.385081307725,False
18.35000000000024,Blue,2,229.49664241985087,390.7035530043629,4.602041175528788,269.4317455124722,1.0,0.0,0.9189723050368261,1053.1144390972768,False
18.35000000000024,Gold,2,350.35229491850095,525.3862880171877,306.4830553993426,289.4967204093769,0.0,0.0,0.4802855777830253,850.5863963052027,False
18.366666666666905,Blue,2,228.5333655414953,386.3371083017207,6.426508637965073,268.28617196602454,1.0,0.0,0.8549642143313854,1059.1207975674688,False
18.366666666666905,Gold,2,346.11788168767544,523.050916929169,307.41146493564,290.14335887853116,1.0,0.0,0.448620840451877,855.419410381953,False
18.38333333333357,Blue,2,227.70461549673894,381.96319013561873,8.358438672321135,267.10438472175304,1.0,0.0,0.9037628223864882,1063.5699403680894,False
18.38333333333357,Gold,2,341.9622515203857,520.6929588381312,308.4204995211574,286.67965119095237,0.0,0.0,0.48807021800354633,860.1924434350735,False
18.400000000000237,Blue,2,227.01186974697507,377.5865055490773,10.377074277983382,265.87018019700486,1.0,0.0,0.9426488709546845,1069.586905690829,False
18.400000000000237,Gold,2,337.83274979417365,518.268997540205,309.36862488450055,287.3014834112024,1.0,0.0,0.4561519456365808,865.3851597760398,False
18.416666666666902,Blue,2,226.45540301771314,373.2113210258509,12.250035026684328,264.6258139316697,1.0,0.0,0.8730053439771446,1075.6157133192185,False
18.416666666666902,Gold,2,333.73077977925004,515.7791433596246,310.2582567505059,287.90955982389363,1.0,0.0,0.4284221565022328,870.1785330718236,False
18.433333333333568,Blue,2,226.03454746744396,368.84144947766083,13.995995164614957,263.4054446490144,1.0,0.0,0.8122947367981332,1080.0058039518153,False
18.433333333333568,Gold,2,329.7099584812473,513.268420482288,311.2444981068495,284.41983017735356,0.0,0.0,0.47539408492412605,875.3524935525985,False
18.450000000000234,Blue,2,225.7490892052964,364.4810366007717,15.840937208642714,262.1848064913923,1.0,0.0,0.856781720761516,1086.0114108347768,False
18.450000000000234,Gold,2,325.71959376723,510.6911714311068,312.1756283350203,285.01719878224924,1.0,0.0,0.44641536732780196,880.0981405053705,False
18.4666666666669,Blue,2,225.59793902376381,360.1337136718779,17.55883521366456,260.99698636510465,1.0,0.0,0.7963321615749805,1090.3613439850183,False
18.4666666666669,Gold,2,321.8126510963366,508.09362231205716,313.366988072401,281.4982501797894,0.0,0.0,0.5717045001297194,884.7820287601928,False
18.483333333333565,Blue,2,225.58042143161921,355.8034334443113,19.367676331497186,259.81893960033113,1.0,0.0,0.837007507522074,1096.326327016243,False
18.483333333333565,Gold,2,317.94103913185637,505.42773573296233,314.480979408642,282.0404042721095,1.0,0.0,0.5316913608107363,889.9527868431418,False
18.50000000000023,Blue,2,225.69607704484082,351.49440163703554,21.245848509644755,258.63501853604794,1.0,0.0,0.8675690358491508,1102.254970136502,False
18.50000000000023,Gold,2,314.10666098146424,502.6936089846313,315.5212380172719,282.56053785714334,1.0,0.0,0.4969131355997547,894.6539186133651,False
18.516666666666897,Blue,2,225.9435512460087,347.210183562282,22.984485267454335,257.4815814232925,1.0,0.0,0.801705298023867,1106.543217659319,False
18.516666666666897,Gold,2,310.3591885038298,499.941008241094,316.66699048995736,278.98619852282945,0.0,0.0,0.5477431252709941,899.811408842412,False
18.533333333333562,Blue,2,226.3208163573007,342.95375301060176,24.60106112839284,256.3870277914047,1.0,0.0,0.7441494541822564,1112.3976679147333,False
18.533333333333562,Gold,2,306.6529149821085,497.1196637697007,317.7444360340219,279.4766769493759,1.0,0.0,0.5122743915929391,904.4615536218507,False
18.550000000000228,Blue,2,226.82623327105503,338.7283901074947,26.295685909566583,255.32899661178973,1.0,0.0,0.7788159773843866,1118.1899182215107,False
18.550000000000228,Gold,2,303.0365346156063,494.2807945073993,319.1154377607098,275.85247564084824,0.0,0.0,0.6523354413549995,909.0469319928582,False
18.566666666666894,Blue,2,227.45755483802742,334.5367590303253,27.86882479021709,254.3344585950951,1.0,0.0,0.7218552427818388,1122.4178667477415,False
18.566666666666894,Gold,2,299.4675119740225,491.3718170348527,320.3936664634809,276.2612191150201,1.0,0.0,0.6048406540213094,914.2056899256938,False
18.58333333333356,Blue,2,228.2128886256801,330.38181438825154,29.511801935909364,253.38259370777928,1.0,0.0,0.7527971906043867,1128.1127239506577,False
18.58333333333356,Gold,2,295.94812974040934,488.3931209125344,321.5838440896243,276.6428289751772,1.0,0.0,0.5635264009484935,918.8031527503617,False
18.600000000000225,Blue,2,229.0898027012366,326.26588171902006,31.034696918172262,252.4986497405511,1.0,0.0,0.696799815672323,1132.309923167026,False
18.600000000000225,Gold,2,292.52282622837106,485.39966264311533,322.890834863633,272.9406302059228,0.0,0.0,0.6191948097547844,923.9543765421352,False
18.61666666666689,Blue,2,230.08619430654394,322.19156354055684,32.62005273033365,251.66309515250146,1.0,0.0,0.7244369596819631,1137.9014356048137,False
18.61666666666689,Gold,2,289.1519624438501,482.33668063735746,324.1165287376392,273.2773190680291,1.0,0.0,0.5774245857325475,928.4959259546782,False
18.633333333333557,Blue,2,231.1994896906416,318.160830831752,34.08743419819525,250.89925869858078,1.0,0.0,0.669706044536408,1143.409423916971,False
18.633333333333557,Gold,2,285.8385259884857,479.20455026919115,325.465811619098,273.57040489230377,1.0,0.0,0.6359716257128625,933.7098600043176,False
18.650000000000222,Blue,2,232.4267889134973,314.175108163598,35.45140111839727,250.22408927097908,1.0,0.0,0.6218113658670497,1147.5582837336801,False
18.650000000000222,Gold,2,282.58480865859036,476.00406061512547,326.7237351793302,273.8381232756205,1.0,0.0,0.5931736683681557,938.2597613514778,False
18.666666666666888,Blue,2,233.76559042160676,310.23616234261965,36.88129952818791,249.61502593271265,1.0,0.0,0.6512242176675489,1152.9595240580004,False
18.666666666666888,Gold,2,279.4313851842103,472.7937701100366,328.3254909685768,270.00029823873575,0.0,0.0,0.7556143179228627,942.7391679254711,False
18.683333333333554,Blue,2,235.21308518548813,306.34520652168504,38.207193480783815,249.08874292296557,1.0,0.0,0.6033191393921733,1157.0900702823774,False
18.683333333333554,Gold,2,276.345227203241,469.51526701588165,329.81647178996553,270.15298080676814,1.0,0.0,0.6992878018225959,947.9631101464721,False
18.70000000000022,Blue,2,236.76681405820338,302.5037720536415,39.59062847665771,248.6252035813248,1.0,0.0,0.6290177587786179,1162.388622401856,False
18.70000000000022,Gold,2,273.3289336843611,466.1696568675661,331.20256220436744,270.2740865928026,1.0,0.0,0.650242618440295,952.4451678052786,False
18.716666666666885,Blue,2,238.424038417281,298.71283866696825,40.87084710931615,248.2403002468583,1.0,0.0,0.5816934602715591,1166.5058031271217,False
18.716666666666885,Gold,2,270.38589389687723,462.75793077772823,332.72193716892315,270.34217053589043,1.0,0.0,0.7128992405143428,957.7378453657092,False
18.73333333333355,Blue,2,240.18184284211225,294.97292308633837,42.06058616308876,247.9448362162442,1.0,0.0,0.5402785039046751,1171.70829135002,False
18.73333333333355,Gold,2,267.5186363693753,459.2814479600524,334.13626311489037,270.3803887825481,1.0,0.0,0.6636778002689177,962.219933522762,False
18.750000000000217,Blue,2,242.03721429054494,291.2841587083974,43.17090540017204,247.74541176669814,1.0,0.0,0.5039954025928282,1175.817945313348,False
18.750000000000217,Gold,2,264.75883298815575,455.8041431089971,335.6905654656131,266.3632659144054,0.0,0.0,0.7294043043486482,967.5211443326275,False
18.766666666666882,Blue,2,243.98755799132095,287.64711264724633,44.347507729574104,247.61865957057398,1.0,0.0,0.5339272273054778,1180.9333159803325,False
18.766666666666882,Gold,2,262.0803153877054,452.2643780865123,337.146856806394,266.33778293960626,1.0,0.0,0.6792934784692015,971.9363147018904,False
18.783333333333548,Blue,2,246.03015252334342,284.0619414362024,45.44130203866436,247.5728622549065,1.0,0.0,0.49625824828974174,1185.0407793396703,False
18.783333333333548,Gold,2,259.48636705224254,448.6637696516793,338.7472392312488,266.26043011485575,1.0,0.0,0.7464768754534568,977.3144499915584,False
18.800000000000214,Blue,2,248.16262639835148,280.52918813383576,46.59177932069616,247.58846217606165,1.0,0.0,0.5219406492738354,1190.0783952409608,False
18.800000000000214,Gold,2,256.9793458167267,445.00420259045507,340.2373416127113,266.15655465031915,1.0,0.0,0.6949576355589002,981.7251641555014,False
18.81666666666688,Blue,2,250.38247138093848,277.04897168717736,47.65815676020153,247.674434983326,1.0,0.0,0.4837978146427133,1194.188262631114,False
18.81666666666688,Gold,2,254.56249713573172,441.28758255902903,341.8756036907526,265.9998481529054,1.0,0.0,0.7639377623374664,987.1848047810324,False
18.833333333333545,Blue,2,252.68748005031966,273.621763946199,48.77393143472988,247.81393083658367,1.0,0.0,0.5062719955614945,1199.1578108225476,False
18.833333333333545,Gold,2,252.23810853138036,437.5160331011524,343.40174511223665,265.8167107427455,1.0,0.0,0.7114876802895971,991.5887945252246,False
18.85000000000021,Blue,2,255.07530971902094,270.2476091470239,49.80577850539708,248.01601578909032,1.0,0.0,0.46828592667519686,1203.274131816101,False
18.85000000000021,Gold,2,250.00936394253446,433.6917570176301,345.0787038384554,265.57975077011815,1.0,0.0,0.781584270630777,997.133564661224,False
18.866666666666877,Blue,2,257.543545366183,266.92620464818356,50.76417489951979,248.2863149620197,1.0,0.0,0.43507986654831576,1207.4026057028232,False
18.866666666666877,Gold,2,247.8784577440284,429.81712072563477,346.64141121684116,265.31649673452955,1.0,0.0,0.7280764065164611,1001.5285742356702,False
18.883333333333542,Blue,2,260.08974736800553,263.65697094847576,51.65820064604314,248.6276754961208,1.0,0.0,0.40601788768323743,1212.312856907365,False
18.883333333333542,Gold,2,245.84847469184263,425.89463028513956,348.3561202370086,264.9987637944308,1.0,0.0,0.7985802142542688,1007.1606817398549,False
18.900000000000208,Blue,2,262.71148742094914,260.4391119108444,52.49574658534567,249.0407510601191,1.0,0.0,0.3805574626125825,1216.4540316922598,False
18.900000000000208,Gold,2,243.9214814286805,421.92689582536025,349.95429026671985,264.65523083161094,1.0,0.0,0.7439514224604302,1011.5444670519878,False
18.916666666666874,Blue,2,265.40667859453805,257.27231382222993,53.394239797836356,249.50670561425255,1.0,0.0,0.4084966415026283,1221.319329340153,False
18.916666666666874,Gold,2,242.10041448390666,417.9167262700287,351.70411492302344,264.2572247782109,1.0,0.0,0.8141284887833109,1017.2642185807831,False
18.93333333333354,Blue,2,268.1732022162506,254.15599704589204,54.231600676842845,250.02859740422463,1.0,0.0,0.3809624587706235,1225.4769995109928,False
18.93333333333354,Gold,2,240.38716922722915,413.8669693574543,353.3350712760669,263.83454151740335,1.0,0.0,0.7583720845522848,1023.065629314784,False
18.950000000000205,Blue,2,271.0092200503095,251.0900028296292,55.12126844770679,250.59118835531024,1.0,0.0,0.4050689453174563,1230.3066329073179,False
18.950000000000205,Gold,2,238.78447697440475,409.7807263969806,355.11577293675487,263.3583383176322,1.0,0.0,0.8274788229436254,1027.4398840503466,False
18.96666666666687,Blue,2,273.9128376620576,248.07387555784865,55.947334177822654,251.198861934913,1.0,0.0,0.37642062825260325,1234.483802907478,False
18.96666666666687,Gold,2,237.29566595585788,405.66141872231265,357.02564857770136,262.8058490275456,1.0,0.0,0.8868741925584516,1033.3219178037957,False
18.983333333333537,Blue,2,276.8823970428882,245.1075370620296,56.819381396826266,251.8388555346568,1.0,0.0,0.39772741390620325,1238.6763322309048,False
18.983333333333537,Gold,2,235.9228281726154,401.51241773888756,358.79783675064846,262.2136797774253,1.0,0.0,0.8222592578056229,1037.6778700777681,False
19.000000000000203,Blue,2,279.916171810892,242.19059417789148,57.6268595317486,252.51622220420148,1.0,0.0,0.36862429254757423,1243.4853574750198,False
19.000000000000203,Gold,2,234.66865701476226,397.33743189894756,0.6989756024311191,261.5576942183202,1.0,0.0,0.8813114284773746,1043.6314290331757,False
19.01666666666687,Blue,2,283.0124050351421,239.322404968472,58.37793219079646,253.23390427020152,1.0,0.0,0.34321559441128,1247.7009460744287,False
19.01666666666687,Gold,2,233.53466389489407,393.14001428978156,2.4641359088841206,260.87414194189876,1.0,0.0,0.8174767768496025,1047.9659528215002,False
19.033333333333534,Blue,2,286.169337729306,236.5021350720915,59.07966767007869,253.99316283333283,1.0,0.0,0.3210085104266689,1252.49216225874,False
19.033333333333534,Gold,2,232.52294498231043,388.92407100813483,4.355505957064183,260.1382526344597,1.0,0.0,0.8750363512676795,1053.9794404873628,False
19.0500000000002,Blue,2,289.3852301304594,233.72880538453046,59.738203345927566,254.79395081149863,1.0,0.0,0.3015834698378832,1256.733454674369,False
19.0500000000002,Gold,2,231.63594421991135,384.6938680044904,6.351027228622545,259.3318262310655,1.0,0.0,0.9222123836613143,1060.0425663283047,False
19.066666666666865,Blue,2,292.65859008490906,231.00190304368894,60.45115109688578,255.6231099966786,1.0,0.0,0.3268873888210013,1260.991551303303,False
19.066666666666865,Gold,2,230.874835442777,380.4533634891557,8.196585703832671,258.49602398245554,1.0,0.0,0.851887928725402,1064.346697717949,False
19.08333333333353,Blue,2,295.9879096277726,228.3207158231367,61.116443876530035,256.48251540509494,1.0,0.0,0.3054107327321596,1265.7833795806876,False
19.08333333333353,Gold,2,230.24116740210496,376.2068641616022,10.145044629068558,257.6110444232806,1.0,0.0,0.8982716467878546,1070.437706322247,False
19.100000000000197,Blue,2,299.3716863402408,225.684380197394,61.740095033064605,257.372798362702,1.0,0.0,0.28665815142114504,1270.0702503121267,False
19.100000000000197,Gold,2,229.73533873848592,371.9582683132233,11.94795467040673,256.71607965081637,1.0,0.0,0.8300826469685418,1076.5493273118848,False
19.116666666666863,Blue,2,302.80863096769286,223.09247290892313,62.41494438514419,258.282903714359,1.0,0.0,0.31059968873362465,1274.858963135156,False
19.116666666666863,Gold,2,229.35684730718833,367.7110553182068,13.624380939651921,255.84265938066477,1.0,0.0,0.7708269874617333,1080.8132699402474,False
19.13333333333353,Blue,2,306.29743133290617,220.54437000782045,63.044293787875,259.21497444884227,1.0,0.0,0.2900488369012866,1279.1760867830244,False
19.13333333333353,Gold,2,229.10574703507496,363.4690808637706,15.415139423929363,254.96398770704718,1.0,0.0,0.8223358389935953,1086.915487528083,False
19.150000000000194,Blue,2,309.83695157151163,218.0398362667645,63.71908245607476,260.1599777185315,1.0,0.0,0.31142046431757997,1283.5109366998352,False
19.150000000000194,Gold,2,228.98123036494667,359.23572264499035,17.078114853370238,254.1113424362541,1.0,0.0,0.7626673241347302,1093.00456734722,False
19.16666666666686,Blue,2,313.42601596714167,215.57840259255568,64.34608689563754,261.1209303878764,1.0,0.0,0.28977386914819725,1288.3154288334372,False
19.16666666666686,Gold,2,228.98298233787398,355.01472681658305,18.845879944761478,253.2597715197333,1.0,0.0,0.809707826214213,1097.2234595917857,False
19.183333333333525,Blue,2,317.0634320281508,213.1594184006033,64.93142909985292,262.0996154871099,1.0,0.0,0.27090613433452404,1292.6822230319651,False
19.183333333333525,Gold,2,229.11096262927188,350.8101396817345,20.6945495418718,252.39206593368448,1.0,0.0,0.845705060053433,1103.262696719254,False
19.20000000000019,Blue,2,320.7481686318897,210.78262317678346,65.56192936129554,263.08778335312684,1.0,0.0,0.2922315010078158,1297.493970720436,False
19.20000000000019,Gold,2,229.36421499076386,346.62540068365956,22.401057128809924,251.54371005095305,1.0,0.0,0.7796758647324928,1109.254345956189,False
19.216666666666857,Blue,2,324.4791608788747,208.44753875241642,66.14824501924151,264.0880926841312,1.0,0.0,0.2721529681335433,1301.893464373373,False
19.216666666666857,Gold,2,229.74109023331891,342.46338725465256,23.98364598614715,250.74251062408192,1.0,0.0,0.7221596824367094,1113.4235193599875,False
19.233333333333523,Blue,2,328.2553301858297,206.15351866093698,66.69603984546218,265.1021277425741,1.0,0.0,0.254652624620995,1306.3112206214346,False
19.233333333333523,Gold,2,230.24037449686543,338.32733060087304,25.656045808456472,249.9649933665831,1.0,0.0,0.7622460625467564,1119.3309655885985,False
19.25000000000019,Blue,2,332.0757444440818,203.9003049977845,67.2886114149312,266.1224020996785,1.0,0.0,0.2758859476300266,1311.1494726898225,False
19.25000000000019,Gold,2,230.86021441309595,334.2198693884847,27.204619154561584,249.23800047123373,1.0,0.0,0.7050054065531537,1123.4742775388615,False
19.266666666666854,Blue,2,335.93944154155645,201.68743359422794,67.84000142394983,267.1513398711763,1.0,0.0,0.2571054374726316,1315.6010334532928,False
19.266666666666854,Gold,2,231.59914518392617,330.1439775178668,28.833720769744183,248.53991150351655,1.0,0.0,0.7408786308947555,1129.2853961893952,False
19.28333333333352,Blue,2,339.84544717576495,199.51428103637525,68.35549509863695,268.19041629971207,1.0,0.0,0.24073873427467696,1320.0707172399648,False
19.28333333333352,Gold,2,232.4551234817791,326.10201634391126,30.340076470392198,247.8962208694862,1.0,0.0,0.6843582032445781,1135.0131056754913,False
19.300000000000185,Blue,2,343.7927882968588,197.3801042147732,68.83967958857336,269.24034889984654,1.0,0.0,0.22647038822675647,1324.940224635561,False
19.300000000000185,Gold,2,233.42645878339644,322.09666532202357,31.918600823636254,247.2868469533663,1.0,0.0,0.7164719512902202,1139.1121058320084,False
19.31666666666685,Blue,2,347.7805031678912,195.28407348020556,69.29654976958763,270.30126347921185,1.0,0.0,0.21403236140212556,1329.4448415314464,False
19.31666666666685,Gold,2,234.5109462514301,318.12998185367127,33.376274278365706,246.73566200109212,1.0,0.0,0.6610316022912777,1144.728578127849,False
19.333333333333517,Blue,2,351.80777211997315,193.2257937861579,69.80285924237204,271.36594819688764,1.0,0.0,0.23757297694317714,1334.3325803645757,False
19.333333333333517,Gold,2,235.70601735047282,314.20348371674754,34.728340097514476,246.26022249587388,1.0,0.0,0.6126480133183865,1148.810335709461,False
19.350000000000183,Blue,2,355.8737636955715,191.20472443175592,70.27738531782632,272.43573881064526,1.0,0.0,0.2230175351544652,1338.8723957892716,False
19.350000000000183,Gold,2,237.00952309532576,310.319068908568,36.15595475990148,245.83754852326513,1.0,0.0,0.6464330750949845,1154.3154021879832,False
19.36666666666685,Blue,2,359.9776461258148,189.22021545184978,70.72424986602506,273.5113467725146,1.0,0.0,0.2103571374120108,1343.430784619906,False
19.36666666666685,Gold,2,238.41896604024348,306.4780821793591,37.476982611522246,245.48513292697274,1.0,0.0,0.5978021273832255,1158.3843211249696,False
19.383333333333514,Blue,2,364.118708368376,187.27202422242337,71.21820279770016,274.58667853238836,1.0,0.0,0.23290258363627103,1348.3560939599047,False
19.383333333333514,Gold,2,239.93221228629693,302.68221940618497,38.86405194334481,245.18270375022425,1.0,0.0,0.6273661554344798,1163.7806478969142,False
19.40000000000018,Blue,2,368.29622091023475,185.3597471675461,71.68063982991143,275.6633680037831,1.0,0.0,0.21839852675023863,1352.950073797809,False
19.40000000000018,Gold,2,241.54680655976733,298.9326195308102,40.14507304204079,244.9471167742182,1.0,0.0,0.5791463093095253,1167.8409291357245,False
19.416666666666845,Blue,2,372.50944763892585,183.48285787510818,72.11568865287212,276.74243328469043,1.0,0.0,0.20580006665054285,1357.5624247384662,False
19.416666666666845,Gold,2,243.26008138759877,295.2299524840412,41.33337880264105,244.7901019683534,1.0,0.0,0.5370460892839972,1173.1341231245276,False
19.43333333333351,Blue,2,376.75775670422865,181.64121940022721,72.59627891346557,277.81854486586116,1.0,0.0,0.22771709134459428,1362.5274275958798,False
19.43333333333351,Gold,2,245.06924161417078,291.5744985896486,42.44051518272365,244.71913296263267,1.0,0.0,0.5002480798136695,1177.190941718753,False
19.450000000000177,Blue,2,381.0404948451164,179.83452487701865,73.04600246868648,278.89347052411404,1.0,0.0,0.21344140119969346,1367.1754542988824,False
19.450000000000177,Gold,2,246.9719285216197,287.96700447265613,43.622744056670506,244.71050770019374,1.0,0.0,0.5341227909085298,1182.3892745047035,False
19.466666666666843,Blue,2,385.357094146039,178.0628169567862,73.53764620292655,279.96271631348054,1.0,0.0,0.23372021956864408,1371.8414989785854,False
19.466666666666843,Gold,2,248.96562409178247,284.40779481123286,44.71987524093788,244.77349445076757,1.0,0.0,0.49567003745228,1186.4473645241792,False
19.48333333333351,Blue,2,389.7069566147875,176.325934927055,73.99603328851042,281.02851395548385,1.0,0.0,0.2182671087436514,1376.8474747976663,False
19.48333333333351,Gold,2,251.04817177818236,280.89760749461317,45.88119850731665,244.8883654034917,1.0,0.0,0.5247192057390713,1191.5598006059745,False
19.500000000000174,Blue,2,394.08946748477763,174.62355858642238,74.42554017841881,282.09245333865164,1.0,0.0,0.20484957611799715,1381.5489399946812,False
19.500000000000174,Gold,2,253.21724536407902,277.4367409954202,46.95579475848181,245.06512956064196,1.0,0.0,0.4856144634205499,1195.623215967728,False
19.51666666666684,Blue,2,398.50408987801734,172.9557219462658,74.89725307250868,283.1502282522681,1.0,0.0,0.22534691404343832,1386.5794941976842,False
19.51666666666684,Gold,2,255.4708264216216,274.02586831387964,48.086197214812536,245.28686902755354,1.0,0.0,0.5109647115238953,1200.659289078853,False
19.533333333333506,Blue,2,402.9502614678794,171.322263657668,75.33751579709539,284.20390573232385,1.0,0.0,0.21066469484761896,1391.3159047015752,False
19.533333333333506,Gold,2,257.80672963443857,270.66521663233453,49.129851646497535,245.5636877870072,1.0,0.0,0.4719048882623955,1204.7316041919078,False
19.55000000000017,Blue,2,407.42740624840246,169.72286929078632,75.75046799948213,285.25496632956464,1.0,0.0,0.19791741532212015,1396.070137136025,False
19.55000000000017,Gold,2,260.2226714572359,267.3546496950693,50.09773996358381,245.90213910032767,1.0,0.0,0.43782218612015456,1209.7014612861228,False
19.566666666666837,Blue,2,411.9350181356431,168.15758082243502,76.20575294056572,286.29930928056416,1.0,0.0,0.21856030243307067,1401.1431762035436,False
19.566666666666837,Gold,2,262.71632245687164,264.0937394697972,50.99936084314813,246.30588888406234,1.0,0.0,0.40804705401127883,1213.7866590200379,False
19.583333333333503,Blue,2,416.4725691119042,166.62624981965254,76.6310545588974,287.3388880887907,1.0,0.0,0.20449629249440449,1405.9319736114155,False
19.583333333333503,Gold,2,265.285690042507,260.88252255417177,51.96382875937991,246.75662084232755,1.0,0.0,0.43674628644626345,1217.8872289939536,False
19.60000000000017,Blue,2,421.0395197671121,165.12857860450387,77.03032419626707,288.37511418435423,1.0,0.0,0.19228837249210073,1410.7382254402512,False
19.60000000000017,Gold,2,267.92870418399116,257.72070681597313,52.85858100402928,247.259719832936,1.0,0.0,0.405442479970036,1222.8024718763052,False
19.616666666666834,Blue,2,425.6353925407477,163.66462675198488,77.47197775805111,289.40408718706806,1.0,0.0,0.21304221925276678,1415.8541563629228,False
19.616666666666834,Gold,2,270.64326178230556,254.6077388535591,53.6924028246316,247.81810458983156,1.0,0.0,0.3781099111985107,1226.9207530438214,False
19.6333333333335,Blue,2,430.2596908640373,162.2342663937195,77.88486944957141,290.42767887064895,1.0,0.0,0.1994865021059269,1420.6945195338876,False
19.6333333333335,Gold,2,273.42756289767925,251.54352570235935,54.5861143585378,248.41547007665343,1.0,0.0,0.40559797458621993,1231.7923886988908,False
19.650000000000166,Blue,2,434.91190866542274,160.83722259677438,78.27279699402186,291.44725531663124,1.0,0.0,0.18772360850590175,1425.5519651766342,False
19.650000000000166,Gold,2,276.2797441573413,248.52767408234052,55.41549319803539,249.05637144023453,1.0,0.0,0.3767298038647322,1235.931288929985,False
19.66666666666683,Blue,2,439.5915375059685,159.47310743177167,78.63907532142748,292.4637594081872,1.0,0.0,0.17752878792320104,1430.7110254718057,False
19.66666666666683,Gold,2,279.1981937757882,245.56019764271255,56.29690548094306,249.72735641610112,1.0,0.0,0.4007400072680287,1240.7683874031527,False
19.683333333333497,Blue,2,444.29807189293706,158.14144867400975,78.98661034902355,293.47778712915954,1.0,0.0,0.16871140866186884,1435.60226905101,False
19.683333333333497,Gold,2,282.1812212375978,242.6407861971166,57.112415346996244,250.43381899358855,1.0,0.0,0.37114096294772025,1244.9302346981908,False
19.700000000000163,Blue,2,449.0310645501055,156.84217676953133,79.38055049719004,294.4852748584864,1.0,0.0,0.19154191588150482,1440.5103323440862,False
19.700000000000163,Gold,2,285.22709719788486,239.76887297165123,57.8704161402053,251.17899073013052,1.0,0.0,0.3453252843888386,1249.1096582313617,False
19.71666666666683,Blue,2,453.7900603697725,155.57508181337678,79.7517329803889,295.48748708240385,1.0,0.0,0.1807612831267953,1445.7126851659243,False
19.71666666666683,Gold,2,288.3340836337042,236.94369188730124,58.57816781417681,251.9643751371279,1.0,0.0,0.3227853228050268,1253.9285530162065,False
19.733333333333494,Blue,2,458.57460251363005,154.33984607126786,80.10325334040316,296.4853168603056,1.0,0.0,0.17145504736765638,1450.6540753240265,False
19.733333333333494,Gold,2,291.5004564524322,234.16432607957609,59.241967914106056,252.79012645511253,1.0,0.0,0.30308922084059375,1258.1344894112228,False
19.75000000000016,Blue,2,463.38428043002335,153.1365336081293,80.49969467113854,297.4751504851945,1.0,0.0,0.19366834740023897,1455.6119565065987,False
19.75000000000016,Gold,2,294.7247528750769,231.43035190311366,59.965731150753946,253.6425200693162,1.0,0.0,0.33086919751620236,1262.9368081378857,False
19.766666666666826,Blue,2,468.21867372147005,151.96505116412305,80.87292296174347,298.45841688047335,1.0,0.0,0.1826122102700527,1460.8572944693158,False
19.766666666666826,Gold,2,298.0054862781448,228.74113576320565,60.64053165452143,254.52375604829246,1.0,0.0,0.30887269683295315,1267.1712146866719,False
19.78333333333349,Blue,2,473.07735842680233,150.82518301842396,81.22612519393903,299.4361688899225,1.0,0.0,0.173081556787956,1465.8478760920802,False
19.78333333333349,Gold,2,301.34116924762793,226.09588363341638,61.27259690152834,255.43473321182375,1.0,0.0,0.28968731124497005,1271.424355023327,False
19.800000000000157,Blue,2,477.9599469604952,149.71708219773004,81.62329727545116,300.4050758316465,1.0,0.0,0.19492853811713928,1471.119768285498,False
19.800000000000157,Gold,2,304.7305378709142,223.49426354005178,61.96048776309149,256.3639763870449,1.0,0.0,0.31569690544534623,1276.2285159783062,False
19.816666666666823,Blue,2,482.86604195422075,148.6407338361283,81.99718192499697,301.36665040898947,1.0,0.0,0.18378017945781622,1476.1423158006692,False
19.816666666666823,Gold,2,308.17229728340243,220.93573052262914,62.60138711095732,257.313965025017,1.0,0.0,0.2945346139806784,1280.5124510541602,False
19.83333333333349,Blue,2,487.7952423528351,147.5959914835731,82.3510012360354,302.3220325257845,1.0,0.0,0.17418183895449957,1481.1810010954537,False
19.83333333333349,Gold,2,311.6653357568029,218.42014423004088,63.29137153436332,258.27537981699084,1.0,0.0,0.31753797402635797,1285.3136359306307,False
19.850000000000154,Blue,2,492.74717475633446,146.58306916131127,82.74816085322053,303.2680764194399,1.0,0.0,0.19581387787001248,1486.4948992077775,False
19.850000000000154,Gold,2,315.2084931667127,215.94711647422307,63.93185637700688,259.2515970342269,1.0,0.0,0.2951775473597742,1289.6293122620382,False
19.86666666666682,Blue,2,497.7214572896864,145.60200641442873,83.12217877046949,304.2063362353747,1.0,0.0,0.18468107633919217,1491.5647960147846,False
19.86666666666682,Gold,2,318.8005860178416,213.51606567742715,64.52922917588609,260.2446935094769,1.0,0.0,0.2757073885835073,1293.9641286573626,False
19.883333333333486,Blue,2,502.7177052934931,144.6527055196732,83.47628076311508,305.13799942906985,1.0,0.0,0.17510783178404665,1496.6504179928975,False
19.883333333333486,Gold,2,322.4405979362964,211.1268140972379,65.17488037666911,261.24615895309586,1.0,0.0,0.29842913783004477,1298.7810589617845,False
19.90000000000015,Blue,2,507.73555373408834,143.73542386659884,83.87328984878796,306.0600447197608,1.0,0.0,0.19661708882371087,1502.0054938753265,False
19.90000000000015,Gold,2,326.1274717946287,208.77895316897283,65.77471778297597,262.2589621511935,1.0,0.0,0.27766648297405894,1303.1489213761524,False
19.916666666666817,Blue,2,512.7746311577861,142.850240289226,84.24742855918727,306.97404530613943,1.0,0.0,0.18556299465465287,1507.1215366457095,False
19.916666666666817,Gold,2,329.86029030732914,206.4724372501684,66.41815444439358,263.27593706384573,1.0,0.0,0.2982982263361187,1307.5355672440296,False
19.933333333333483,Blue,2,517.8345648462323,141.9970928425269,84.60190975201384,307.8812144159088,1.0,0.0,0.17606993282660355,1512.2528819458112,False
19.933333333333483,Gold,2,333.6380862302668,204.20696515167464,67.01426216488305,264.30055072191124,1.0,0.0,0.2767758945665051,1312.3742007592082,False
19.95000000000015,Blue,2,522.914994068908,141.17627111755885,84.99898753083605,308.7786161748675,1.0,0.0,0.197513614920247,1517.6482425421211,False
19.95000000000015,Gold,2,337.45986541421235,201.98203508579158,67.56915356468393,265.3351008518745,1.0,0.0,0.25803351408912434,1316.7947362881137,False
19.966666666666814,Blue,2,528.0155541820632,140.38788366784254,85.3735369070262,309.6678311668952,1.0,0.0,0.18657528218288988,1522.809198332321,False
19.966666666666814,Gold,2,341.32462426942925,199.796991022683,68.08811811746608,266.38093557935485,1.0,0.0,0.24170069738593014,1321.6445541387873,False
19.98333333333348,Blue,2,533.1358843780345,139.63235999358932,85.78833021517785,310.54621301390245,1.0,0.0,0.2069166989872624,1527.9849636916645,False
19.98333333333348,Gold,2,345.2313629136698,197.65106165446505,68.57574686519837,267.43864880756706,1.0,0.0,0.22746259257421642,1326.0996173864664,False
20.000000000000146,Blue,2,538.2756196745027,138.90991918906735,86.17843741860689,311.41560442867376,1.0,0.0,0.19487667864583713,1533.419587046256,False
20.000000000000146,Gold,2,349.17909498045447,195.54339303531654,69.03603845790907,268.50824889628393,1.0,0.0,0.21505176745075616,1330.5738728871934,False
20.01666666666681,Blue,2,543.4343958740512,138.2206125597119,86.54730521797921,312.27746608214676,1.0,0.0,0.18452419923444374,1538.6240626422232,False
20.01666666666681,Gold,2,353.1669846283396,193.47358877581917,69.54912621303767,269.58203326415395,1.0,0.0,0.240104209862551,1335.4545636966573,False
20.033333333333477,Blue,2,548.611846703046,137.56482313251334,86.95706283970993,313.12905437557544,1.0,0.0,0.20526357724808264,1543.8428788512401,False
20.033333333333477,Gold,2,357.19418426833687,191.44110593259674,70.02995098552212,270.6613463614559,1.0,0.0,0.22537045004928302,1339.964217722727,False
20.050000000000143,Blue,2,553.8076064495309,136.9427332099007,87.3432175399685,313.9721241990006,1.0,0.0,0.1937055611098195,1549.3158060432854,False
20.050000000000143,Gold,2,361.25984624653563,189.44529169429362,70.48270650396108,271.74689411513964,1.0,0.0,0.21255956970036927,1344.4929151620008,False
20.06666666666681,Blue,2,559.0213137907394,136.35436558798892,87.7090909538432,314.80805979807667,1.0,0.0,0.18378174583401297,1554.562487733706,False
20.06666666666681,Gold,2,365.363249382877,187.48591720935278,70.98513462096741,272.8322495924251,1.0,0.0,0.23626688890421654,1349.408104709619,False
20.083333333333474,Blue,2,564.2525986983877,135.80008135007242,88.11626543630908,315.63406356888976,1.0,0.0,0.20480408978603926,1559.8230554472632,False
20.083333333333474,Gold,2,369.50365297964254,185.56258902835862,71.45534222763787,273.919111507935,1.0,0.0,0.22147853283693486,1353.9726045956772,False
20.10000000000014,Blue,2,569.5010956827756,135.28004693145982,88.50067532742754,316.4518336335154,1.0,0.0,0.19361231946020574,1565.333406343163,False
20.10000000000014,Gold,2,373.68041888221995,183.67528789372335,71.97046860457422,275.0021896636908,1.0,0.0,0.24303621940041253,1358.5558101481924,False
20.116666666666806,Blue,2,574.7664466642733,134.7942744951124,88.86555724198023,317.2627065158895,1.0,0.0,0.18402046084389667,1570.6210285541401,False
20.116666666666806,Gold,2,377.89287780885974,181.8237916792648,72.4505827598771,276.0837814628276,1.0,0.0,0.22689014450059908,1363.5079125874977,False
20.13333333333347,Blue,2,580.0482778067844,134.34311851291838,89.27202581794633,318.06385361711705,1.0,0.0,0.2052636252986595,1576.1550959557112,False
20.13333333333347,Gold,2,382.14034375975586,180.00771984789944,72.90028648242149,277.1654777249906,1.0,0.0,0.21286864995711063,1368.1268803858784,False
20.150000000000137,Blue,2,585.3462233875206,133.92674266893115,89.65641489811762,318.856937185992,1.0,0.0,0.19436640004673045,1581.4690233348708,False
20.150000000000137,Gold,2,386.4222228664442,178.22706395170673,73.39447303155936,278.24235259532986,1.0,0.0,0.2343103598939713,1373.1006207429948,False
20.166666666666803,Blue,2,590.6599278083435,133.54515975228395,90.0219034239355,319.6432647482819,1.0,0.0,0.18504785875989604,1586.7963493378732,False
20.166666666666803,Gold,2,390.73789373713754,176.4816181655733,73.85541476980507,279.3165691528791,1.0,0.0,0.21890714505267184,1377.7550120532414,False
20.18333333333347,Blue,2,595.989012380462,133.19872735112494,90.42920448994491,320.4199869348199,1.0,0.0,0.2064818932056216,1592.3665086361239,False
20.18333333333347,Gold,2,395.0867204253741,174.77102248124234,74.28748499302746,280.3896434864405,1.0,0.0,0.20553272421569702,1382.4279426669084,False
20.200000000000134,Blue,2,601.3331098969409,132.88761477636902,90.81501617306677,321.1887443222492,1.0,0.0,0.19583567909067234,1597.7193612177523,False
20.200000000000134,Gold,2,399.4681491339478,173.09528646263217,74.76363179952104,281.4569797261603,1.0,0.0,0.22687187934224085,1387.4416270607846,False
20.2166666666668,Blue,2,606.6918658326548,132.6118427109862,91.18247953709593,321.9508277332732,1.0,0.0,0.18675642573338003,1603.0851709856902,False
20.2166666666668,Gold,2,403.881601615993,171.45422616732458,75.20805628519379,282.5206366529406,1.0,0.0,0.21210371380637127,1392.149734445669,False
20.233333333333466,Blue,2,612.0648950094109,132.37177820212372,91.59196138545457,322.70336938073024,1.0,0.0,0.20837094888355168,1608.690590025248,False
20.233333333333466,Gold,2,408.3264869063361,169.84750634607866,75.62493697972464,283.5820759178066,1.0,0.0,0.19928347547275393,1396.8760046625196,False
20.25000000000013,Blue,2,617.4518269992698,132.1676017280574,91.98048735642777,323.44799808522123,1.0,0.0,0.19795089278386868,1614.0811565805793,False
20.25000000000013,Gold,2,412.8022866950928,168.27515879128097,76.08553873829497,284.6369935472322,1.0,0.0,0.22054335909797018,1401.9306926020313,False
20.266666666666797,Blue,2,622.852255414857,131.9998130895184,92.40924575414141,324.18206051041375,1.0,0.0,0.21871570572629295,1619.4841742904655,False
20.266666666666797,Gold,2,417.308461001994,166.73702450290088,76.51574407846134,285.6873646204186,1.0,0.0,0.2063240582322745,1406.6917926822207,False
20.283333333333463,Blue,2,628.2657918527897,131.86869748649363,92.81503849655186,324.9074407246668,1.0,0.0,0.20725004872286057,1625.1239204101184,False
20.283333333333463,Gold,2,421.844458815091,165.2327950982754,76.91956370220552,286.73460925353834,1.0,0.0,0.19398371625966604,1411.4706735984344,False
20.30000000000013,Blue,2,633.6920661775991,131.7743694130154,93.20122114217493,325.6256485609144,1.0,0.0,0.1974697550370319,1630.5508468617975,False
20.30000000000013,Gold,2,426.40979275717757,163.76252691374094,77.36680783402939,287.7746777150468,1.0,0.0,0.21519160741875254,1416.567082595544,False
20.316666666666794,Blue,2,639.1306643722694,131.71727622483508,93.62864924581952,326.3338717306946,1.0,0.0,0.21881841480214703,1635.9897421295962,False
20.316666666666794,Gold,2,431.0039564060796,162.32608736164426,77.78481965586838,288.80947628323094,1.0,0.0,0.20145051300621475,1421.3803600972278,False
20.33333333333346,Blue,2,644.5811943262134,131.69766222400048,94.03422194448866,327.0339146882646,1.0,0.0,0.20787196843000189,1641.662947285516,False
20.33333333333346,Gold,2,435.62643394679,160.92319571140163,78.17746424488065,289.8403921955856,1.0,0.0,0.18952920520035832,1426.2110306528557,False
20.350000000000126,Blue,2,650.0432850515475,131.71561107020307,94.42119913382595,327.7272129535458,1.0,0.0,0.19857004583383464,1647.124961345054,False
20.350000000000126,Gold,2,440.2767074077183,159.55345748630253,78.54811384662955,290.86837889355144,1.0,0.0,0.17919887237474086,1431.3496585854625,False
20.36666666666679,Blue,2,655.5165132395827,131.7715479394324,94.85020514080671,328.41084122469147,1.0,0.0,0.22038835311212068,1652.8199235870343,False
20.36666666666679,Gold,2,444.95426204149203,158.21639343160697,78.89972329932301,291.89403470758094,1.0,0.0,0.17026548568710886,1436.2144280956938,False
20.383333333333457,Blue,2,661.0004809777237,131.86570227833639,95.25822697795563,329.0865568403254,1.0,0.0,0.20984527566582578,1658.3043424526506,False
20.383333333333457,Gold,2,449.6586425126796,156.91193262291577,79.29857702253122,292.91317660488943,1.0,0.0,0.19345217117809987,1441.0963135198413,False
20.400000000000123,Blue,2,666.494814008443,131.99814940728675,95.64847402550276,329.7557515797306,1.0,0.0,0.20092815931079144,1663.8002165714458,False
20.400000000000123,Gold,2,454.3893856504134,155.63986228696717,79.67427628274174,293.92709447980013,1.0,0.0,0.18251176678263548,1446.2775483277012,False
20.41666666666679,Blue,2,671.999076920869,132.16931179737574,96.08141569006783,330.4154118415217,1.0,0.0,0.22315766254572011,1669.5273514118362,False
20.41666666666679,Gold,2,459.14602665448604,154.39986070135024,80.0299730788473,294.9366970491269,1.0,0.0,0.173068729597448,1451.1930730901256,False
20.433333333333454,Blue,2,677.5128629862223,132.3794209436858,96.49410761142974,331.0672702944975,1.0,0.0,0.2129527712226551,1675.044885140974,False
20.433333333333454,Gold,2,463.92814776050625,153.1919917777365,80.43119849932239,295.9382817301487,1.0,0.0,0.195529987589806,1456.1253709681598,False
20.45000000000012,Blue,2,683.0357914990793,132.62855860861626,96.88974139440705,331.7126952095425,1.0,0.0,0.20437157822592944,1680.5734112916177,False
20.45000000000012,Gold,2,468.7353213083705,152.01616038724666,80.80880624619076,296.9333075310482,1.0,0.0,0.18430950381070055,1461.3490986718773,False
20.466666666666786,Blue,2,688.5674114002084,132.91715742336004,97.32868439083526,332.3485953380564,1.0,0.0,0.22698696600418344,1686.3319371628052,False
20.466666666666786,Gold,2,473.56711613342446,150.87214763095017,81.16604062362843,297.9228475709032,1.0,0.0,0.17463793146710138,1466.3144182933565,False
20.48333333333345,Blue,2,694.1073034977211,133.2454622841869,97.74804425720146,332.9766939613275,1.0,0.0,0.2170895627329834,1691.8813850307922,False
20.48333333333345,Gold,2,478.42313791046035,149.76010589450036,81.56767666428296,298.9035020898073,1.0,0.0,0.196649941526168,1471.5643110285519,False
20.500000000000117,Blue,2,699.654865663854,133.61453766793255,98.27044684498213,333.5895463793593,1.0,0.0,0.2707145034687617,1697.4412102603555,False
20.500000000000117,Gold,2,483.3029825170841,148.6800180287627,81.9456361824927,299.8768138036542,1.0,0.0,0.1853434373266687,1476.561931673457,False
20.516666666666783,Blue,2,705.2095463320279,134.02512440214758,98.76317245543405,334.1900831115639,1.0,0.0,0.25559649883019375,1703.2300377570043,False
20.516666666666783,Gold,2,488.20624222490284,147.631734047655,82.30319584926048,300.8439433369349,1.0,0.0,0.17560918829792804,1481.5759526691718,False
20.53333333333345,Blue,2,710.7708409924594,134.47770131836808,99.23051242979643,334.780774529935,1.0,0.0,0.24267094494798158,1708.809648234996,False
20.53333333333345,Gold,2,493.13253724475567,146.61546602559304,82.7043917047635,301.8016897485066,1.0,0.0,0.19734163189587406,1486.8676595868076,False
20.550000000000114,Blue,2,716.338163991646,134.97303271383356,99.73759708618249,335.3588806740944,1.0,0.0,0.26356861825309075,1714.6184005539353,False
20.550000000000114,Gold,2,498.081479364374,145.63125014103656,83.08208397073739,302.7516349067079,1.0,0.0,0.1860623481322463,1491.9132334586739,False
20.56666666666678,Blue,2,721.9109834307734,135.5116101525917,100.21833253108349,335.9270393570021,1.0,0.0,0.2501145956127857,1720.2169431239192,False
20.56666666666678,Gold,2,503.0526777130861,144.67898423191394,83.43954843366042,303.69498544114174,1.0,0.0,0.1763628194732032,1496.9747835386638,False
20.583333333333446,Blue,2,727.4888157410538,136.09370696515634,100.67663766847696,336.4874142236281,1.0,0.0,0.2386714401238983,1725.8250590749037,False
20.583333333333446,Gold,2,508.0457612209746,143.7589221336495,83.84011001585571,304.6286753624497,1.0,0.0,0.19792180594206954,1502.3076106689523,False
20.60000000000011,Blue,2,733.0710811483666,136.7199214273315,101.17773334973924,337.0367841484734,1.0,0.0,0.2612004692987355,1731.6624843148643,False
20.60000000000011,Gold,2,513.060352519833,142.87113799203945,84.21747126069917,305.5543023360168,1.0,0.0,0.18673517793303418,1507.399928617343,False
20.616666666666777,Blue,2,738.6572558423335,137.39061061447424,101.65478228874585,337.57757347039336,1.0,0.0,0.24889499305606577,1737.2886832776094,False
20.616666666666777,Gold,2,518.0960731499608,142.01556433420416,84.57488968773212,306.47309633185495,1.0,0.0,0.17712736245610827,1512.5077897629785,False
20.633333333333443,Blue,2,744.2467135661996,138.10644645991374,102.17452239748476,338.1065674845871,1.0,0.0,0.27141478708652755,1742.9237802291973,False
20.633333333333443,Gold,2,523.1525567538229,141.19248558178265,84.97501259586032,307.3820851118792,1.0,0.0,0.19858123897636482,1517.8809629770112,False
20.65000000000011,Blue,2,749.8388918672221,138.86784184617485,102.66888894628217,338.6264193838493,1.0,0.0,0.2583938342779586,1748.7891633817073,False
20.65000000000011,Gold,2,528.2294332423438,140.40200428294168,85.3523097052124,308.28287015118383,1.0,0.0,0.18752470458850823,1523.0187869216995,False
20.666666666666774,Blue,2,755.4332842640015,139.67500385630777,103.14176236133785,339.1392818283994,1.0,0.0,0.24737592606057746,1754.4414752306384,False
20.666666666666774,Gold,2,533.3263364431634,139.644543817452,85.76988147747723,309.17277846391534,1.0,0.0,0.20784116753799609,1528.171651653878,False
20.68333333333344,Blue,2,761.0292642572209,140.52848786790327,103.66031408469235,339.64148355762256,1.0,0.0,0.27150592035177823,1760.326037222959,False
20.68333333333344,Gold,2,538.4428962223941,138.92031643609158,86.16247061991969,310.0536750107501,1.0,0.0,0.19568497778746163,1533.5842537906988,False
20.700000000000106,Blue,2,766.6262706703548,141.4286154631273,104.15551287696272,340.13549905124785,1.0,0.0,0.2594979980646812,1765.9948673827273,False
20.700000000000106,Gold,2,543.5787434679096,138.22936609815616,86.5335624748716,310.92703561373116,1.0,0.0,0.18523113625925802,1538.7661854681162,False
20.71666666666677,Blue,2,772.2237985100239,142.37552445627952,104.63110302075455,340.62330572915954,1.0,0.0,0.2494300712470423,1771.6719069696126,False
20.71666666666677,Gold,2,548.7335070778743,137.57206817018852,86.94553869153904,311.7900934709354,1.0,0.0,0.2059271877362967,1543.962680706336,False
20.733333333333437,Blue,2,777.8212050833283,143.3697232451119,105.15490007026615,341.1008790415431,1.0,0.0,0.274938965903754,1777.583594761522,False
20.733333333333437,Gold,2,553.9068167706666,136.9485968932184,87.33365350316888,312.6446202938529,1.0,0.0,0.19426939678657007,1549.4138451537133,False
20.750000000000103,Blue,2,783.4179148683876,144.41150193131043,105.65689519122708,341.57058962549024,1.0,0.0,0.2637077024785359,1783.2764304771604,False
20.750000000000103,Gold,2,559.0983069160295,136.35896675720136,87.7012606673589,313.49201115198395,1.0,0.0,0.18425769778141188,1554.6385665945147,False
20.76666666666677,Blue,2,788.9471904572721,145.48231489579277,106.20698238584909,337.9205589984919,0.0,0.0,0.28920076525016825,1789.1385891094944,False
20.76666666666677,Gold,2,564.3076032773696,135.80353007807486,88.11013656674965,314.3294490582232,1.0,0.0,0.20522322538669968,1559.8773898280529,False
20.783333333333434,Blue,2,794.4750708990522,146.6019231277372,106.7369197334899,338.4073657264976,1.0,0.0,0.276899327912453,1794.7785903847127,False
20.783333333333434,Gold,2,569.5343364347232,135.2824443712389,88.49601996200722,315.15864469084636,1.0,0.0,0.1939448441402014,1565.3663173892787,False
20.8000000000001,Blue,2,800.0009784960913,147.77051022434634,107.24638564475157,338.8871524035025,1.0,0.0,0.26642055374291296,1800.4266982378529,False
20.8000000000001,Gold,2,574.7781446467473,134.7957128297743,88.86217409189597,315.98094209716237,1.0,0.0,0.18427577233510561,1570.6325593267734,False
20.816666666666766,Blue,2,805.4585084105779,148.96808091714317,107.87796112436833,335.242762776981,0.0,0.0,0.33054321066837744,1806.2480130680801,False
20.816666666666766,Gold,2,580.0386505341545,134.34368040484566,89.26986504234956,316.79349711867536,1.0,0.0,0.20545345962228723,1576.1454526542777,False
20.83333333333343,Blue,2,810.9128896141992,150.21669094263717,108.48151888269564,335.72829001538776,1.0,0.0,0.31395499955512207,1811.8434673408985,False
20.83333333333343,Gold,2,585.3154851114668,133.92650129139597,89.65527281486462,317.5979811781958,1.0,0.0,0.19447995619259117,1581.438369894793,False
20.850000000000097,Blue,2,816.2981547240129,151.49482345401694,109.13105543349208,332.09175068140206,0.0,0.0,0.33814647363684536,1817.378245998566,False
20.850000000000097,Gold,2,590.6082897808805,133.5441788791111,90.02159826573767,318.3957067923608,1.0,0.0,0.18509237394034983,1586.7448922773717,False
20.866666666666763,Blue,2,821.6790223255485,152.82587966981862,109.75149540063063,332.58323538863294,1.0,0.0,0.32104527218963774,1823.1597146714478,False
20.866666666666763,Gold,2,595.916682996514,133.19706077448214,90.42967785399863,319.1838126178183,1.0,0.0,0.20645686431609356,1592.2943409101642,False
20.88333333333343,Blue,2,827.054713412785,154.2102207035078,110.34291054729736,333.0646140715274,1.0,0.0,0.3062768096699777,1828.7107670196979,False
20.88333333333343,Gold,2,601.2402949664308,132.88530646487274,90.81608296174524,319.9639457202734,1.0,0.0,0.19574210897372168,1597.6267618208328,False
20.900000000000095,Blue,2,832.3600728174396,155.62392853107272,110.98604767939409,329.429005467632,0.0,0.0,0.3333292262996572,1834.4449740254756,False
20.900000000000095,Gold,2,606.5787688311337,132.6089269893267,91.18397248936672,320.7373999817092,1.0,0.0,0.186599660850149,1602.9723415259198,False
20.91666666666676,Blue,2,837.6590951774663,157.092257759909,111.60290130635819,329.92160175827576,1.0,0.0,0.3177821526067923,1839.9436657607364,False
20.91666666666676,Gold,2,611.9317172466878,132.36827919491265,91.59382186263738,321.50129884953543,1.0,0.0,0.2081448585673833,1608.5575666251552,False
20.933333333333426,Blue,2,842.9507391347589,158.6159308147034,112.27259211877404,330.3983523796247,1.0,0.0,0.34528372891881887,1845.450068161928,False
20.933333333333426,Gold,2,617.2987678769858,132.16353359162545,91.98254363818938,322.2572755251557,1.0,0.0,0.19766154220267218,1613.9282762016253,False
20.95000000000009,Blue,2,848.1707747887517,160.16859549480708,112.90997513386901,326.7634364736559,0.0,0.0,0.3288861059543855,1851.1464718371046,False
20.95000000000009,Gold,2,622.6795637797511,131.99471391544188,92.35327068701051,323.0066139710107,1.0,0.0,0.18874459668960952,1619.3116988765278,False
20.966666666666757,Blue,2,853.3823826480649,161.77742695902296,113.5240231265387,327.2569366327062,1.0,0.0,0.31494664384771554,1856.600662091351,False
20.966666666666757,Gold,2,628.0737097733444,131.86219078538494,92.76617475530152,323.7464195457817,1.0,0.0,0.21047586381689243,1624.9319089831788,False
20.983333333333423,Blue,2,858.5841874005911,163.44355975819897,114.28254492097922,327.7272894899354,1.0,0.0,0.3893643764301764,1862.320596693953,False
20.983333333333423,Gold,2,633.4808288901047,131.76614976726083,93.15846333020093,324.4783192633848,1.0,0.0,0.2002098989541068,1630.3396974030559,False
21.00000000000009,Blue,2,863.7126967686147,165.1386608708536,114.9998821324214,324.0831899869276,0.0,0.0,0.3685094941866751,1867.7219661663153,False
21.00000000000009,Gold,2,638.9005009799247,131.70709648147917,93.59121773640456,325.1996283304286,1.0,0.0,0.22112769221076434,1635.7596860848912,False
21.016666666666755,Blue,2,868.8294455379718,166.89306102555804,115.7765753078642,324.549744010927,1.0,0.0,0.39661521534848276,1873.1306281610523,False
21.016666666666755,Gold,2,644.3323279113692,131.68532314156656,94.00133060807869,325.9122342125085,1.0,0.0,0.20980693906268044,1641.4139746751796,False
21.03333333333342,Blue,2,873.9332345033827,168.7073412068051,116.51118714363088,324.9999811788551,1.0,0.0,0.37541403623432323,1878.8145246047354,False
21.03333333333342,Gold,2,649.7759329583012,131.70095252177114,94.39216273193138,326.6176490397134,1.0,0.0,0.2001777950843575,1646.8574818116008,False
21.050000000000086,Blue,2,878.9618980254629,170.55032771064896,117.2100356792679,321.34498884834653,0.0,0.0,0.3574019797704544,1884.169958408016,False
21.050000000000086,Gold,2,655.2308877946418,131.75444085429405,94.82451446048348,327.3130241307795,1.0,0.0,0.2217009221003714,1652.533925947376,False
21.06666666666675,Blue,2,883.9758945983331,172.45438087172076,117.97678230467753,321.8013179938648,1.0,0.0,0.389784211940551,1889.810990265915,False
21.06666666666675,Gold,2,660.6967898119403,131.846042324505,95.23532900115597,328.0001714807295,1.0,0.0,0.21089882016891615,1658.000213522285,False
21.083333333333417,Blue,2,888.9741185737224,174.41977232043203,118.70530238754282,322.2452842748345,1.0,0.0,0.37062768058211937,1895.181486441526,False
21.083333333333417,Gold,2,666.1732604544865,131.97585162449744,95.62788090130273,328.6805320534254,1.0,0.0,0.2017521350551288,1663.4781571723272,False
21.100000000000083,Blue,2,893.8948982677906,176.41384849157998,119.6016791962886,318.56786602860427,0.0,0.0,0.4563545063150709,1900.4898700080043,False
21.100000000000083,Gold,2,671.6598606824838,132.1443055230335,96.0627893392057,329.35113723813595,1.0,0.0,0.22377279500100045,1669.1873287937833,False
21.11666666666675,Blue,2,898.7970127545882,178.47168526964995,120.45140841668368,318.9913903675976,1.0,0.0,0.43001797589527513,1906.097330936207,False
21.11666666666675,Gold,2,677.1561805253584,132.35164597966767,96.47703837986151,330.01375542314116,1.0,0.0,0.21337959984309052,1674.687284179774,False
21.133333333333415,Blue,2,903.6203412597358,180.5579841958352,121.25539741629781,315.31208013759573,0.0,0.0,0.407150958607124,1911.3516557645419,False
21.133333333333415,Gold,2,682.6618364537038,132.59796195500076,96.87386162982533,330.66978625164046,1.0,0.0,0.20462807230389934,1680.1984228787887,False
21.15000000000008,Blue,2,908.4225790916998,182.70946267568783,122.1333445888039,315.72971389854615,1.0,0.0,0.44195748758290065,1916.9188401265387,False
21.15000000000008,Gold,2,688.1763751840485,132.88369012420054,97.31376931549788,331.3161643846069,1.0,0.0,0.22709216367677776,1685.9395385826406,False
21.166666666666746,Blue,2,913.2023277285715,184.92640766716616,122.96377920724032,316.131351904396,1.0,0.0,0.41832241378917345,1922.1868082881074,False
21.166666666666746,Gold,2,693.6312510399162,133.19982539440514,97.7337703847922,327.84173560299047,0.0,0.0,0.21704862597886532,1691.4033470203549,False
21.18333333333341,Blue,2,917.9007429842858,187.1711524532972,123.86677517217169,312.42654537021747,0.0,0.0,0.4551704084426884,1927.7154815007386,False
21.18333333333341,Gold,2,699.0946673422408,133.55675697477955,98.26011456779688,328.50379639217005,1.0,0.0,0.27044392393762706,1696.878402975212,False
21.200000000000077,Blue,2,922.5740262448321,189.48260745021324,124.72707291814315,312.8204633489536,1.0,0.0,0.43106017332100244,1932.9284404268403,False
21.200000000000077,Gold,2,704.5660667464209,133.95520168754595,98.755578997513,329.1532935656286,1.0,0.0,0.25485608726150843,1702.5829278036936,False
21.216666666666743,Blue,2,927.1650263089555,191.82070446250427,125.54527151637161,309.1250963923712,0.0,0.0,0.41022626172252785,1938.078464868548,False
21.216666666666743,Gold,2,710.0449404680537,134.39561153473102,99.22458272977931,329.7927608786266,1.0,0.0,0.24150462222607239,1708.0793759751466,False
21.23333333333341,Blue,2,931.7279208426986,194.22679721011323,126.57735388088798,309.50515312378144,1.0,0.0,0.5143993176963484,1943.5788564633626,False
21.23333333333341,Gold,2,715.4629398323508,134.86709699967156,99.73288574906894,326.3085293991314,0.0,0.0,0.2620183701472669,1713.7368853943385,False
21.250000000000075,Blue,2,936.2607751063542,196.70135934792611,127.54823244274439,309.8593422473785,1.0,0.0,0.48418958571516235,1948.7409828045556,False
21.250000000000075,Gold,2,720.887971040359,135.38183815644695,100.21690192750096,326.9637891859452,1.0,0.0,0.24806698192857013,1719.1859503001044,False
21.26666666666674,Blue,2,940.7075161698873,199.20227036089253,128.59757315036916,306.1062285076806,0.0,0.0,0.5236169562015487,1954.206505533956,False
21.26666666666674,Gold,2,726.319546360814,135.94005361206652,100.67675709169427,327.6110710034128,1.0,0.0,0.2359387150347878,1724.6461065409183,False
21.283333333333406,Blue,2,945.120495210075,201.7731008146047,129.59276218466852,306.43236061345164,1.0,0.0,0.4936240220558261,1959.3116879370793,False
21.283333333333406,Gold,2,731.6896392200788,136.5289518800918,101.17879181546859,324.1371847751443,0.0,0.0,0.2578551102431099,1730.2680071941857,False
21.30000000000007,Blue,2,949.4451896026384,204.36960724362226,130.67268937811193,302.657195536461,0.0,0.0,0.5359336860072261,1964.3516606343794,False
21.30000000000007,Gold,2,737.0658488295319,137.16227162863277,101.65812553109026,324.8030252433084,1.0,0.0,0.24479150961972174,1735.681217343629,False
21.316666666666737,Blue,2,953.7323323989895,207.03710908810802,131.69714520603162,302.9563896139237,1.0,0.0,0.505361740848052,1969.791796744071,False
21.316666666666737,Gold,2,742.447700395115,137.8400938857094,102.11477712068015,325.4620860102894,1.0,0.0,0.2334631184991771,1741.1055854429662,False
21.333333333333403,Blue,2,957.9803517715121,209.77530936887246,132.66745705807145,303.2429285587099,1.0,0.0,0.47887982170039045,1974.8411097440473,False
21.333333333333403,Gold,2,747.834611912376,138.56284274852223,102.61593351417407,326.11079989565434,1.0,0.0,0.25649399129660466,1746.761844941321,False
21.35000000000007,Blue,2,962.1366255785173,212.53734246710954,133.88852561722817,299.4200722403145,0.0,0.0,0.6029103019240161,1980.2507308650547,False
21.35000000000007,Gold,2,753.1591001964904,139.31514538144634,103.09239089851717,322.64234852392826,0.0,0.0,0.244113447834172,1752.1391563795944,False
21.366666666666735,Blue,2,966.2487036649875,215.37154067473287,135.04181749583068,299.6509910038132,1.0,0.0,0.5660110614641294,1985.2402782885376,False
21.366666666666735,Gold,2,758.4881669251787,140.11324167429436,103.616466090398,323.3098755208314,1.0,0.0,0.26698546287317626,1757.5276207047066,False
21.3833333333334,Blue,2,970.2660616713904,218.22863832490088,136.28836855353168,295.7834011622985,0.0,0.0,0.6120036155535189,1990.6211644218527,False
21.3833333333334,Gold,2,763.8212465538454,140.9573927877345,104.11333385473552,323.9684952906381,1.0,0.0,0.2534018655489909,1763.1505397787448,False
21.400000000000066,Blue,2,974.2342682813268,221.1586994245899,137.46671499295087,295.96438685996077,1.0,0.0,0.5750085625343324,1995.5492910437133,False
21.400000000000066,Gold,2,769.157836174203,141.84766409937404,104.58706544285778,324.6203604581419,1.0,0.0,0.24186357916966372,1768.5608791099255,False
21.416666666666732,Blue,2,978.1040385147048,224.1106814835654,138.9183243674264,292.0300516185761,0.0,0.0,0.7085563359984857,2000.408021537373,False
21.416666666666732,Gold,2,774.4309291287896,142.76655838682302,105.10791514783298,321.15347369938024,0.0,0.0,0.26620449646627975,1774.1402403364439,False
21.433333333333398,Blue,2,981.9177132698262,227.1369785334639,140.28036687833446,292.11182841416564,1.0,0.0,0.6607584446100621,2005.7671561359089,False
21.433333333333398,Gold,2,779.7070062455864,143.73235030199282,105.60663282388694,321.8246068231306,1.0,0.0,0.25344938727757693,1779.5039268980909,False
21.450000000000063,Blue,2,985.6726733384232,230.23712657628755,141.55640894212883,292.16145333540237,1.0,0.0,0.6191165786643769,2010.626663821245,False
21.450000000000063,Gold,2,784.9855683852848,144.74503538083385,106.08318654474309,322.4895309829907,1.0,0.0,0.24245141757141653,1784.8787116793972,False
21.46666666666673,Blue,2,989.3656624309051,233.4108671961016,142.9406953156181,292.16240800720925,1.0,0.0,0.6716870860799524,2016.026939833353,False
21.46666666666673,Gold,2,790.200087948865,145.7853317711535,106.60936933978716,319.0365983570282,0.0,0.0,0.2679921010638715,1790.4269934029396,False
21.483333333333395,Blue,2,992.9941148169729,236.65747449871733,144.23992708396494,292.13362097385067,1.0,0.0,0.6304176048463948,2020.8845423550458,False
21.483333333333395,Gold,2,795.4165393436998,146.87322352862367,107.11407175471575,319.7210425829484,1.0,0.0,0.2556069732243529,1795.755675759984,False
21.50000000000006,Blue,2,996.5159715081153,239.91965826064708,145.6558105406598,288.03323214232313,0.0,0.0,0.6869888849376409,2026.263230968658,False
21.50000000000006,Gold,2,800.5684889941779,147.98879544711644,107.74241421561177,316.28074437595296,0.0,0.0,0.31857953974258635,1801.0268980737603,False
21.516666666666726,Blue,2,999.9678945260682,243.25374963417576,146.99429327335082,287.9496068969047,1.0,0.0,0.6453072754862124,2031.0508320315057,False
21.516666666666726,Gold,2,805.7212474485704,149.15385469003053,108.33722861927679,316.96974275745464,1.0,0.0,0.2998988633072539,1806.5458848539847,False
21.533333333333392,Blue,2,1003.3452185756473,246.65940486567953,148.6582933029836,287.7799490066048,1.0,0.0,0.8021412330404694,2036.476464369759,False
21.533333333333392,Gold,2,810.8740951090172,150.36875031324422,108.89918269079723,317.647788271027,1.0,0.0,0.2836477661193335,1811.839971870695,False
21.550000000000058,Blue,2,1006.64428366155,250.1356906566115,150.20909598148833,287.55211010967946,1.0,0.0,0.74737729851247,2041.255724632077,False
21.550000000000058,Gold,2,815.9613502914744,151.61119081551757,109.5098460731628,314.2065646915408,0.0,0.0,0.3085733698415716,1817.0763699997544,False
21.566666666666723,Blue,2,1009.8284012365634,253.62102586971025,151.87204986045404,283.24935764274994,0.0,0.0,0.8011434993865976,2046.6645515484054,False
21.566666666666723,Gold,2,821.0477113094586,152.90470790231743,110.09035666974876,314.8957247928284,1.0,0.0,0.2917064902747253,1822.5673155604763,False
21.58333333333339,Blue,2,1012.9270804416666,257.17517164524855,153.43468755080485,282.9161607891906,1.0,0.0,0.7478325359315363,2051.3660638015504,False
21.58333333333339,Gold,2,826.1325256885326,154.24939757339544,110.64112569786278,315.5767724217247,1.0,0.0,0.2770697673230451,1827.8266928188195,False
21.600000000000055,Blue,2,1015.9364034698677,260.7966326355861,155.1179034451445,282.51657872300933,1.0,0.0,0.805125063164521,2056.825428222013,False
21.600000000000055,Gold,2,831.1508723612902,155.62081418865267,111.24604824611282,312.1418150426034,0.0,0.0,0.3046477172893436,1833.2790974235356,False
21.61666666666672,Blue,2,1018.8534460445279,264.48353204868437,156.69117950508084,282.07891235053876,1.0,0.0,0.7520760023831521,2061.510943368039,False
21.61666666666672,Gold,2,836.1667520532701,157.04429667884796,111.82290630038086,312.8374423618603,1.0,0.0,0.2889075992385486,1838.4929775655078,False
21.633333333333386,Blue,2,1021.6745326200338,268.2339607242548,158.39275329546498,281.5799726211824,1.0,0.0,0.8128597603453969,2067.024506149756,False
21.633333333333386,Gold,2,841.1795452883183,158.51980678813652,112.37197489929603,313.5264166858194,1.0,0.0,0.2752981032916644,1843.7178155920967,False
21.650000000000052,Blue,2,1024.3969872532664,272.0457060879495,159.98514956648395,281.04836418589133,1.0,0.0,0.7601221613411813,2071.6908810489517,False
21.650000000000052,Gold,2,846.1251164722562,160.02087214853304,112.97999182832932,310.1011731446439,0.0,0.0,0.30519314529284003,1849.1456049781912,False
21.666666666666718,Blue,2,1027.0173416118919,275.91648754416013,161.71148416909182,280.4588058297373,1.0,0.0,0.8233853327463265,2077.2622736499716,False
21.666666666666718,Gold,2,851.0666801602688,161.57469943617664,113.56121579656784,310.8059705363453,1.0,0.0,0.2901410519449925,1854.3253888142526,False
21.683333333333383,Blue,2,1029.5331398204085,279.84379263188066,163.32832679201786,279.84044947226346,1.0,0.0,0.7704661213138753,2081.9067382881376,False
21.683333333333383,Gold,2,855.9402727088113,163.1540991907716,114.29223358068072,307.38748915739137,0.0,0.0,0.36532973271329894,1859.447511305957,False
21.70000000000005,Blue,2,1031.9411132351163,283.8249948988986,165.08282387326125,279.16645006994736,1.0,0.0,0.8352708191125089,2087.5390588677187,False
21.70000000000005,Gold,2,860.808087759911,164.78828985425963,114.98246098029922,308.08818378321496,1.0,0.0,0.3430606900144024,1864.852697136703,False
21.716666666666715,Blue,3,1034.239021673805,287.8573057717432,166.72676208035793,278.46667844517157,1.0,0.0,0.7818302260371954,2092.159125856045,False
21.716666666666715,Gold,2,865.6691955811755,166.4775887545819,115.63301703192455,308.7762297984073,1.0,0.0,0.3237053757343702,1869.998157178491,False
21.73333333333338,Blue,3,1036.4238110291647,291.9377718751276,168.51022748424418,277.7132141857596,1.0,0.0,0.8472807392003148,2097.8544290559194,False
21.73333333333338,Gold,2,870.4608122921167,168.192160713246,116.34396445631143,305.34841041280924,0.0,0.0,0.3541447881878348,1875.3693666730142,False
21.750000000000046,Blue,3,1038.4934713186356,296.06334862501666,170.18156666399952,276.9367401392138,1.0,0.0,0.7930998059261469,2102.447843363194,False
21.750000000000046,Gold,2,875.2441861973854,169.96312491734926,117.01838107299128,306.0410568328285,1.0,0.0,0.33411391788082767,1880.4695400590979,False
21.766666666666712,Blue,3,1040.4451949220165,300.23077568927243,171.99251282251836,276.1087178913204,1.0,0.0,0.8583308892533736,2108.2066293614976,False
21.766666666666712,Gold,2,880.0184944573466,171.79051367658445,117.65704867711227,306.7248417370949,1.0,0.0,0.3167528047009114,1885.5800078775073,False
21.783333333333378,Blue,3,1042.2772303777194,304.4367752046507,173.68946778821154,275.2606564758821,1.0,0.0,0.8032893663413105,2112.771351665719,False
21.783333333333378,Gold,2,884.7221211688282,173.64211600786132,118.36407381418906,303.2970945507846,0.0,0.0,0.35103797495483136,1890.9318791519343,False
21.800000000000043,Blue,3,1043.9870600730953,308.67780651057893,175.52437053126658,274.3638293401484,1.0,0.0,0.867470495658246,2118.592074502721,False
21.800000000000043,Gold,2,889.4152412361434,175.55104440772695,119.0371309418641,303.98977115584074,1.0,0.0,0.3323547725395368,1895.9972067311628,False
21.81666666666671,Blue,3,1045.5716313935866,312.9500073469719,177.47840820764577,273.3957543970282,1.0,0.0,0.9225356089582952,2124.474518544859,False
21.81666666666671,Gold,2,894.0365144630229,177.4842335270466,119.88835966625291,300.55979616492857,0.0,0.0,0.42079832093302016,1901.3188657178046,False
21.833333333333375,Blue,3,1047.0291263248237,317.2495986416444,179.30085430390912,272.39456013822956,1.0,0.0,0.8591467557620653,2129.0021483404375,False
21.833333333333375,Gold,2,898.6447057579521,179.47697058215837,120.68972503868106,301.2360216397087,1.0,0.0,0.39400141879786155,1906.3386371550787,False
21.85000000000004,Blue,3,1048.3571870409753,321.5724701333088,181.24192555463446,271.3364470859515,1.0,0.0,0.9136834727363379,2134.9340457088892,False
21.85000000000004,Gold,2,903.2386191927487,181.52955816216686,121.44291568054314,301.8969412101342,1.0,0.0,0.3707118716267832,1911.3679560238575,False
21.866666666666706,Blue,3,1049.5546285059431,325.9147026553734,183.05283326790922,270.25887148383964,1.0,0.0,0.8510516023576287,2139.426280087736,False
21.866666666666706,Gold,2,907.7585921552111,183.60596740591401,122.2685929206725,298.44575946740326,0.0,0.0,0.4068143154246364,1916.6736891946696,False
21.883333333333372,Blue,3,1050.619740978116,330.2720371560584,184.97944194280385,269.13747919094357,1.0,0.0,0.9039548346514721,2145.3975136373933,False
21.883333333333372,Gold,2,912.2044605612793,185.7060372828312,123.04993103543501,295.01481613512044,0.0,0.0,0.38287561301137885,1921.5890211333465,False
21.900000000000038,Blue,3,1051.5505168684872,334.6398753204625,187.00128608445115,267.9546124974849,1.0,0.0,0.9470371931387227,2151.4060808293707,False
21.900000000000038,Gold,2,916.6328224201544,187.86824010952552,123.91275139468335,295.68198345664354,1.0,0.0,0.4205314328546841,1926.5134433999099,False
21.916666666666703,Blue,3,1052.3461942389197,339.01396703222287,188.87941470428808,266.75233984081865,1.0,0.0,0.8781565496910346,2155.848129858236,False
21.916666666666703,Gold,2,920.9858514534858,190.0536238013338,124.72265200374102,292.24843733304994,0.0,0.0,0.3951517995252729,1931.738052299175,False
21.93333333333337,Blue,3,1053.005684204888,343.3897395804752,190.85112245691545,265.51143981626245,1.0,0.0,0.9202485454802911,2161.8673388014076,False
21.93333333333337,Gold,2,925.3195626620557,192.3016133059392,125.49192249738128,292.92359882324547,1.0,0.0,0.3733181042239213,1936.6169923627324,False
21.950000000000035,Blue,3,1053.5290178476166,347.763066388742,192.68297718482825,264.27167026501616,1.0,0.0,0.8533867567498703,2167.897872648253,False
21.950000000000035,Gold,2,929.5764937886412,194.57235148903703,126.48000975130746,289.4819031401058,0.0,0.0,0.4800128837499109,1941.817901050972,False
21.9666666666667,Blue,3,1053.9171004486393,352.13027203214494,194.39285505639967,263.0648886741684,1.0,0.0,0.795086662190915,2172.282175175863,False
21.9666666666667,Gold,2,933.8107057712223,196.90759824847478,127.40788089531385,290.12918286037853,1.0,0.0,0.44835036320899846,1946.650679383867,False
21.983333333333366,Blue,3,1054.170332460225,356.4873351589189,196.2061008578804,261.86494983595105,1.0,0.0,0.8416343041526915,2178.2904384341496,False
21.983333333333366,Gold,2,937.9661569322247,199.26541456216182,128.4163610204037,286.6661117642558,0.0,0.0,0.48779127438695014,1951.4234886072222,False
22.000000000000032,Blue,3,1054.2899416050711,360.83074206616396,197.89606608516766,260.7032099418172,1.0,0.0,0.7830107455871484,1.6526424334867087,False
22.000000000000032,Gold,2,942.0955068632204,201.6892121964516,129.3639298154815,287.28865791842406,1.0,0.0,0.4558746305024801,1956.6158938157157,False
22.016666666666698,Blue,3,1054.2767071260369,365.1566445340611,199.6802364505721,259.55536274078014,1.0,0.0,0.825230993214678,5.976754906495656,False
22.016666666666698,Gold,2,946.197354039051,204.17888044000327,130.25300384404989,287.89747060463753,1.0,0.0,0.42814501754123846,1961.4090702352612,False
22.033333333333363,Blue,3,1054.1311627964487,369.46093017740213,201.5365277256706,258.4047387043197,1.0,0.0,0.8571263329281287,11.908716960952244,False
22.033333333333363,Gold,2,950.2180787055759,206.6894001318433,131.23867350951053,284.4084553623961,0.0,0.0,0.4751096158703554,1966.5828090341204,False
22.05000000000003,Blue,3,1053.8547094655987,373.7401186734979,203.25579764576491,257.28655282645894,1.0,0.0,0.7925045395868295,17.791737466819637,False
22.05000000000003,Gold,2,954.2083793849201,209.26642332286025,132.1692257027632,285.0066191143843,1.0,0.0,0.446130417583845,1971.328286677174,False
22.066666666666695,Blue,3,1053.4493988094612,377.9913116102421,204.85523264399097,256.22822874978266,1.0,0.0,0.7360466964653298,22.053468257790485,False
22.066666666666695,Gold,2,958.1152869107054,211.8637302041776,133.35998749072218,281.48844740556643,0.0,0.0,0.571408234144517,1976.0120222901453,False
22.08333333333336,Blue,3,1052.9168793432355,382.2112933841893,206.53454613428423,255.2069030329712,1.0,0.0,0.7715982088044377,27.84934838697903,False
22.08333333333336,Gold,2,961.9869003248681,214.5293523006648,134.47337750541283,282.0314764773928,1.0,0.0,0.5313963675229516,1981.1826682226972,False
22.100000000000026,Blue,3,1052.259393008623,386.3974553649546,208.09413854307954,254.24882590459924,1.0,0.0,0.7155104203295082,32.077707366762496,False
22.100000000000026,Gold,2,965.8213182613825,217.2631926769268,135.51303272899327,282.5525062941033,1.0,0.0,0.49661810169246934,1985.883681485816,False
22.116666666666692,Blue,3,1051.47881831379,390.5468894549267,209.7249404198407,253.33290436982287,1.0,0.0,0.7471243686626039,37.77682954486782,False
22.116666666666692,Gold,2,969.5688629974508,220.01549301630226,136.65817459951427,278.97902312727945,0.0,0.0,0.5474444619680945,1991.0411625595987,False
22.133333333333358,Blue,3,1050.577564055452,394.6573086628777,211.23709007675788,252.4838590717302,1.0,0.0,0.6918327399393931,43.39661218010054,False
22.133333333333358,Gold,2,973.2752506916333,222.83651635618486,137.73500229580824,279.4704576972351,1.0,0.0,0.5119750200220121,1995.6912226285274,False
22.150000000000023,Blue,3,1049.5577052875985,398.726141766557,212.81272182641484,251.6820475025398,1.0,0.0,0.7199778554126794,47.57169944049922,False
22.150000000000023,Gold,2,976.891779970767,225.67505284978253,139.10538000259405,275.8471758571017,0.0,0.0,0.6520323249508131,2000.2765386010478,False
22.16666666666669,Blue,3,1048.4217826077534,402.7514422838021,214.27156280673196,250.95041844833136,1.0,0.0,0.6658267177882919,53.08343544259153,False
22.16666666666669,Gold,2,980.4609972000986,228.5836791328935,140.3829802952415,276.25695746145954,1.0,0.0,0.6045384257626818,2005.435411980862,False
22.183333333333355,Blue,3,1047.1726591464965,406.73180380965493,215.62806474652507,250.30564171154106,1.0,0.0,0.6184545604934044,57.235864833008236,False
22.183333333333355,Gold,2,983.9806212484372,231.56200680333632,141.57252682499075,276.6396228941291,1.0,0.0,0.5632239358744062,2010.0328546461187,False
22.20000000000002,Blue,3,1045.8127993256917,410.66547283966406,217.05112530043158,249.72523855552183,1.0,0.0,0.6481874095807498,62.64095146703153,False
22.20000000000002,Gold,2,987.4062039488778,234.5550894983373,142.87888708348908,272.9384162847382,0.0,0.0,0.6188930776586758,2015.184311368595,False
22.216666666666686,Blue,3,1044.3449732621266,414.5512444532771,218.37109930290373,249.22568846278793,1.0,0.0,0.6007222291309553,66.77580893303279,False
22.216666666666686,Gold,2,990.7773972289685,237.61768149854925,144.10394290373313,273.2762155939822,1.0,0.0,0.5771220637381411,2019.725881043915,False
22.233333333333352,Blue,3,1042.7716023204282,418.38759217719553,219.74904826290074,248.78708954521932,1.0,0.0,0.6266487960095724,72.0781331005745,False
22.233333333333352,Gold,2,994.0912148645888,240.7494092270193,145.45259278151963,273.5704318721196,1.0,0.0,0.6356722027558064,2024.9401774761557,False
22.250000000000018,Blue,3,1041.0953867682895,422.17353715858815,221.02457823887707,248.42520147059986,1.0,0.0,0.5797001322884405,76.20024789641712,False
22.250000000000018,Gold,2,997.345366280745,243.94948528166793,146.7098784946092,273.8392913759904,1.0,0.0,0.5928729158870674,2029.4901452071401,False
22.266666666666683,Blue,3,1039.3192037929389,425.9085600284938,222.21035825010986,248.15075756950145,1.0,0.0,0.538626013717586,81.40629544133175,False
22.266666666666683,Gold,2,1000.4992632317184,247.15936295969698,148.31101861840241,270.00253788986106,0.0,0.0,0.7553252209518977,2033.9696488241693,False
22.28333333333335,Blue,3,1037.4460288243786,429.5925216948121,223.31738847792863,247.97033870662287,1.0,0.0,0.5026534771791944,85.5213917946395,False
22.28333333333335,Gold,2,1003.5859500094981,250.43744719513032,149.80137743080152,270.1564314751386,1.0,0.0,0.6989984322523988,2039.1940980588074,False
22.300000000000015,Blue,3,1035.4784221253262,433.22484852028487,224.49079681071194,247.86082272343413,1.0,0.0,0.532652584194576,90.64000573551797,False
22.300000000000015,Gold,2,1006.6028284796427,253.78263465113577,151.1868415631022,270.27875489941033,1.0,0.0,0.6499521988732155,2043.6763047166614,False
22.31666666666668,Blue,3,1033.4190713732967,436.8053751011129,225.58200606942222,247.83047838641667,1.0,0.0,0.49526030537683496,94.75331429563164,False
22.31666666666668,Gold,2,1009.5465100512637,257.193936850234,152.70560880843772,270.3480682365339,1.0,0.0,0.7126191124892163,2048.9696334183736,False
22.333333333333346,Blue,3,1031.2703175547442,440.3335495492012,226.7298951537845,247.85997755182657,1.0,0.0,0.5209621606840997,99.79378750584938,False
22.333333333333346,Gold,2,1012.4144667304929,260.66999695648065,154.11932142092294,270.38751774856246,1.0,0.0,0.6633958925133143,2053.4519234285904,False
22.350000000000012,Blue,3,1029.0346391691019,443.8092422602306,227.79424368025138,247.9582859997077,1.0,0.0,0.4830685976131974,103.90980889845022,False
22.350000000000012,Gold,2,1015.1750077733717,264.146891778058,155.67303588777176,266.3715150293421,0.0,0.0,0.7291362623721636,2058.7539286741626,False
22.366666666666678,Blue,3,1026.7142171468436,447.23197145161,228.9079057851091,248.10876752756099,1.0,0.0,0.5055227151798718,108.88178725588928,False
22.366666666666678,Gold,2,1017.8543210573512,267.6862532427353,157.12872976774048,266.3472870236617,1.0,0.0,0.6790231884432956,2063.169347294491,False
22.383333333333344,Blue,3,1024.311368355578,450.6016814996954,229.9381582727398,248.3204809085918,1.0,0.0,0.467763434276268,113.0044893268204,False
22.383333333333344,Gold,2,1020.4491229384173,271.2864675982722,158.72854952466588,266.2711864773859,1.0,0.0,0.7462250595921507,2068.548434868267,False
22.40000000000001,Blue,3,1021.8284828622664,453.9186624733401,230.89543136114503,248.59907350733536,1.0,0.0,0.4347630750522846,117.91804636350346,False
22.40000000000001,Gold,2,1022.9570553427537,274.9456527037994,160.2180818996062,266.16855203505315,1.0,0.0,0.6947029963967282,2072.9594507917423,False
22.416666666666675,Blue,3,1019.2679763247976,457.18348035064076,231.78876494724614,248.94743662328514,1.0,0.0,0.4058888548024626,122.05173722261092,False
22.416666666666675,Gold,2,1025.3748721786603,278.66190601377093,161.8558178156879,266.0130765528746,1.0,0.0,0.7637061410334809,2078.4202056237727,False
22.43333333333334,Blue,3,1016.6319429330886,460.396262164119,232.73816010236666,249.34775010735046,1.0,0.0,0.4315801699201174,126.19895880294894,False
22.43333333333334,Gold,2,1027.700285255647,282.43310668393224,163.3814242360572,265.83115262076734,1.0,0.0,0.7112523615711002,2082.8245492884153,False
22.450000000000006,Blue,3,1013.9225327358638,463.55744483050916,233.62055369477102,249.80457578195274,1.0,0.0,0.4013570719948092,131.06570857441096,False
22.450000000000006,Gold,3,1029.9301094754023,286.2570550579613,165.0579017353414,265.59538773421264,1.0,0.0,0.7813768892834272,2088.3705981280846,False
